Enabled,DelayMinutes,Trades,NormalTrades,EconomicTrades,Gross,AccountNet,NormalGross,NormalAccountNet,NonNormalAccountNet,PF,MaxDD,PositiveWeekPct,WorstWeek,SyntheticTrades,CounterfactualGross,ExecutionRiskReserve,CalibrationErrorReserve,ConservativeGrossLower,ConservativePF,ConservativeMaxDD,ConservativePositiveWeekPct,ConservativeWorstWeek,ConservativeJanFebGross,ConservativeMarAprGross,ConservativeMayJunGross,DirectAccepted,DeferredAccepted,ActiveBlocked,StaticBlocked,CapBlocked,LossBlocked,DeferredExpired,DeferredGateBlocked,RecordedActiveObservationBlocked,RecordedFutureActiveBlocked,ForcedControlBlocked,ForcedControlActivated,ForcedControlStateMismatch
None,5.0,896,867,886,20483.77,17258.17,21014.74,17893.54,-635.37,1.4092,1453.95,77.78,-468.57,654,17199.52,1390.64,402.36,19221.73,1.356,1485.98,74.07,-496.8,2973.49,7629.66,8618.59,896,0,548,1347,0,28,0,0,0,0,0,0,0
None,10.0,861,832,851,21034.33,17934.73,21565.3,18570.1,-635.37,1.4445,1036.53,77.78,-468.57,630,17565.58,1460.58,383.94,19720.78,1.3863,1114.74,74.07,-496.8,3130.47,7537.61,9052.71,861,0,593,1347,0,18,0,0,0,0,0,0,0
LongFailureRetestQuality,5.0,963,936,953,20485.02,17018.22,21159.99,17790.39,-772.17,1.363,1405.41,70.37,-806.46,729,17609.52,1693.06,489.62,18977.3,1.3063,1537.61,70.37,-1008.04,3993.77,6269.29,8714.24,963,0,633,1188,0,35,0,0,0,0,0,0,0
LongFailureRetestQuality,10.0,923,896,913,22410.33,19087.53,23085.3,19859.7,-772.17,1.4263,1486.53,77.78,-712.08,699,19183.08,1738.34,466.35,20880.61,1.3645,1609.33,77.78,-876.06,5311.54,6487.68,9081.39,923,0,688,1188,0,20,0,0,0,0,0,0,0
LongOcWideLowRR,5.0,985,961,977,18209.05,14663.05,18804.52,15344.92,-681.87,1.3057,1741.83,77.78,-1718.16,748,14676.55,3087.01,503.2,15214.31,1.2189,2010.63,62.96,-2010.63,2123.33,5426.37,7664.61,985,0,757,1030,1,46,0,0,0,0,0,0,0
LongOcWideLowRR,10.0,939,915,931,17475.7,14095.3,18071.17,14777.17,-681.87,1.3061,1699.44,70.37,-1433.01,719,14112.7,3169.93,477.99,14423.26,1.2144,2056.6,66.67,-1729.97,1164.58,5514.44,7744.24,939,0,808,1030,0,42,0,0,0,0,0,0,0
LongFailureObservationLowRR,5.0,985,958,975,17148.7,13602.7,17963.17,14514.37,-911.67,1.2979,1669.22,70.37,-609.87,759,14167.45,1811.96,515.8,15635.41,1.238,2310.45,70.37,-656.94,507.99,7236.72,7890.69,985,0,712,1079,0,43,0,0,0,0,0,0,0
LongFailureObservationLowRR,10.0,942,915,932,16817.11,13425.91,17288.08,13994.08,-568.17,1.3056,2012.42,74.07,-609.87,726,13327.36,1803.86,490.59,14993.63,1.2439,2117.18,74.07,-656.94,1877.19,5328.99,7787.45,942,0,748,1079,0,50,0,0,0,0,0,0,0
LongFailureRetestQuality;LongOcWideLowRR,5.0,1048,1025,1040,19921.14,16148.34,20726.61,17036.61,-888.27,1.3086,1898.13,77.78,-1648.68,817,16491.39,3244.77,576.88,16904.96,1.2239,2131.38,74.07,-1955.65,3952.48,4472.81,8479.67,1048,0,856,871,1,43,0,0,0,0,0,0,0
LongFailureRetestQuality;LongOcWideLowRR,10.0,1002,979,994,20597.04,16989.84,21402.51,17878.11,-888.27,1.3388,1795.65,74.07,-1350.33,785,17247.54,3309.7,550.71,17542.11,1.2482,2015.81,70.37,-1642.15,3861.28,5046.97,8633.86,1002,0,914,871,0,32,0,0,0,0,0,0,0
LongFailureObservationLowRR;LongFailureRetestQuality,5.0,1024,999,1014,17386.95,13700.55,18345.42,14749.02,-1048.47,1.2823,1572.75,70.37,-1124.73,802,14893.95,1945.85,566.22,15833.35,1.2221,1614.51,70.37,-1305.72,2573.38,6227.57,7032.4,1024,0,818,920,1,56,0,0,0,0,0,0,0
LongFailureObservationLowRR;LongFailureRetestQuality,10.0,974,949,964,17918.61,14412.21,18533.58,15117.18,-704.97,1.3102,1695.0,74.07,-821.73,762,14901.36,1930.96,535.19,16067.43,1.2475,1745.0,74.07,-982.7,3530.21,5506.87,7030.35,974,0,862,920,0,63,0,0,0,0,0,0,0
LongFailureObservationLowRR;LongOcWideLowRR,5.0,1058,1035,1050,16107.85,12299.05,16698.82,12972.82,-673.77,1.2438,1902.6,70.37,-1757.43,834,12796.6,3177.39,596.27,12925.16,1.1604,2959.63,62.96,-1942.85,-193.57,5242.49,7876.25,1058,0,931,762,2,66,0,0,0,0,0,0,0
LongFailureObservationLowRR;LongOcWideLowRR,10.0,1015,992,1007,14578.51,10924.51,15169.48,11598.28,-673.77,1.2221,2110.52,70.37,-1736.76,803,11103.76,3173.67,570.1,11425.72,1.1382,2817.7,55.56,-1949.94,298.3,3916.5,7210.91,1015,0,985,762,0,57,0,0,0,0,0,0,0
LongFailureObservationLowRR;LongFailureRetestQuality;LongOcWideLowRR,5.0,1094,1072,1086,17302.38,13363.98,18103.35,14244.15,-880.17,1.2521,2066.4,77.78,-1695.45,874,14257.38,3241.27,641.84,14220.24,1.1699,2201.81,70.37,-1893.03,2154.01,4895.93,7170.3,1094,0,1050,603,2,70,0,0,0,0,0,0,0
LongFailureObservationLowRR;LongFailureRetestQuality;LongOcWideLowRR,10.0,1046,1024,1038,16340.01,12574.41,17140.98,13454.58,-880.17,1.2443,1979.7,74.07,-1537.98,837,13150.26,3242.06,610.82,13288.1,1.1606,2108.7,59.26,-1742.33,2276.61,4170.53,6840.97,1046,0,1104,603,0,66,0,0,0,0,0,0,0
