TrainingSegment,Month,Trades,GrossDollars,CommissionDollars,NetDollars,GrossPF,MaxDrawdownNet
2025-Q4,2025-10,213,-1109.0,766.8,-1875.8,0.8724,-1945.8
2025-Q4,2025-11,108,598.51,388.8,209.71,1.1051,-1388.39
2025-Q4,2025-12,204,1494.5,734.4,760.1,1.192,-1036.5
2025-SpringSummer,2025-04,74,-2773.0,266.4,-3039.4,0.4476,-3473.5
2025-SpringSummer,2025-05,157,52.49,565.2,-512.71,1.0072,-1887.21
2025-SpringSummer,2025-06,161,225.49,579.6,-354.11,1.0343,-1912.3
2025-SpringSummer,2025-07,204,-1317.51,734.4,-2051.91,0.8175,-3206.61
2026-H1,2026-01,180,4298.01,648.0,3650.01,1.6348,-706.8
2026-H1,2026-02,123,3070.5,442.8,2627.7,1.5573,-1533.7
2026-H1,2026-03,127,4038.5,457.2,3581.3,1.6428,-843.4
2026-H1,2026-04,194,7964.5,698.4,7266.1,2.0955,-894.8
2026-H1,2026-05,135,5557.0,486.0,5071.0,1.9439,-836.2
2026-H1,2026-06,102,4629.5,367.2,4262.3,1.9414,-652.8
2026-JulyStress,2026-07,65,544.01,234.0,310.01,1.1413,-1200.6
