TrainingSegment,WeekStart,Trades,GrossDollars,CommissionDollars,NetDollars,GrossPF,MaxDrawdownNet
2025-Q4,2025-09-29,40,-66.0,144.0,-210.0,0.95,-507.3
2025-Q4,2025-10-06,53,-511.0,190.8,-701.8,0.7375,-666.1
2025-Q4,2025-10-13,22,-430.5,79.2,-509.7,0.6819,-599.2
2025-Q4,2025-10-20,59,335.0,212.4,122.6,1.1499,-580.3
2025-Q4,2025-10-27,39,-436.5,140.4,-576.9,0.7624,-921.3
2025-Q4,2025-11-03,36,953.5,129.6,823.9,1.4309,-636.5
2025-Q4,2025-11-10,38,518.5,136.8,381.7,1.3323,-812.4
2025-Q4,2025-11-17,20,-176.49,72.0,-248.49,0.8416,-525.09
2025-Q4,2025-11-24,14,-697.0,50.4,-747.4,0.139,-634.5
2025-Q4,2025-12-01,29,150.0,104.4,45.6,1.1099,-852.4
2025-Q4,2025-12-08,53,911.0,190.8,720.2,1.5563,-387.7
2025-Q4,2025-12-15,45,91.0,162.0,-71.0,1.0442,-922.2
2025-Q4,2025-12-22,35,198.0,126.0,72.0,1.1781,-372.2
2025-Q4,2025-12-29,42,144.5,151.2,-6.7,1.0896,-500.2
2025-SpringSummer,2025-03-31,23,-179.5,82.8,-262.3,0.8598,-1131.3
2025-SpringSummer,2025-04-07,5,624.5,18.0,606.5,inf,0.0
2025-SpringSummer,2025-04-14,16,-1065.0,57.6,-1122.6,0.1913,-1133.4
2025-SpringSummer,2025-04-21,17,-1091.0,61.2,-1152.2,0.1399,-1120.4
2025-SpringSummer,2025-04-28,27,-668.5,97.2,-765.7,0.6086,-1353.0
2025-SpringSummer,2025-05-05,29,-1030.51,104.4,-1134.91,0.3415,-1103.51
2025-SpringSummer,2025-05-12,53,212.0,190.8,21.2,1.0932,-1123.2
2025-SpringSummer,2025-05-19,35,48.0,126.0,-78.0,1.0263,-798.8
2025-SpringSummer,2025-05-26,26,429.5,93.6,335.9,1.3946,-837.7
2025-SpringSummer,2025-06-02,36,-527.99,129.6,-657.59,0.6851,-1037.79
2025-SpringSummer,2025-06-09,40,212.5,144.0,68.5,1.1247,-868.1
2025-SpringSummer,2025-06-16,25,-853.01,90.0,-943.01,0.4189,-1046.31
2025-SpringSummer,2025-06-23,59,1426.99,212.4,1214.59,1.8387,-827.4
2025-SpringSummer,2025-06-30,19,-560.5,68.4,-628.9,0.4697,-597.5
2025-SpringSummer,2025-07-07,35,-765.51,126.0,-891.51,0.553,-1132.0
2025-SpringSummer,2025-07-14,41,-737.5,147.6,-885.1,0.4683,-980.0
2025-SpringSummer,2025-07-21,56,117.5,201.6,-84.1,1.0642,-877.7
2025-SpringSummer,2025-07-28,54,595.5,194.4,401.1,1.4704,-354.6
2026-H1,2025-12-29,12,480.5,43.2,437.3,2.555,-166.9
2026-H1,2026-01-05,33,56.51,118.8,-62.29,1.0487,-459.8
2026-H1,2026-01-12,56,1493.5,201.6,1291.9,1.7595,-623.4
2026-H1,2026-01-19,25,602.99,90.0,512.99,1.5031,-411.0
2026-H1,2026-01-26,54,1664.51,194.4,1470.11,1.7793,-706.8
2026-H1,2026-02-02,28,1217.5,100.8,1116.7,2.0062,-738.5
2026-H1,2026-02-09,41,1962.5,147.6,1814.9,2.2018,-794.5
2026-H1,2026-02-16,33,-58.0,118.8,-176.8,0.9662,-531.8
2026-H1,2026-02-23,21,-51.5,75.6,-127.1,0.946,-943.8
2026-H1,2026-03-02,15,-219.0,54.0,-273.0,0.8023,-709.8
2026-H1,2026-03-09,26,428.0,93.6,334.4,1.324,-377.1
2026-H1,2026-03-16,53,2886.0,190.8,2695.2,2.2622,-520.6
2026-H1,2026-03-23,26,185.5,93.6,91.9,1.1345,-386.1
2026-H1,2026-03-30,23,2573.5,82.8,2490.7,5.1341,-142.1
2026-H1,2026-04-06,23,207.5,82.8,124.7,1.1625,-608.1
2026-H1,2026-04-13,53,794.5,190.8,603.7,1.4621,-430.7
2026-H1,2026-04-20,62,2886.5,223.2,2663.3,2.3457,-425.6
2026-H1,2026-04-27,51,2640.0,183.6,2456.4,2.3073,-542.0
2026-H1,2026-05-04,44,540.5,158.4,382.1,1.2707,-551.3
2026-H1,2026-05-11,42,3138.0,151.2,2986.8,2.9848,-355.8
2026-H1,2026-05-18,14,1425.0,50.4,1374.6,2.9192,-382.3
2026-H1,2026-05-25,24,74.0,86.4,-12.4,1.0596,-440.1
2026-H1,2026-06-01,36,1442.5,129.6,1312.9,1.9349,-594.4
2026-H1,2026-06-08,11,1277.5,39.6,1237.9,3.2611,-249.0
2026-H1,2026-06-15,25,1325.0,90.0,1235.0,2.2383,-549.8
2026-H1,2026-06-22,24,1124.0,86.4,1037.6,1.9367,-337.8
2026-H1,2026-06-29,6,-539.5,21.6,-561.1,0.0,-448.5
2026-JulyStress,2026-06-29,7,301.0,25.2,275.8,2.1005,-150.1
2026-JulyStress,2026-07-06,19,-416.0,68.4,-484.4,0.681,-587.0
2026-JulyStress,2026-07-13,12,137.5,43.2,94.3,1.1723,-642.1
2026-JulyStress,2026-07-20,22,544.51,79.2,465.31,1.4449,-437.6
2026-JulyStress,2026-07-27,5,-23.0,18.0,-41.0,0.908,-260.8
