SnapshotID,Time,Bar,ZoneID,ZoneType,Direction,Low,High,CreatedTime,CreatedBar,Freshness,TouchCount,Mitigated,Source,DetectorVersion
"OPF-20260725-101827","2026-04-07T23:15:00.0000000",1026,"20260407-2315-BullFVG-001026","BullFVG","Bull",24953.25,24962.00,"2026-04-07T23:15:00.0000000",1026,"Fresh",0,False,"M5FVG","OPF_ZONE_0.1"
"OPF-20260725-101827","2026-04-08T01:20:00.0000000",1051,"20260408-0120-BearFVG-001051","BearFVG","Bear",25072.25,25084.25,"2026-04-08T01:20:00.0000000",1051,"Fresh",0,False,"M5FVG","OPF_ZONE_0.1"
"OPF-20260725-101827","2026-04-08T01:35:00.0000000",1054,"20260408-0135-BullFVG-001054","BullFVG","Bull",25075.25,25081.00,"2026-04-08T01:35:00.0000000",1054,"Fresh",0,False,"M5FVG","OPF_ZONE_0.1"
"OPF-20260725-101827","2026-04-08T04:00:00.0000000",1083,"20260408-0400-BullFVG-001083","BullFVG","Bull",25100.00,25102.75,"2026-04-08T04:00:00.0000000",1083,"Fresh",0,False,"M5FVG","OPF_ZONE_0.1"
"OPF-20260725-101827","2026-04-08T04:05:00.0000000",1084,"20260408-0405-BullFVG-001084","BullFVG","Bull",25104.25,25114.50,"2026-04-08T04:05:00.0000000",1084,"Fresh",0,False,"M5FVG","OPF_ZONE_0.1"
"OPF-20260725-101827","2026-04-08T04:10:00.0000000",1085,"20260408-0410-BullFVG-001085","BullFVG","Bull",25117.00,25121.50,"2026-04-08T04:10:00.0000000",1085,"Fresh",0,False,"M5FVG","OPF_ZONE_0.1"
"OPF-20260725-101827","2026-04-08T04:15:00.0000000",1086,"20260408-0415-BullFVG-001086","BullFVG","Bull",25129.25,25132.75,"2026-04-08T04:15:00.0000000",1086,"Fresh",0,False,"M5FVG","OPF_ZONE_0.1"
"OPF-20260725-101827","2026-04-08T05:20:00.0000000",1099,"20260408-0520-BullFVG-001099","BullFVG","Bull",25132.00,25132.50,"2026-04-08T05:20:00.0000000",1099,"Fresh",0,False,"M5FVG","OPF_ZONE_0.1"
"OPF-20260725-101827","2026-04-08T05:25:00.0000000",1100,"20260408-0525-BullFVG-001100","BullFVG","Bull",25138.50,25148.25,"2026-04-08T05:25:00.0000000",1100,"Fresh",0,False,"M5FVG","OPF_ZONE_0.1"
"OPF-20260725-101827","2026-04-08T05:30:00.0000000",1101,"20260408-0530-BullFVG-001101","BullFVG","Bull",25154.00,25155.50,"2026-04-08T05:30:00.0000000",1101,"Fresh",0,False,"M5FVG","OPF_ZONE_0.1"
"OPF-20260725-101827","2026-04-08T05:55:00.0000000",1106,"20260408-0555-BullFVG-001106","BullFVG","Bull",25171.50,25181.50,"2026-04-08T05:55:00.0000000",1106,"Fresh",0,False,"M5FVG","OPF_ZONE_0.1"
"OPF-20260725-101827","2026-04-08T06:25:00.0000000",1112,"20260408-0625-BearFVG-001112","BearFVG","Bear",25177.00,25184.75,"2026-04-08T06:25:00.0000000",1112,"Fresh",0,False,"M5FVG","OPF_ZONE_0.1"
"OPF-20260725-101827","2026-04-08T07:05:00.0000000",1120,"20260408-0705-BearFVG-001120","BearFVG","Bear",25162.00,25165.25,"2026-04-08T07:05:00.0000000",1120,"Fresh",0,False,"M5FVG","OPF_ZONE_0.1"
"OPF-20260725-101827","2026-04-08T07:35:00.0000000",1126,"20260408-0735-BearFVG-001126","BearFVG","Bear",25158.25,25163.25,"2026-04-08T07:35:00.0000000",1126,"Fresh",0,False,"M5FVG","OPF_ZONE_0.1"
"OPF-20260725-101827","2026-04-08T08:20:00.0000000",1135,"20260408-0820-BullFVG-001135","BullFVG","Bull",25158.75,25159.25,"2026-04-08T08:20:00.0000000",1135,"Fresh",0,False,"M5FVG","OPF_ZONE_0.1"
"OPF-20260725-101827","2026-04-08T08:50:00.0000000",1141,"20260408-0850-BullFVG-001141","BullFVG","Bull",25178.25,25182.25,"2026-04-08T08:50:00.0000000",1141,"Fresh",0,False,"M5FVG","OPF_ZONE_0.1"
"OPF-20260725-101827","2026-04-08T09:00:00.0000000",1143,"20260408-0900-BullFVG-001143","BullFVG","Bull",25196.50,25204.25,"2026-04-08T09:00:00.0000000",1143,"Fresh",0,False,"M5FVG","OPF_ZONE_0.1"
"OPF-20260725-101827","2026-04-08T09:30:00.0000000",1149,"20260408-0930-BearFVG-001149","BearFVG","Bear",25221.50,25225.00,"2026-04-08T09:30:00.0000000",1149,"Fresh",0,False,"M5FVG","OPF_ZONE_0.1"
"OPF-20260725-101827","2026-04-08T10:25:00.0000000",1160,"20260408-1025-BullFVG-001160","BullFVG","Bull",25197.50,25198.25,"2026-04-08T10:25:00.0000000",1160,"Fresh",0,False,"M5FVG","OPF_ZONE_0.1"
"OPF-20260725-101827","2026-04-08T11:00:00.0000000",1167,"20260408-1100-BearFVG-001167","BearFVG","Bear",25205.25,25206.00,"2026-04-08T11:00:00.0000000",1167,"Fresh",0,False,"M5FVG","OPF_ZONE_0.1"
"OPF-20260725-101827","2026-04-08T11:25:00.0000000",1172,"20260408-1125-BullFVG-001172","BullFVG","Bull",25201.50,25211.75,"2026-04-08T11:25:00.0000000",1172,"Fresh",0,False,"M5FVG","OPF_ZONE_0.1"
"OPF-20260725-101827","2026-04-08T12:25:00.0000000",1184,"20260408-1225-BearFVG-001184","BearFVG","Bear",25197.50,25206.25,"2026-04-08T12:25:00.0000000",1184,"Fresh",0,False,"M5FVG","OPF_ZONE_0.1"
"OPF-20260725-101827","2026-04-08T12:50:00.0000000",1189,"20260408-1250-BullFVG-001189","BullFVG","Bull",25196.25,25198.00,"2026-04-08T12:50:00.0000000",1189,"Fresh",0,False,"M5FVG","OPF_ZONE_0.1"
"OPF-20260725-101827","2026-04-08T13:20:00.0000000",1195,"20260408-1320-BearFVG-001195","BearFVG","Bear",25213.75,25222.00,"2026-04-08T13:20:00.0000000",1195,"Fresh",0,False,"M5FVG","OPF_ZONE_0.1"
"OPF-20260725-101827","2026-04-08T16:05:00.0000000",1228,"20260408-1605-BullFVG-001228","BullFVG","Bull",25089.25,25091.00,"2026-04-08T16:05:00.0000000",1228,"Fresh",0,False,"M5FVG","OPF_ZONE_0.1"
"OPF-20260725-101827","2026-04-08T16:15:00.0000000",1230,"20260408-1615-BearFVG-001230","BearFVG","Bear",25088.00,25091.00,"2026-04-08T16:15:00.0000000",1230,"Fresh",0,False,"M5FVG","OPF_ZONE_0.1"
"OPF-20260725-101827","2026-04-08T16:35:00.0000000",1234,"20260408-1635-BullFVG-001234","BullFVG","Bull",25097.00,25106.00,"2026-04-08T16:35:00.0000000",1234,"Fresh",0,False,"M5FVG","OPF_ZONE_0.1"
"OPF-20260725-101827","2026-04-08T16:40:00.0000000",1235,"20260408-1640-BullFVG-001235","BullFVG","Bull",25111.75,25116.25,"2026-04-08T16:40:00.0000000",1235,"Fresh",0,False,"M5FVG","OPF_ZONE_0.1"
"OPF-20260725-101827","2026-04-08T16:45:00.0000000",1236,"20260408-1645-BullFVG-001236","BullFVG","Bull",25122.00,25128.00,"2026-04-08T16:45:00.0000000",1236,"Fresh",0,False,"M5FVG","OPF_ZONE_0.1"
"OPF-20260725-101827","2026-04-08T16:50:00.0000000",1237,"20260408-1650-BullFVG-001237","BullFVG","Bull",25137.00,25138.00,"2026-04-08T16:50:00.0000000",1237,"Fresh",0,False,"M5FVG","OPF_ZONE_0.1"
"OPF-20260725-101827","2026-04-08T17:10:00.0000000",1241,"20260408-1710-BearFVG-001241","BearFVG","Bear",25133.50,25137.00,"2026-04-08T17:10:00.0000000",1241,"Fresh",0,False,"M5FVG","OPF_ZONE_0.1"
"OPF-20260725-101827","2026-04-08T17:25:00.0000000",1244,"20260408-1725-BearFVG-001244","BearFVG","Bear",25101.75,25106.00,"2026-04-08T17:25:00.0000000",1244,"Fresh",0,False,"M5FVG","OPF_ZONE_0.1"
"OPF-20260725-101827","2026-04-08T18:40:00.0000000",1259,"20260408-1840-BearFVG-001259","BearFVG","Bear",25044.50,25051.75,"2026-04-08T18:40:00.0000000",1259,"Fresh",0,False,"M5FVG","OPF_ZONE_0.1"
"OPF-20260725-101827","2026-04-08T18:45:00.0000000",1260,"20260408-1845-BearFVG-001260","BearFVG","Bear",25030.00,25040.25,"2026-04-08T18:45:00.0000000",1260,"Fresh",0,False,"M5FVG","OPF_ZONE_0.1"
"OPF-20260725-101827","2026-04-08T18:55:00.0000000",1262,"20260408-1855-BearFVG-001262","BearFVG","Bear",24995.25,25000.50,"2026-04-08T18:55:00.0000000",1262,"Fresh",0,False,"M5FVG","OPF_ZONE_0.1"
"OPF-20260725-101827","2026-04-08T19:35:00.0000000",1270,"20260408-1935-BullFVG-001270","BullFVG","Bull",24985.50,24990.25,"2026-04-08T19:35:00.0000000",1270,"Fresh",0,False,"M5FVG","OPF_ZONE_0.1"
"OPF-20260725-101827","2026-04-08T19:50:00.0000000",1273,"20260408-1950-BullFVG-001273","BullFVG","Bull",25015.75,25027.00,"2026-04-08T19:50:00.0000000",1273,"Fresh",0,False,"M5FVG","OPF_ZONE_0.1"
"OPF-20260725-101827","2026-04-08T20:10:00.0000000",1277,"20260408-2010-BearFVG-001277","BearFVG","Bear",25063.75,25073.75,"2026-04-08T20:10:00.0000000",1277,"Fresh",0,False,"M5FVG","OPF_ZONE_0.1"
"OPF-20260725-101827","2026-04-08T20:40:00.0000000",1283,"20260408-2040-BearFVG-001283","BearFVG","Bear",25044.25,25046.50,"2026-04-08T20:40:00.0000000",1283,"Fresh",0,False,"M5FVG","OPF_ZONE_0.1"
