SnapshotID,SignalID,ResearchPath,TradeID,Classification,PredictedExitRole,PredictedGross,PredictedNet
OPF-20260725-093115,20260224-0025-BEAR-OBS-001121-Z001121-OC,ObservationConfirm,20260224-0030-Short-1122,Normal,SL,-120.0,-123.6
OPF-20260725-093115,20260224-0320-BULL-OBS-001156-Z001156-OC,ObservationConfirm,20260224-0325-Long-1157,Normal,SL,-27.0,-30.6
OPF-20260725-093115,20260224-0505-BULL-OBS-001177-Z001177-OC,ObservationConfirm,20260224-0510-Long-1178,Normal,SL,-18.5,-22.1
OPF-20260725-093115,20260224-0545-BULL-OBS-001185-Z001143-OC,ObservationConfirm_WideStop1_5R,20260224-0550-Long-1186,Normal,TIME_STOP,22.5,18.9
OPF-20260725-093115,20260224-0850-BEAR-OBS-001222-Z001222,ZoneBirthResearch,20260224-0850-Short-1222,Normal,SPLIT_BASE_SL_RUNNER_SL,-37.5,-41.1
OPF-20260725-093115,20260224-1000-BULL-OBS-001236-Z001236-OC,ObservationConfirm,20260224-1005-Long-1237,Normal,SL,-31.5,-35.1
OPF-20260725-093115,20260224-1030-BULL-PB-001242-Z001234,AlmostConfirmed,20260224-1030-Long-1242,Normal,SL,-27.0,-30.6
OPF-20260725-093115,20260224-1030-BULL-OBS-001242-Z001234-OC,ObservationConfirm_WideStop1_5R,,Normal,SL,-126.72,-130.32
OPF-20260725-093115,20260224-1110-BULL-OBS-001250-Z001233-OC,ObservationConfirm,20260224-1115-Long-1251,Normal,SL,-39.0,-42.6
OPF-20260725-093115,20260224-1220-BEAR-OBS-001264-Z001264,ZoneBirthResearch,20260224-1220-Short-1264,Normal,SPLIT_BASE_TP_RUNNER_BE,165.0,161.4
OPF-20260725-093332,20260616-2245-BEAR-OBS-001113-Z001113,ZoneBirthResearch,20260616-2245-Short-1113,Normal,SPLIT_BASE_SL_RUNNER_SL,-34.0,-37.6
OPF-20260725-093332,20260617-0035-BULL-OBS-001135-Z001135-OC,ObservationConfirm,20260617-0040-Long-1136,Normal,SL,-58.5,-62.1
OPF-20260725-093332,20260617-0125-BULL-OBS-001145-Z001145-OC,ObservationConfirm,20260617-0130-Long-1146,Normal,TP,270.0,266.4
OPF-20260725-093332,20260617-0420-BULL-OBS-001180-Z001180-OC,ObservationConfirm,20260617-0425-Long-1181,Normal,SL,-29.0,-32.6
OPF-20260725-093332,20260617-0525-BULL-OBS-001193-Z001192-OC,ObservationConfirm_WideStop1_5R,20260617-0530-Long-1194,Normal,TIME_STOP,-61.5,-65.1
OPF-20260725-093332,20260617-0645-BULL-OBS-001209-Z001209-OC,ObservationConfirm,20260617-0650-Long-1210,Normal,TP,246.0,242.4
OPF-20260725-093332,20260617-0815-BEAR-OBS-001227-Z001227-OC,ObservationConfirm,20260617-0820-Short-1228,Normal,TP,180.75,177.15
OPF-20260725-093332,20260617-1130-BEAR-OBS-001266-Z001266,ZoneBirthResearch,20260617-1130-Short-1266,Normal,SPLIT_BASE_TP_RUNNER_TP,229.5,225.9
OPF-20260725-093332,20260617-1300-BEAR-OBS-001284-Z001284,ZoneBirthResearch,20260617-1300-Short-1284,Normal,SPLIT_BASE_TP_RUNNER_BE,75.0,71.4
