Selection,Week,Trades,Gross,Net
LatchedBaseline,2025-12-29/2026-01-04,14,336.0,285.6
LatchedBaseline,2026-01-05/2026-01-11,57,277.01,71.81000000000014
LatchedBaseline,2026-01-12/2026-01-18,58,1277.5,1068.7000000000003
LatchedBaseline,2026-01-19/2026-01-25,26,413.49,319.89000000000004
LatchedBaseline,2026-01-26/2026-02-01,54,1352.5,1158.1000000000001
LatchedBaseline,2026-02-02/2026-02-08,28,561.5,460.70000000000005
LatchedBaseline,2026-02-09/2026-02-15,47,2093.0,1923.8000000000002
LatchedBaseline,2026-02-16/2026-02-22,35,529.5,403.50000000000006
LatchedBaseline,2026-02-23/2026-03-01,21,-948.0,-1023.6
LatchedBaseline,2026-03-02/2026-03-08,25,-406.49,-496.4899999999999
LatchedBaseline,2026-03-09/2026-03-15,24,-394.0,-480.39999999999986
LatchedBaseline,2026-03-16/2026-03-22,55,2838.5,2640.5
LatchedBaseline,2026-03-23/2026-03-29,32,159.5,44.30000000000007
LatchedBaseline,2026-03-30/2026-04-05,29,2091.99,1987.59
LatchedBaseline,2026-04-06/2026-04-12,28,211.25,110.45000000000016
LatchedBaseline,2026-04-13/2026-04-19,38,472.5,335.7
LatchedBaseline,2026-04-20/2026-04-26,57,2768.0,2562.8
LatchedBaseline,2026-04-27/2026-05-03,49,1806.0,1629.6000000000001
LatchedBaseline,2026-05-04/2026-05-10,47,993.5,824.3000000000001
LatchedBaseline,2026-05-11/2026-05-17,46,2775.0,2609.4
LatchedBaseline,2026-05-18/2026-05-24,20,1676.5,1604.5
LatchedBaseline,2026-05-25/2026-05-31,27,1.0,-96.19999999999996
LatchedBaseline,2026-06-01/2026-06-07,40,1056.49,912.4900000000001
LatchedBaseline,2026-06-08/2026-06-14,14,991.0,940.6
LatchedBaseline,2026-06-15/2026-06-21,26,1427.5,1333.9
LatchedBaseline,2026-06-22/2026-06-28,26,1901.0,1807.3999999999999
LatchedBaseline,2026-06-29/2026-07-05,10,-657.01,-693.01
Top,2025-12-29/2026-01-04,14,336.0,285.6
Top,2026-01-05/2026-01-11,60,510.51,294.5100000000001
Top,2026-01-12/2026-01-18,56,1792.88,1591.28
Top,2026-01-19/2026-01-25,25,512.49,422.49
Top,2026-01-26/2026-02-01,52,1382.5,1195.3000000000002
Top,2026-02-02/2026-02-08,28,561.5,460.70000000000005
Top,2026-02-09/2026-02-15,43,1940.5,1785.7
Top,2026-02-16/2026-02-22,34,482.0,359.6000000000001
Top,2026-02-23/2026-03-01,21,-589.5,-665.1
Top,2026-03-02/2026-03-08,14,-584.0,-634.3999999999999
Top,2026-03-09/2026-03-15,18,-353.5,-418.29999999999995
Top,2026-03-16/2026-03-22,54,2810.5,2616.1000000000004
Top,2026-03-23/2026-03-29,31,239.0,127.40000000000006
Top,2026-03-30/2026-04-05,26,2258.99,2165.39
Top,2026-04-06/2026-04-12,24,121.25,34.850000000000136
Top,2026-04-13/2026-04-19,35,305.5,179.49999999999994
Top,2026-04-20/2026-04-26,57,2768.0,2562.8
Top,2026-04-27/2026-05-03,44,1541.5,1383.1000000000001
Top,2026-05-04/2026-05-10,47,993.5,824.3000000000001
Top,2026-05-11/2026-05-17,44,2717.5,2559.1
Top,2026-05-18/2026-05-24,17,1586.0,1524.8
Top,2026-05-25/2026-05-31,27,1.0,-96.19999999999996
Top,2026-06-01/2026-06-07,36,1299.5,1169.9
Top,2026-06-08/2026-06-14,12,1202.0,1158.8
Top,2026-06-15/2026-06-21,25,1349.5,1259.5
Top,2026-06-22/2026-06-28,25,1827.5,1737.5
Top,2026-06-29/2026-07-05,9,-577.5,-609.9
