Group,CandidateCount,StrictAcceptedFamilyTrades,LowerBoundAcceptedFamilyTrades,StrictWorstWeekDelta,LowerBoundWorstWeekDelta,BothViewsPositive,FourJointNonnegativeMonths,NoMonthOverHalfPositiveContribution,StrictAcceptedFamilyTradesAtLeast20,WorstWeekNotWorseByMoreThan250,StrictTotalContribution,LowerBoundTotalContribution,JointNonnegativeMonths,StrictPositiveMonthConcentration,LowerBoundPositiveMonthConcentration,Pass
FailureReverseInvalidated Long,1784,53,51,0.0,0.0,False,False,False,True,True,2087.49,-300.81,3,0.7461,0.6505,False
UnknownRegimeZoneTouch Long,1812,25,31,0.0,0.0,True,True,True,True,True,1660.05,1601.01,5,0.339,0.3844,True
StructureConfirmShadow Short,181,2,2,0.0,0.0,True,True,False,False,True,213.9,213.9,7,1.0,1.0,False
BreakawayFvg Long,284,5,5,0.0,0.0,True,True,False,False,True,34.5,10.5,7,1.0,1.0,False
AlmostConfirmed Short,91,0,0,0.0,0.0,False,True,True,False,True,0.0,0.0,7,0.0,0.0,False
AlmostConfirmed Long,136,0,1,0.0,0.0,False,True,False,False,True,0.0,50.28,7,0.0,1.0,False
ObservationStrictOther Long,664,2,2,0.0,0.0,False,True,True,False,True,0.0,0.0,7,0.0,0.0,False
ObservationStrictBullFresh Long,2014,47,46,0.0,0.0,False,True,True,True,True,0.0,0.0,7,0.0,0.0,False
BreakawayRetest Short,5,0,0,0.0,0.0,False,True,True,False,True,0.0,0.0,7,0.0,0.0,False
BreakawayRetest Long,12,0,0,0.0,0.0,False,True,True,False,True,0.0,0.0,7,0.0,0.0,False
TrendPullbackConfirmed Long,44,0,0,0.0,0.0,False,True,True,False,True,0.0,0.0,7,0.0,0.0,False
TrendPullbackConfirmed Short,23,0,0,0.0,0.0,False,True,True,False,True,0.0,0.0,7,0.0,0.0,False
ObservationStrictOther Short,2158,91,91,0.0,0.0,False,True,True,True,True,0.0,0.0,7,0.0,0.0,False
StructureConfirmShadow Long,432,3,3,0.0,0.0,False,True,False,False,True,-143.16,-143.16,6,1.0,1.0,False
FailureReverseRetestFailed Long,1094,18,18,0.0,0.0,False,True,True,False,True,-543.3,-589.83,6,0.4656,0.4789,False
BreakawayFvg Short,196,10,10,0.0,0.0,False,True,False,False,True,-572.91,-353.01,5,0.5487,0.5651,False
ShadowCandidate Short,145,4,3,0.0,0.0,False,True,False,False,True,-644.4,-95.25,6,1.0,1.0,False
FailureReverse_LongQualified Long,97,4,4,0.0,0.0,False,True,False,False,True,-663.12,-663.12,5,1.0,1.0,False
ShadowCandidate Long,231,4,4,0.0,0.0,False,True,False,False,True,-900.09,-860.25,6,0.5285,0.4104,False
ZoneBirthResearch Short,2507,225,229,234.0,234.0,False,False,False,True,True,-1209.21,-534.3,2,0.5893,0.5503,False
UnknownRegimeZoneTouch Short,1525,46,61,-15.6,-15.6,False,False,False,True,True,-1949.61,-1692.6,2,0.6612,0.7996,False
ZoneBirthResearch Long,2786,125,129,153.9,153.9,False,False,False,True,True,-2613.21,-5587.32,2,0.4561,0.8286,False
FailureReverseRetestFailed Short,1226,45,47,0.0,0.0,False,False,False,True,True,-5070.69,-4463.85,1,0.6561,1.0,False
ObservationConfirm Long,7170,108,105,-635.55,-737.55,False,False,False,True,False,-5465.49,-4601.85,2,0.6769,0.3931,False
FailureReverseInvalidated Short,1948,148,145,14.1,14.1,False,False,False,True,True,-5579.67,-1461.27,1,1.0,0.8809,False
ObservationConfirm Short,6206,183,179,0.0,0.0,False,False,False,True,True,-8460.0,-7677.24,1,1.0,0.6852,False
