Side,ResearchPath,Source,Trades,Gross,Net,Corner
Long,AlmostConfirmed,Direct,23,1047.75,964.95,QualityCorner
Long,BreakawayFvg_Qualified,Direct,5,9.75,-8.250000000000007,QualityCorner
Long,FailureReverse_ObservationInvalidated,Direct,15,666.75,612.75,QualityCorner
Long,FailureReverse_ObservationInvalidated_WideStop1_5R,Direct,5,387.03,369.03000000000003,QualityCorner
Long,ObservationConfirm,Direct,240,2808.0,1944.0000000000007,QualityCorner
Long,ObservationConfirm_WideStop1_5R,Direct,49,477.12,300.72000000000025,QualityCorner
Long,ObservationStrict_BullFresh_WideStop1_5R,Direct,9,-447.0,-479.4,QualityCorner
Long,ObservationStrict_Other,Direct,26,1018.5,924.8999999999999,QualityCorner
Long,ObservationStrict_Other_WideStop1_5R,Direct,5,-87.84000000000003,-105.84000000000003,QualityCorner
Short,BreakawayFvg,Direct,44,3864.75,3706.35,QualityCorner
Short,FailureReverse_ObservationInvalidated,Direct,21,-343.5,-419.09999999999997,QualityCorner
Short,FailureReverse_ObservationInvalidated_WideStop1_5R,Direct,25,2559.09,2469.09,QualityCorner
Short,FailureReverse_RetestFailed,Direct,10,12.75,-23.249999999999986,QualityCorner
Short,FailureReverse_RetestFailed_WideStop1_5R,Direct,12,-565.5,-608.6999999999999,QualityCorner
Short,ObservationConfirm,Direct,228,2847.75,2026.950000000001,QualityCorner
Short,ObservationConfirm_WideStop1_5R,Direct,11,71.16,31.560000000000052,QualityCorner
Short,ShadowCandidate,Direct,19,-730.5,-798.8999999999999,QualityCorner
Short,UnknownRegimeZoneTouch,Direct,16,-302.25,-359.8499999999999,QualityCorner
Short,ZoneBirthResearch,Direct,151,781.5,237.90000000000003,QualityCorner
Long,AlmostConfirmed,Direct,26,677.25,583.6500000000001,CapacityCorner
Long,BreakawayFvg_Qualified,Direct,5,161.25,143.25,CapacityCorner
Long,FailureReverse_ObservationInvalidated,Direct,18,444.75,379.95,CapacityCorner
Long,FailureReverse_ObservationInvalidated_WideStop1_5R,Direct,5,387.03,369.03000000000003,CapacityCorner
Long,ObservationConfirm,Deferred,41,666.0,518.4000000000001,CapacityCorner
Long,ObservationConfirm,Direct,244,2196.0,1317.6000000000008,CapacityCorner
Long,ObservationConfirm_WideStop1_5R,Direct,54,586.62,392.2200000000003,CapacityCorner
Long,ObservationStrict_BullFresh_WideStop1_5R,Deferred,2,148.5,141.3,CapacityCorner
Long,ObservationStrict_BullFresh_WideStop1_5R,Direct,9,-447.0,-479.4,CapacityCorner
Long,ObservationStrict_Other,Deferred,5,66.0,48.000000000000014,CapacityCorner
Long,ObservationStrict_Other,Direct,29,769.5,665.1,CapacityCorner
Long,ObservationStrict_Other_WideStop1_5R,Deferred,3,-146.2199999999939,-157.01999999999387,CapacityCorner
Long,ObservationStrict_Other_WideStop1_5R,Direct,6,-116.34000000000003,-137.94,CapacityCorner
Short,BreakawayFvg,Deferred,5,402.0,383.99999999999994,CapacityCorner
Short,BreakawayFvg,Direct,51,4422.0,4238.4,CapacityCorner
Short,FailureReverse_ObservationInvalidated,Direct,26,228.75,135.15000000000006,CapacityCorner
Short,FailureReverse_ObservationInvalidated_WideStop1_5R,Deferred,5,447.59999999998774,429.5999999999878,CapacityCorner
Short,FailureReverse_ObservationInvalidated_WideStop1_5R,Direct,27,2284.53,2187.33,CapacityCorner
Short,FailureReverse_RetestFailed,Deferred,4,16.5,2.1000000000000085,CapacityCorner
Short,FailureReverse_RetestFailed,Direct,12,-72.75,-115.94999999999999,CapacityCorner
Short,FailureReverse_RetestFailed_WideStop1_5R,Deferred,3,98.87999999999388,88.0799999999939,CapacityCorner
Short,FailureReverse_RetestFailed_WideStop1_5R,Direct,16,-771.75,-829.3499999999999,CapacityCorner
Short,ObservationConfirm,Deferred,35,192.0,66.00000000000009,CapacityCorner
Short,ObservationConfirm,Direct,238,3035.25,2178.4500000000007,CapacityCorner
Short,ObservationConfirm_WideStop1_5R,Deferred,1,-76.5,-80.1,CapacityCorner
Short,ObservationConfirm_WideStop1_5R,Direct,11,71.16,31.560000000000052,CapacityCorner
Short,ShadowCandidate,Deferred,4,58.5,44.100000000000016,CapacityCorner
Short,ShadowCandidate,Direct,19,-957.0,-1025.3999999999999,CapacityCorner
Short,TrendPullbackConfirmed,Deferred,2,-177.0,-184.2,CapacityCorner
Short,UnknownRegimeZoneTouch,Deferred,1,-64.5,-68.1,CapacityCorner
Short,UnknownRegimeZoneTouch,Direct,17,-341.25,-402.44999999999993,CapacityCorner
Short,ZoneBirthResearch,Deferred,4,37.5,23.100000000000023,CapacityCorner
Short,ZoneBirthResearch,Direct,164,-60.0,-650.3999999999999,CapacityCorner
