SnapshotID,TradingDate,SignalID,ResearchPath,Side,Lane,EntryTime,ExactRisk,MaxAllowedRisk,SubmissionStatus,SubmissionReason,ExitTime,ExitRole,Gross,Net,RiskDollars,Realized,IdentityKey
OPF-20260725-170210,2026-02-11,20260210-2330-BEAR-OBS-001110-Z001110,ZoneBirthResearch,Short,Primary,2026-02-10 23:30:00,7.0,8.0,Accepted,,2026-02-10 23:40:00,SPLIT_BASE_SL_RUNNER_SL,-42.0,-45.6,42.0,True,20260210-2330-BEAR-OBS-001110-Z001110|ZoneBirthResearch|Primary
OPF-20260725-170210,2026-02-11,20260211-0145-BULL-OBS-001137-Z001137-OC,ObservationConfirm_WideStop1_5R,Long,Primary,2026-02-11 01:50:00,18.0,22.0,Accepted,,2026-02-11 02:45:00,TIME_STOP,-27.0,-30.6,108.0,True,20260211-0145-BULL-OBS-001137-Z001137-OC|ObservationConfirm_WideStop1_5R|Primary
OPF-20260725-170210,2026-02-11,20260211-0200-BULL-OBS-001140-Z001137-OC,ObservationConfirm,Long,Secondary,2026-02-11 02:10:00,10.75,12.0,Accepted,,2026-02-11 02:40:00,SL,-64.5,-68.1,64.5,True,20260211-0200-BULL-OBS-001140-Z001137-OC|ObservationConfirm|Secondary
OPF-20260725-170210,2026-02-11,20260211-0305-BEAR-OBS-001153-Z001153-OC,ObservationConfirm,Short,Primary,2026-02-11 03:10:00,6.75,18.0,Accepted,,2026-02-11 03:20:00,TP,60.75,57.15,40.5,True,20260211-0305-BEAR-OBS-001153-Z001153-OC|ObservationConfirm|Primary
OPF-20260725-170210,2026-02-11,20260211-0330-BULL-OBS-001158-Z001158-OC,ObservationConfirm,Long,Primary,2026-02-11 03:35:00,7.5,12.0,Accepted,,2026-02-11 03:40:00,TP,67.5,63.9,45.0,True,20260211-0330-BULL-OBS-001158-Z001158-OC|ObservationConfirm|Primary
OPF-20260725-170210,2026-02-11,20260211-0330-BULL-OBS-001158-Z001158-OC,ObservationConfirm_WideStop1_5R,Long,Secondary,2026-02-11 03:35:00,11.75,18.0,Accepted,,2026-02-11 04:30:00,SL,-70.5,-74.1,70.5,True,20260211-0330-BULL-OBS-001158-Z001158-OC|ObservationConfirm_WideStop1_5R|Secondary
OPF-20260725-170210,2026-02-11,20260211-0440-BEAR-OBS-001172-Z001172,ZoneBirthResearch,Short,Primary,2026-02-11 04:40:00,7.416666666666665,8.0,Accepted,,2026-02-11 04:45:00,SPLIT_BASE_SL_RUNNER_SL,-44.5,-48.1,44.49999999999999,True,20260211-0440-BEAR-OBS-001172-Z001172|ZoneBirthResearch|Primary
OPF-20260725-170210,2026-02-11,20260211-0510-BULL-OBS-001178-Z001178-OC,ObservationConfirm,Long,Primary,2026-02-11 05:15:00,7.25,12.0,Accepted,,2026-02-11 05:25:00,SL,-43.5,-47.1,43.5,True,20260211-0510-BULL-OBS-001178-Z001178-OC|ObservationConfirm|Primary
OPF-20260725-170210,2026-02-11,20260211-0545-BEAR-OBS-001185-Z001185-OC,ObservationConfirm,Short,Primary,2026-02-11 05:55:00,6.166666666666666,11.0,Accepted,,2026-02-11 06:00:00,SL,-37.0,-40.6,37.0,True,20260211-0545-BEAR-OBS-001185-Z001185-OC|ObservationConfirm|Primary
OPF-20260725-170210,2026-02-11,20260211-1210-BULL-OBS-001262-Z001262-OC,ObservationConfirm_WideStop1_5R,Long,Primary,2026-02-11 12:20:00,23.666666666666664,25.0,Accepted,,2026-02-11 12:30:00,SL,-142.0,-145.6,142.0,True,20260211-1210-BULL-OBS-001262-Z001262-OC|ObservationConfirm_WideStop1_5R|Primary
OPF-20260725-170210,2026-02-11,20260211-1930-BULL-OBS-001350-Z001349-OC,ObservationConfirm_WideStop1_5R,Long,Primary,2026-02-11 19:40:00,19.0,22.0,Accepted,,2026-02-11 19:45:00,SL,-114.0,-117.6,114.0,False,20260211-1930-BULL-OBS-001350-Z001349-OC|ObservationConfirm_WideStop1_5R|Primary
