Arm,Variant,Mode,Trades,Net,PF,MaxDD,WinningDayPct,Q4Net,H1Net,SecondaryAccepted,SecondaryNet,SameDirectionOverlap,RiskBlocked,LossBlocked,LimitBlocked,DirectionBlocked,PeakRisk,SameDirectionOverlapPct,SecondaryExpectancy,NetDeltaVsAll,Q4DeltaVsAll,H1DeltaVsAll,MaxDDDeltaVsAll,StrictHarmful
Moderate_2plus1_R300,ALL,Observed,2129,4355.76,1.0726,3187.68,52.72,-1779.15,6134.92,450,1677.87,348,0,7,445,0,196.5,77.33,3.73,0.0,0.0,0.0,0.0,False
Moderate_2plus1_R300,ALL,Conservative,2129,3917.43,1.0649,3374.61,52.72,-1956.85,5874.28,450,1239.53,348,0,7,445,0,196.5,77.33,2.75,0.0,0.0,0.0,0.0,False
Moderate_2plus1_R300,DROP|Long|AlmostConfirmed,Observed,2126,4422.86,1.0738,3206.48,52.72,-1713.96,6136.82,447,1744.97,346,0,6,433,0,196.5,77.4,3.9,65.18000000000029,65.19999999999982,-0.019999999999527063,20.710000000000036,False
Moderate_2plus1_R300,DROP|Long|AlmostConfirmed,Conservative,2126,3982.61,1.0661,3395.32,52.72,-1891.65,5874.26,447,1304.71,346,0,6,433,0,196.5,77.4,2.92,65.18000000000029,65.19999999999982,-0.019999999999527063,20.710000000000036,False
Moderate_2plus1_R300,DROP|Long|BreakawayFvg_Qualified,Observed,2129,4333.26,1.0722,3210.18,52.17,-1779.15,6112.42,450,1655.37,348,0,7,441,0,196.5,77.33,3.68,-22.5,0.0,-22.5,22.5,False
Moderate_2plus1_R300,DROP|Long|BreakawayFvg_Qualified,Conservative,2129,3894.93,1.0645,3397.11,52.17,-1956.85,5851.78,450,1217.03,348,0,7,441,0,196.5,77.33,2.7,-22.5,0.0,-22.5,22.5,False
Moderate_2plus1_R300,DROP|Long|BreakawayRetest,Observed,2128,4251.96,1.0709,3187.68,52.72,-1779.15,6031.12,449,1574.07,347,0,7,444,0,196.5,77.28,3.51,-103.79999999999973,0.0,-103.80000000000018,0.0,False
Moderate_2plus1_R300,DROP|Long|BreakawayRetest,Conservative,2128,3813.63,1.0632,3374.61,52.72,-1956.85,5770.48,449,1135.73,347,0,7,444,0,196.5,77.28,2.53,-103.79999999999973,0.0,-103.80000000000018,0.0,False
Moderate_2plus1_R300,DROP|Long|FailureReverse_ObservationInvalidated,Observed,2125,4449.06,1.0743,3186.98,52.72,-1778.46,6227.52,446,1771.17,346,0,6,433,0,196.5,77.58,3.97,89.0300000000002,-3.5700000000001637,92.60000000000036,3.5599999999999454,False
Moderate_2plus1_R300,DROP|Long|FailureReverse_ObservationInvalidated,Conservative,2125,4006.46,1.0665,3378.17,52.72,-1960.42,5966.88,446,1328.56,346,0,6,433,0,196.5,77.58,2.98,89.0300000000002,-3.5700000000001637,92.60000000000036,3.5599999999999454,False
Moderate_2plus1_R300,DROP|Long|FailureReverse_ObservationInvalidated_WideStop1_5R,Observed,2126,4341.06,1.0724,3172.74,51.63,-1711.23,6052.3,447,1663.17,348,0,7,431,0,196.5,77.85,3.72,-14.699999999999818,67.91999999999985,-82.61999999999989,-14.940000000000055,False
Moderate_2plus1_R300,DROP|Long|FailureReverse_ObservationInvalidated_WideStop1_5R,Conservative,2126,3902.73,1.0647,3359.67,51.63,-1888.93,5791.66,447,1224.83,348,0,7,431,0,196.5,77.85,2.74,-14.699999999999818,67.91999999999985,-82.61999999999989,-14.940000000000055,False
Moderate_2plus1_R300,DROP|Long|FailureReverse_RetestFailed,Observed,2129,4444.76,1.0741,3190.68,53.26,-1710.15,6154.92,450,1766.87,344,0,7,430,0,196.5,76.44,3.93,83.25,69.0,14.25,4.9099999999998545,False
Moderate_2plus1_R300,DROP|Long|FailureReverse_RetestFailed,Conservative,2129,4000.68,1.0663,3379.52,53.26,-1887.85,5888.53,450,1322.78,344,0,7,430,0,196.5,76.44,2.94,83.25,69.0,14.25,4.9099999999998545,False
Moderate_2plus1_R300,DROP|Long|ObservationConfirm,Observed,2111,3836.83,1.0641,3390.98,51.09,-2296.33,6133.16,432,1158.93,325,0,3,267,0,212.0,75.23,2.68,-365.5999999999999,-455.6700000000001,90.07000000000062,135.21000000000004,False
Moderate_2plus1_R300,DROP|Long|ObservationConfirm,Conservative,2111,3551.83,1.0591,3509.82,51.09,-2412.52,5964.35,432,873.93,325,0,3,267,0,212.0,75.23,2.02,-365.5999999999999,-455.6700000000001,90.07000000000062,135.21000000000004,False
Moderate_2plus1_R300,DROP|Long|ObservationConfirm_WideStop1_5R,Observed,2122,4092.14,1.0684,3239.0,51.63,-2048.18,6140.32,443,1414.25,343,0,7,437,0,196.5,77.43,3.19,-273.21000000000004,-274.77,1.5700000000006185,55.15000000000009,False
Moderate_2plus1_R300,DROP|Long|ObservationConfirm_WideStop1_5R,Conservative,2122,3644.22,1.0605,3429.76,51.63,-2231.62,5875.85,443,966.32,343,0,7,437,0,196.5,77.43,2.18,-273.21000000000004,-274.77,1.5700000000006185,55.15000000000009,False
Moderate_2plus1_R300,DROP|Long|ObservationStrict_BullFresh_WideStop1_5R,Observed,2126,4315.72,1.072,3117.58,52.72,-1742.25,6057.97,447,1637.82,343,0,7,427,0,212.0,76.73,3.66,-48.41999999999962,36.899999999999864,-85.30999999999949,-68.19000000000005,False
Moderate_2plus1_R300,DROP|Long|ObservationStrict_BullFresh_WideStop1_5R,Conservative,2126,3869.01,1.0641,3306.42,52.72,-1919.95,5788.97,447,1191.11,343,0,7,427,0,212.0,76.73,2.66,-48.41999999999962,36.899999999999864,-85.30999999999949,-68.19000000000005,False
Moderate_2plus1_R300,DROP|Long|ObservationStrict_Other,Observed,2123,4364.72,1.0729,3166.98,52.72,-1773.89,6138.62,444,1686.83,344,0,7,428,0,196.5,77.48,3.8,40.49000000000024,5.259999999999991,35.24000000000069,-20.700000000000273,True
Moderate_2plus1_R300,DROP|Long|ObservationStrict_Other,Conservative,2123,3957.92,1.0657,3353.91,52.72,-1951.59,5909.52,444,1280.02,344,0,7,428,0,196.5,77.48,2.88,40.49000000000024,5.259999999999991,35.24000000000069,-20.700000000000273,True
Moderate_2plus1_R300,DROP|Long|ObservationStrict_Other_WideStop1_5R,Observed,2124,4190.54,1.0702,3139.78,52.72,-1796.18,5986.72,445,1512.65,345,0,7,437,0,196.5,77.53,3.4,-171.37999999999965,-21.269999999999982,-150.1199999999999,-45.57999999999993,False
Moderate_2plus1_R300,DROP|Long|ObservationStrict_Other_WideStop1_5R,Conservative,2124,3746.05,1.0624,3329.03,52.72,-1978.12,5724.16,445,1068.15,345,0,7,437,0,196.5,77.53,2.4,-171.37999999999965,-21.269999999999982,-150.1199999999999,-45.57999999999993,False
Moderate_2plus1_R300,DROP|Short|BreakawayFvg,Observed,2127,4123.16,1.0687,3286.78,52.17,-1879.46,6002.62,448,1445.27,347,0,7,424,0,196.5,77.46,3.23,-186.89999999999964,-79.38000000000011,-107.51999999999953,73.90000000000009,False
Moderate_2plus1_R300,DROP|Short|BreakawayFvg,Conservative,2127,3730.53,1.0618,3448.51,52.17,-2036.23,5766.76,448,1052.63,347,0,7,424,0,196.5,77.46,2.35,-186.89999999999964,-79.38000000000011,-107.51999999999953,73.90000000000009,False
Moderate_2plus1_R300,DROP|Short|FailureReverse_ObservationInvalidated,Observed,2127,4538.04,1.0758,3221.18,52.72,-1791.15,6329.19,448,1860.14,345,0,6,433,0,196.5,77.01,4.15,215.88000000000056,-2.8700000000001182,218.75,19.389999999999873,False
Moderate_2plus1_R300,DROP|Short|FailureReverse_ObservationInvalidated,Conservative,2127,4133.31,1.0686,3394.0,52.72,-1959.72,6093.03,448,1455.41,345,0,6,433,0,196.5,77.01,3.25,215.88000000000056,-2.8700000000001182,218.75,19.389999999999873,False
Moderate_2plus1_R300,DROP|Short|FailureReverse_ObservationInvalidated_WideStop1_5R,Observed,2123,4187.52,1.0699,3343.2,52.17,-1988.63,6176.16,444,1509.63,346,0,7,409,0,196.5,77.93,3.4,-213.54999999999973,-224.1199999999999,10.5600000000004,165.17000000000007,False
Moderate_2plus1_R300,DROP|Short|FailureReverse_ObservationInvalidated_WideStop1_5R,Conservative,2123,3703.88,1.0614,3539.78,52.17,-2180.97,5884.84,444,1025.98,346,0,7,409,0,196.5,77.93,2.31,-213.54999999999973,-224.1199999999999,10.5600000000004,165.17000000000007,False
Moderate_2plus1_R300,DROP|Short|FailureReverse_RetestFailed,Observed,2128,4268.96,1.0712,3209.68,52.72,-1801.15,6070.12,449,1591.07,346,0,7,429,0,196.5,77.06,3.54,-86.79999999999973,-22.0,-64.80000000000018,22.0,False
Moderate_2plus1_R300,DROP|Short|FailureReverse_RetestFailed,Conservative,2128,3830.63,1.0635,3396.61,52.72,-1978.85,5809.48,449,1152.73,346,0,7,429,0,196.5,77.06,2.57,-86.79999999999973,-22.0,-64.80000000000018,22.0,False
Moderate_2plus1_R300,DROP|Short|FailureReverse_RetestFailed_WideStop1_5R,Observed,2122,4495.12,1.0751,3156.48,52.72,-1747.96,6243.08,443,1817.23,343,0,7,433,0,196.5,77.43,4.1,197.04999999999973,42.45999999999981,154.59000000000015,-42.470000000000255,True
Moderate_2plus1_R300,DROP|Short|FailureReverse_RetestFailed_WideStop1_5R,Conservative,2122,4114.48,1.0684,3332.14,52.72,-1914.39,6028.87,443,1436.58,343,0,7,433,0,196.5,77.43,3.24,197.04999999999973,42.45999999999981,154.59000000000015,-42.470000000000255,True
Moderate_2plus1_R300,DROP|Short|ObservationConfirm,Observed,2080,4406.16,1.0744,3226.13,51.63,-2012.84,6419.0,401,1728.26,295,0,5,243,0,175.5,73.57,4.31,-13.349999999999909,-249.48000000000002,236.14000000000033,68.90000000000009,False
Moderate_2plus1_R300,DROP|Short|ObservationConfirm,Conservative,2080,3904.08,1.0655,3443.51,51.63,-2206.33,6110.42,401,1226.18,295,0,5,243,0,175.5,73.57,3.06,-13.349999999999909,-249.48000000000002,236.14000000000033,68.90000000000009,False
Moderate_2plus1_R300,DROP|Short|ObservationConfirm_WideStop1_5R,Observed,2123,4098.0,1.0683,3209.7,53.26,-1802.37,5900.38,444,1420.11,343,0,7,438,0,196.5,77.25,3.2,-277.8199999999997,-23.220000000000027,-254.59000000000015,22.019999999999982,False
Moderate_2plus1_R300,DROP|Short|ObservationConfirm_WideStop1_5R,Conservative,2123,3639.61,1.0603,3396.63,53.26,-1980.07,5619.69,444,961.71,343,0,7,438,0,196.5,77.25,2.17,-277.8199999999997,-23.220000000000027,-254.59000000000015,22.019999999999982,False
Moderate_2plus1_R300,DROP|Short|ShadowCandidate,Observed,2127,4380.66,1.0731,3112.98,52.72,-1704.46,6085.12,448,1702.77,346,0,7,421,0,196.5,77.23,3.8,64.71000000000004,114.50999999999999,-49.80000000000018,-114.51999999999998,False
Moderate_2plus1_R300,DROP|Short|ShadowCandidate,Conservative,2127,3982.14,1.0661,3260.09,52.72,-1842.34,5824.48,448,1304.24,346,0,7,421,0,196.5,77.23,2.91,64.71000000000004,114.50999999999999,-49.80000000000018,-114.51999999999998,False
Moderate_2plus1_R300,DROP|Short|TrendPullbackConfirmed,Observed,2129,4452.76,1.0742,3187.68,52.72,-1802.65,6255.42,450,1774.87,348,0,7,438,0,196.5,77.33,3.94,92.01999999999998,-23.5,115.53000000000065,0.0,False
Moderate_2plus1_R300,DROP|Short|TrendPullbackConfirmed,Conservative,2129,4009.45,1.0664,3374.61,52.72,-1980.35,5989.81,450,1331.55,348,0,7,438,0,196.5,77.33,2.96,92.01999999999998,-23.5,115.53000000000065,0.0,False
Moderate_2plus1_R300,DROP|Short|UnknownRegimeZoneTouch,Observed,2127,4558.88,1.0761,3280.98,52.72,-1824.45,6383.34,448,1880.99,346,0,7,432,0,196.5,77.23,4.2,198.8499999999999,-45.30000000000018,244.15000000000055,93.29999999999973,False
Moderate_2plus1_R300,DROP|Short|UnknownRegimeZoneTouch,Conservative,2127,4116.28,1.0683,3467.91,52.72,-2002.15,6118.43,448,1438.38,346,0,7,432,0,196.5,77.23,3.21,198.8499999999999,-45.30000000000018,244.15000000000055,93.29999999999973,False
Moderate_2plus1_R300,DROP|Short|ZoneBirthResearch,Observed,2116,4393.5,1.0736,3255.98,52.17,-1768.08,6161.58,437,1715.6,342,0,6,365,0,283.0,78.26,3.93,28.289999999999964,6.099999999999909,22.19000000000051,61.58999999999969,False
Moderate_2plus1_R300,DROP|Short|ZoneBirthResearch,Conservative,2116,3945.72,1.0657,3436.2,52.17,-1950.75,5896.47,437,1267.82,342,0,6,365,0,283.0,78.26,2.9,28.289999999999964,6.099999999999909,22.19000000000051,61.58999999999969,False
Moderate_2plus1_R300,DROP_STRICT_HARMFUL,Observed,2115,4529.28,1.0758,3135.78,52.72,-1742.7,6271.98,436,1851.39,339,0,7,417,0,196.5,77.75,4.25,,,,,
Moderate_2plus1_R300,DROP_STRICT_HARMFUL,Conservative,2115,4185.81,1.0697,3311.44,52.72,-1909.13,6094.94,436,1507.91,339,0,7,417,0,196.5,77.75,3.46,268.38000000000056,47.7199999999998,220.65999999999985,-63.17000000000007,False
Upper_2plus2_R400,ALL,Observed,2132,5954.43,1.0906,3134.26,51.09,-664.21,6618.64,453,3276.53,351,0,0,446,0,240.0,77.48,7.23,0.0,0.0,0.0,0.0,False
Upper_2plus2_R400,ALL,Conservative,2132,5155.97,1.0777,3419.94,51.09,-927.61,6083.58,453,2478.07,351,0,0,446,0,240.0,77.48,5.47,0.0,0.0,0.0,0.0,False
Upper_2plus2_R400,DROP|Long|AlmostConfirmed,Observed,2129,6133.63,1.0936,3126.86,50.54,-488.81,6622.44,450,3455.73,348,0,0,433,0,240.0,77.33,7.68,83.35999999999967,83.39999999999998,-0.03999999999996362,88.44000000000005,False
Upper_2plus2_R400,DROP|Long|AlmostConfirmed,Conservative,2129,5239.33,1.0791,3508.38,50.54,-844.21,6083.54,450,2561.43,348,0,0,433,0,240.0,77.33,5.69,83.35999999999967,83.39999999999998,-0.03999999999996362,88.44000000000005,False
Upper_2plus2_R400,DROP|Long|BreakawayFvg_Qualified,Observed,2132,5909.43,1.0899,3179.26,51.09,-664.21,6573.64,453,3231.53,351,0,0,442,0,240.0,77.48,7.13,-45.0,0.0,-45.0,45.0,False
Upper_2plus2_R400,DROP|Long|BreakawayFvg_Qualified,Conservative,2132,5110.97,1.077,3464.94,51.09,-927.61,6038.58,453,2433.07,351,0,0,442,0,240.0,77.48,5.37,-45.0,0.0,-45.0,45.0,False
Upper_2plus2_R400,DROP|Long|BreakawayRetest,Observed,2131,5746.83,1.0875,3134.26,51.09,-664.21,6411.04,452,3068.93,350,0,0,445,0,240.0,77.43,6.79,-207.60000000000036,0.0,-207.60000000000036,0.0,False
Upper_2plus2_R400,DROP|Long|BreakawayRetest,Conservative,2131,4948.37,1.0746,3419.94,51.09,-927.61,5875.98,452,2270.47,350,0,0,445,0,240.0,77.43,5.02,-207.60000000000036,0.0,-207.60000000000036,0.0,False
Upper_2plus2_R400,DROP|Long|FailureReverse_ObservationInvalidated,Observed,2127,6170.43,1.0942,3103.46,51.09,-662.81,6833.24,448,3492.53,348,0,0,434,0,240.0,77.68,7.8,207.46000000000004,-7.1299999999999955,214.60000000000036,-22.26000000000022,False
Upper_2plus2_R400,DROP|Long|FailureReverse_ObservationInvalidated,Conservative,2127,5363.43,1.0811,3397.68,51.09,-934.74,6298.18,448,2685.53,348,0,0,434,0,240.0,77.68,5.99,207.46000000000004,-7.1299999999999955,214.60000000000036,-22.26000000000022,False
Upper_2plus2_R400,DROP|Long|FailureReverse_ObservationInvalidated_WideStop1_5R,Observed,2129,5925.03,1.0903,3104.38,51.63,-528.37,6453.4,450,3247.13,351,0,0,432,0,240.0,78.0,7.22,-29.400000000000546,135.84000000000003,-165.23999999999978,-29.88000000000011,False
Upper_2plus2_R400,DROP|Long|FailureReverse_ObservationInvalidated_WideStop1_5R,Conservative,2129,5126.57,1.0773,3390.06,51.09,-791.77,5918.34,450,2448.67,351,0,0,432,0,240.0,78.0,5.44,-29.400000000000546,135.84000000000003,-165.23999999999978,-29.88000000000011,False
Upper_2plus2_R400,DROP|Long|FailureReverse_RetestFailed,Observed,2132,6132.43,1.0934,3140.26,51.09,-526.21,6658.64,453,3454.53,347,0,0,431,0,240.0,76.6,7.63,166.5,138.0,28.5,9.840000000000146,False
Upper_2plus2_R400,DROP|Long|FailureReverse_RetestFailed,Conservative,2132,5322.47,1.0803,3429.78,51.09,-789.61,6112.08,453,2644.57,347,0,0,431,0,240.0,76.6,5.84,166.5,138.0,28.5,9.840000000000146,False
Upper_2plus2_R400,DROP|Long|ObservationConfirm,Observed,2112,4948.37,1.0755,3509.06,52.17,-1698.56,6646.93,433,2270.47,326,0,0,268,0,243.0,75.29,5.24,-695.5600000000004,-911.33,215.77000000000044,234.80999999999995,False
Upper_2plus2_R400,DROP|Long|ObservationConfirm,Conservative,2112,4460.41,1.0677,3654.75,52.17,-1838.94,6299.35,433,1782.51,326,0,0,268,0,243.0,75.29,4.12,-695.5600000000004,-911.33,215.77000000000044,234.80999999999995,False
Upper_2plus2_R400,DROP|Long|ObservationConfirm_WideStop1_5R,Observed,2125,5427.19,1.0829,3236.9,50.0,-1202.25,6629.44,446,2749.29,346,0,0,438,0,240.0,77.58,6.16,-546.4099999999999,-549.5400000000001,3.130000000000109,110.30999999999995,False
Upper_2plus2_R400,DROP|Long|ObservationConfirm_WideStop1_5R,Conservative,2125,4609.56,1.0698,3530.25,50.0,-1477.15,6086.71,446,1931.66,346,0,0,438,0,240.0,77.58,4.33,-546.4099999999999,-549.5400000000001,3.130000000000109,110.30999999999995,False
Upper_2plus2_R400,DROP|Long|ObservationStrict_BullFresh_WideStop1_5R,Observed,2129,5874.34,1.0894,2994.06,50.54,-590.41,6464.75,450,3196.44,346,0,0,428,0,243.0,76.89,7.1,-96.82999999999993,73.80000000000007,-170.64000000000033,-136.36000000000013,False
Upper_2plus2_R400,DROP|Long|ObservationStrict_BullFresh_WideStop1_5R,Conservative,2129,5059.14,1.0763,3283.58,50.54,-853.81,5912.94,450,2381.24,346,0,0,428,0,243.0,76.89,5.29,-96.82999999999993,73.80000000000007,-170.64000000000033,-136.36000000000013,False
Upper_2plus2_R400,DROP|Long|ObservationStrict_Other,Observed,2126,5972.35,1.0911,3092.86,51.09,-653.69,6626.04,447,3294.45,347,0,0,429,0,240.0,77.63,7.37,80.98999999999978,10.519999999999982,70.46000000000004,-41.40000000000009,True
Upper_2plus2_R400,DROP|Long|ObservationStrict_Other,Conservative,2126,5236.96,1.0792,3378.54,51.09,-917.09,6154.04,447,2559.06,347,0,0,429,0,240.0,77.63,5.72,80.98999999999978,10.519999999999982,70.46000000000004,-41.40000000000009,True
Upper_2plus2_R400,DROP|Long|ObservationStrict_Other_WideStop1_5R,Observed,2128,5604.59,1.086,2993.46,51.09,-653.25,6257.84,449,2926.69,347,0,0,437,0,240.0,77.28,6.52,-454.15999999999985,-89.52999999999997,-364.6400000000003,-44.13999999999987,False
Upper_2plus2_R400,DROP|Long|ObservationStrict_Other_WideStop1_5R,Conservative,2128,4701.81,1.0713,3375.8,51.09,-1017.14,5718.94,449,2023.91,347,0,0,437,0,240.0,77.28,4.51,-454.15999999999985,-89.52999999999997,-364.6400000000003,-44.13999999999987,False
Upper_2plus2_R400,DROP|Short|BreakawayFvg,Observed,2131,5486.83,1.0834,3334.86,51.09,-867.21,6354.04,452,2808.93,350,0,0,424,0,240.0,77.43,6.21,-468.1900000000005,-253.14999999999998,-215.03999999999996,242.2199999999998,False
Upper_2plus2_R400,DROP|Short|BreakawayFvg,Conservative,2131,4687.78,1.0705,3662.16,51.09,-1180.76,5868.54,452,2009.88,350,0,0,424,0,240.0,77.43,4.45,-468.1900000000005,-253.14999999999998,-215.03999999999996,242.2199999999998,False
Upper_2plus2_R400,DROP|Short|FailureReverse_ObservationInvalidated,Observed,2130,6383.98,1.0974,3201.26,51.09,-688.21,7072.19,451,3706.08,348,0,0,434,0,240.0,77.16,8.22,505.8899999999994,-5.740000000000009,511.6199999999999,38.789999999999964,False
Upper_2plus2_R400,DROP|Short|FailureReverse_ObservationInvalidated,Conservative,2130,5661.86,1.0856,3458.73,51.09,-933.35,6595.2,451,2983.96,348,0,0,434,0,240.0,77.16,6.62,505.8899999999994,-5.740000000000009,511.6199999999999,38.789999999999964,False
Upper_2plus2_R400,DROP|Short|FailureReverse_ObservationInvalidated_WideStop1_5R,Observed,2126,5617.95,1.0857,3445.3,50.54,-1083.17,6701.12,447,2940.05,349,0,0,410,0,240.0,78.08,6.58,-427.1100000000006,-448.2199999999999,21.109999999999673,330.3499999999999,False
Upper_2plus2_R400,DROP|Short|FailureReverse_ObservationInvalidated_WideStop1_5R,Conservative,2126,4728.86,1.0713,3750.29,50.54,-1375.83,6104.69,447,2050.96,349,0,0,410,0,240.0,78.08,4.59,-427.1100000000006,-448.2199999999999,21.109999999999673,330.3499999999999,False
Upper_2plus2_R400,DROP|Short|FailureReverse_RetestFailed,Observed,2131,5780.83,1.0879,3178.26,50.54,-708.21,6489.04,452,3102.93,349,0,0,430,0,240.0,77.21,6.86,-173.60000000000036,-44.0,-129.60000000000036,44.0,False
Upper_2plus2_R400,DROP|Short|FailureReverse_RetestFailed,Conservative,2131,4982.37,1.0751,3463.94,50.54,-971.61,5953.98,452,2304.47,349,0,0,430,0,240.0,77.21,5.1,-173.60000000000036,-44.0,-129.60000000000036,44.0,False
Upper_2plus2_R400,DROP|Short|FailureReverse_RetestFailed_WideStop1_5R,Observed,2125,6233.15,1.0952,3071.86,51.09,-601.81,6834.96,446,3555.25,346,0,0,434,0,240.0,77.58,7.97,394.1099999999997,84.93000000000006,309.1800000000003,-84.92999999999984,True
Upper_2plus2_R400,DROP|Short|FailureReverse_RetestFailed_WideStop1_5R,Conservative,2125,5550.08,1.0841,3335.01,51.09,-842.68,6392.76,446,2872.18,346,0,0,434,0,240.0,77.58,6.44,394.1099999999997,84.93000000000006,309.1800000000003,-84.92999999999984,True
Upper_2plus2_R400,DROP|Short|ObservationConfirm,Observed,2082,6057.62,1.0945,3202.23,50.54,-1131.58,7189.2,403,3379.72,298,0,0,244,0,209.0,73.95,8.39,-14.340000000000146,-498.9599999999999,484.6199999999999,125.05999999999995,False
Upper_2plus2_R400,DROP|Short|ObservationConfirm,Conservative,2082,5141.63,1.0793,3545.0,50.54,-1426.57,6568.2,403,2463.73,298,0,0,244,0,209.0,73.95,6.11,-14.340000000000146,-498.9599999999999,484.6199999999999,125.05999999999995,False
Upper_2plus2_R400,DROP|Short|ObservationConfirm_WideStop1_5R,Observed,2126,5438.91,1.0828,3178.3,51.63,-710.65,6149.56,447,2761.01,346,0,0,439,0,240.0,77.4,6.18,-555.6300000000001,-46.43999999999994,-509.1899999999996,44.039999999999964,False
Upper_2plus2_R400,DROP|Short|ObservationConfirm_WideStop1_5R,Conservative,2126,4600.34,1.0693,3463.98,51.63,-974.05,5574.39,447,1922.44,346,0,0,439,0,240.0,77.4,4.3,-555.6300000000001,-46.43999999999994,-509.1899999999996,44.039999999999964,False
Upper_2plus2_R400,DROP|Short|ShadowCandidate,Observed,2131,6001.83,1.0915,2987.26,51.09,-517.21,6519.04,452,3323.93,349,0,0,421,0,240.0,77.21,7.35,35.029999999999745,134.63,-99.60000000000036,-134.6300000000001,False
Upper_2plus2_R400,DROP|Short|ShadowCandidate,Conservative,2131,5191.0,1.0783,3285.31,51.09,-792.98,5983.98,452,2513.1,349,0,0,421,0,240.0,77.21,5.56,35.029999999999745,134.63,-99.60000000000036,-134.6300000000001,False
Upper_2plus2_R400,DROP|Short|TrendPullbackConfirmed,Observed,2132,6148.43,1.0936,3134.26,51.09,-711.21,6859.64,453,3470.53,351,0,0,439,0,240.0,77.48,7.66,184.03999999999996,-47.0,231.03999999999996,0.0,False
Upper_2plus2_R400,DROP|Short|TrendPullbackConfirmed,Conservative,2132,5340.01,1.0805,3419.94,51.09,-974.61,6314.62,453,2662.11,351,0,0,439,0,240.0,77.48,5.88,184.03999999999996,-47.0,231.03999999999996,0.0,False
Upper_2plus2_R400,DROP|Short|UnknownRegimeZoneTouch,Observed,2130,6360.67,1.097,3320.86,50.54,-754.81,7115.48,451,3682.77,349,0,0,433,0,240.0,77.38,8.17,397.6999999999998,-90.60000000000002,488.3000000000002,186.5999999999999,False
Upper_2plus2_R400,DROP|Short|UnknownRegimeZoneTouch,Conservative,2130,5553.67,1.0839,3606.54,50.54,-1018.21,6571.88,451,2875.77,349,0,0,433,0,240.0,77.38,6.38,397.6999999999998,-90.60000000000002,488.3000000000002,186.5999999999999,False
Upper_2plus2_R400,DROP|Short|ZoneBirthResearch,Observed,2119,6029.9,1.0927,3270.86,51.09,-642.06,6671.96,440,3352.0,345,0,0,366,0,313.0,78.41,7.62,56.56999999999971,12.200000000000045,44.36999999999989,123.19000000000005,False
Upper_2plus2_R400,DROP|Short|ZoneBirthResearch,Conservative,2119,5212.54,1.0793,3543.13,50.0,-915.41,6127.95,440,2534.64,345,0,0,366,0,313.0,78.41,5.76,56.56999999999971,12.200000000000045,44.36999999999989,123.19000000000005,False
Upper_2plus2_R400,DROP_STRICT_HARMFUL,Observed,2118,6301.47,1.0965,3030.46,51.09,-591.29,6892.76,439,3623.57,342,0,0,418,0,240.0,77.9,8.25,,,,,
Upper_2plus2_R400,DROP_STRICT_HARMFUL,Conservative,2118,5692.73,1.0866,3293.61,51.09,-832.16,6524.89,439,3014.83,342,0,0,418,0,240.0,77.9,6.87,536.7599999999993,95.45000000000005,441.3100000000004,-126.32999999999993,False
