Config,Mode,Month,count,sum,mean
progress0|risk175|limit3|loss100,Observed,2025-10,56,341.03999999999996,6.089999999999999
progress0|risk175|limit3|loss100,Observed,2025-11,20,18.74999999999998,0.9374999999999989
progress0|risk175|limit3|loss100,Observed,2025-12,43,148.14999999999998,3.445348837209302
progress0|risk175|limit3|loss100,Observed,2026-01,38,85.39999999999999,2.2473684210526312
progress0|risk175|limit3|loss100,Observed,2026-02,27,-181.16000000000003,-6.709629629629631
progress0|risk175|limit3|loss100,Observed,2026-03,28,-44.60000000000004,-1.592857142857144
progress0|risk175|limit3|loss100,Observed,2026-04,28,207.43,7.408214285714286
progress0|risk175|limit3|loss100,Observed,2026-05,31,-155.98000000000002,-5.031612903225807
progress0|risk175|limit3|loss100,Observed,2026-06,18,-32.600000000000016,-1.811111111111112
progress0|risk175|limit3|loss100,Conservative,2025-10,56,282.19562140804595,5.039207525143678
progress0|risk175|limit3|loss100,Conservative,2025-11,20,-12.169540229885104,-0.6084770114942553
progress0|risk175|limit3|loss100,Conservative,2025-12,43,128.9833333333333,2.999612403100774
progress0|risk175|limit3|loss100,Conservative,2026-01,38,61.96609195402297,1.6306866303690255
progress0|risk175|limit3|loss100,Conservative,2026-02,27,-188.82666666666668,-6.993580246913581
progress0|risk175|limit3|loss100,Conservative,2026-03,28,-59.59380387931039,-2.1283501385467996
progress0|risk175|limit3|loss100,Conservative,2026-04,28,170.41275862068966,6.086169950738916
progress0|risk175|limit3|loss100,Conservative,2026-05,31,-172.6150574712644,-5.568227660363368
progress0|risk175|limit3|loss100,Conservative,2026-06,18,-41.843803879310364,-2.324655771072798
progress0|risk175|limit3|loss150,Observed,2025-10,56,341.03999999999996,6.089999999999999
progress0|risk175|limit3|loss150,Observed,2025-11,20,18.74999999999998,0.9374999999999989
progress0|risk175|limit3|loss150,Observed,2025-12,43,148.14999999999998,3.445348837209302
progress0|risk175|limit3|loss150,Observed,2026-01,38,85.39999999999999,2.2473684210526312
progress0|risk175|limit3|loss150,Observed,2026-02,27,-181.16000000000003,-6.709629629629631
progress0|risk175|limit3|loss150,Observed,2026-03,28,-44.60000000000004,-1.592857142857144
progress0|risk175|limit3|loss150,Observed,2026-04,28,207.43,7.408214285714286
progress0|risk175|limit3|loss150,Observed,2026-05,31,-155.98000000000002,-5.031612903225807
progress0|risk175|limit3|loss150,Observed,2026-06,18,-32.600000000000016,-1.811111111111112
progress0|risk175|limit3|loss150,Conservative,2025-10,56,282.19562140804595,5.039207525143678
progress0|risk175|limit3|loss150,Conservative,2025-11,20,-12.169540229885104,-0.6084770114942553
progress0|risk175|limit3|loss150,Conservative,2025-12,43,128.9833333333333,2.999612403100774
progress0|risk175|limit3|loss150,Conservative,2026-01,38,61.96609195402297,1.6306866303690255
progress0|risk175|limit3|loss150,Conservative,2026-02,27,-188.82666666666668,-6.993580246913581
progress0|risk175|limit3|loss150,Conservative,2026-03,28,-59.59380387931039,-2.1283501385467996
progress0|risk175|limit3|loss150,Conservative,2026-04,28,170.41275862068966,6.086169950738916
progress0|risk175|limit3|loss150,Conservative,2026-05,31,-172.6150574712644,-5.568227660363368
progress0|risk175|limit3|loss150,Conservative,2026-06,18,-41.843803879310364,-2.324655771072798
progress0|risk200|limit3|loss100,Observed,2025-10,56,341.03999999999996,6.089999999999999
progress0|risk200|limit3|loss100,Observed,2025-11,20,18.74999999999998,0.9374999999999989
progress0|risk200|limit3|loss100,Observed,2025-12,43,148.14999999999998,3.445348837209302
progress0|risk200|limit3|loss100,Observed,2026-01,38,85.39999999999999,2.2473684210526312
progress0|risk200|limit3|loss100,Observed,2026-02,27,-181.16000000000003,-6.709629629629631
progress0|risk200|limit3|loss100,Observed,2026-03,28,-44.60000000000004,-1.592857142857144
progress0|risk200|limit3|loss100,Observed,2026-04,28,207.43,7.408214285714286
progress0|risk200|limit3|loss100,Observed,2026-05,31,-155.98000000000002,-5.031612903225807
progress0|risk200|limit3|loss100,Observed,2026-06,18,-32.600000000000016,-1.811111111111112
progress0|risk200|limit3|loss100,Conservative,2025-10,56,282.19562140804595,5.039207525143678
progress0|risk200|limit3|loss100,Conservative,2025-11,20,-12.169540229885104,-0.6084770114942553
progress0|risk200|limit3|loss100,Conservative,2025-12,43,128.9833333333333,2.999612403100774
progress0|risk200|limit3|loss100,Conservative,2026-01,38,61.96609195402297,1.6306866303690255
progress0|risk200|limit3|loss100,Conservative,2026-02,27,-188.82666666666668,-6.993580246913581
progress0|risk200|limit3|loss100,Conservative,2026-03,28,-59.59380387931039,-2.1283501385467996
progress0|risk200|limit3|loss100,Conservative,2026-04,28,170.41275862068966,6.086169950738916
progress0|risk200|limit3|loss100,Conservative,2026-05,31,-172.6150574712644,-5.568227660363368
progress0|risk200|limit3|loss100,Conservative,2026-06,18,-41.843803879310364,-2.324655771072798
progress0|risk200|limit3|loss150,Observed,2025-10,56,341.03999999999996,6.089999999999999
progress0|risk200|limit3|loss150,Observed,2025-11,20,18.74999999999998,0.9374999999999989
progress0|risk200|limit3|loss150,Observed,2025-12,43,148.14999999999998,3.445348837209302
progress0|risk200|limit3|loss150,Observed,2026-01,38,85.39999999999999,2.2473684210526312
progress0|risk200|limit3|loss150,Observed,2026-02,27,-181.16000000000003,-6.709629629629631
progress0|risk200|limit3|loss150,Observed,2026-03,28,-44.60000000000004,-1.592857142857144
progress0|risk200|limit3|loss150,Observed,2026-04,28,207.43,7.408214285714286
progress0|risk200|limit3|loss150,Observed,2026-05,31,-155.98000000000002,-5.031612903225807
progress0|risk200|limit3|loss150,Observed,2026-06,18,-32.600000000000016,-1.811111111111112
progress0|risk200|limit3|loss150,Conservative,2025-10,56,282.19562140804595,5.039207525143678
progress0|risk200|limit3|loss150,Conservative,2025-11,20,-12.169540229885104,-0.6084770114942553
progress0|risk200|limit3|loss150,Conservative,2025-12,43,128.9833333333333,2.999612403100774
progress0|risk200|limit3|loss150,Conservative,2026-01,38,61.96609195402297,1.6306866303690255
progress0|risk200|limit3|loss150,Conservative,2026-02,27,-188.82666666666668,-6.993580246913581
progress0|risk200|limit3|loss150,Conservative,2026-03,28,-59.59380387931039,-2.1283501385467996
progress0|risk200|limit3|loss150,Conservative,2026-04,28,170.41275862068966,6.086169950738916
progress0|risk200|limit3|loss150,Conservative,2026-05,31,-172.6150574712644,-5.568227660363368
progress0|risk200|limit3|loss150,Conservative,2026-06,18,-41.843803879310364,-2.324655771072798
progress0|risk150|limit3|loss100,Observed,2025-10,55,377.73999999999995,6.867999999999999
progress0|risk150|limit3|loss100,Observed,2025-11,19,-46.55000000000002,-2.450000000000001
progress0|risk150|limit3|loss100,Observed,2025-12,43,148.14999999999998,3.445348837209302
progress0|risk150|limit3|loss100,Observed,2026-01,38,85.39999999999999,2.2473684210526312
progress0|risk150|limit3|loss100,Observed,2026-02,27,-181.16000000000003,-6.709629629629631
progress0|risk150|limit3|loss100,Observed,2026-03,28,-44.60000000000004,-1.592857142857144
progress0|risk150|limit3|loss100,Observed,2026-04,28,207.43,7.408214285714286
progress0|risk150|limit3|loss100,Observed,2026-05,31,-155.98000000000002,-5.031612903225807
progress0|risk150|limit3|loss100,Observed,2026-06,18,-32.600000000000016,-1.811111111111112
progress0|risk150|limit3|loss100,Conservative,2025-10,55,323.1628627873563,5.875688414315569
progress0|risk150|limit3|loss100,Conservative,2025-11,19,-73.20229885057475,-3.8527525710828816
progress0|risk150|limit3|loss100,Conservative,2025-12,43,128.9833333333333,2.999612403100774
progress0|risk150|limit3|loss100,Conservative,2026-01,38,61.96609195402297,1.6306866303690255
progress0|risk150|limit3|loss100,Conservative,2026-02,27,-188.82666666666668,-6.993580246913581
progress0|risk150|limit3|loss100,Conservative,2026-03,28,-59.59380387931039,-2.1283501385467996
progress0|risk150|limit3|loss100,Conservative,2026-04,28,170.41275862068966,6.086169950738916
progress0|risk150|limit3|loss100,Conservative,2026-05,31,-172.6150574712644,-5.568227660363368
progress0|risk150|limit3|loss100,Conservative,2026-06,18,-41.843803879310364,-2.324655771072798
progress0|risk150|limit3|loss150,Observed,2025-10,55,377.73999999999995,6.867999999999999
progress0|risk150|limit3|loss150,Observed,2025-11,19,-46.55000000000002,-2.450000000000001
progress0|risk150|limit3|loss150,Observed,2025-12,43,148.14999999999998,3.445348837209302
progress0|risk150|limit3|loss150,Observed,2026-01,38,85.39999999999999,2.2473684210526312
progress0|risk150|limit3|loss150,Observed,2026-02,27,-181.16000000000003,-6.709629629629631
progress0|risk150|limit3|loss150,Observed,2026-03,28,-44.60000000000004,-1.592857142857144
progress0|risk150|limit3|loss150,Observed,2026-04,28,207.43,7.408214285714286
progress0|risk150|limit3|loss150,Observed,2026-05,31,-155.98000000000002,-5.031612903225807
progress0|risk150|limit3|loss150,Observed,2026-06,18,-32.600000000000016,-1.811111111111112
progress0|risk150|limit3|loss150,Conservative,2025-10,55,323.1628627873563,5.875688414315569
progress0|risk150|limit3|loss150,Conservative,2025-11,19,-73.20229885057475,-3.8527525710828816
progress0|risk150|limit3|loss150,Conservative,2025-12,43,128.9833333333333,2.999612403100774
progress0|risk150|limit3|loss150,Conservative,2026-01,38,61.96609195402297,1.6306866303690255
progress0|risk150|limit3|loss150,Conservative,2026-02,27,-188.82666666666668,-6.993580246913581
progress0|risk150|limit3|loss150,Conservative,2026-03,28,-59.59380387931039,-2.1283501385467996
progress0|risk150|limit3|loss150,Conservative,2026-04,28,170.41275862068966,6.086169950738916
progress0|risk150|limit3|loss150,Conservative,2026-05,31,-172.6150574712644,-5.568227660363368
progress0|risk150|limit3|loss150,Conservative,2026-06,18,-41.843803879310364,-2.324655771072798
progress0|risk175|limit2|loss100,Observed,2025-10,43,330.14,7.677674418604651
progress0|risk175|limit2|loss100,Observed,2025-11,19,19.94999999999998,1.049999999999999
progress0|risk175|limit2|loss100,Observed,2025-12,33,148.14999999999998,4.489393939393938
progress0|risk175|limit2|loss100,Observed,2026-01,30,-3.7499999999999973,-0.12499999999999992
progress0|risk175|limit2|loss100,Observed,2026-02,24,-148.81000000000003,-6.200416666666668
progress0|risk175|limit2|loss100,Observed,2026-03,24,-66.80000000000003,-2.7833333333333345
progress0|risk175|limit2|loss100,Observed,2026-04,25,199.53000000000003,7.981200000000001
progress0|risk175|limit2|loss100,Observed,2026-05,26,-178.48000000000002,-6.8646153846153855
progress0|risk175|limit2|loss100,Observed,2026-06,16,8.799999999999988,0.5499999999999993
progress0|risk175|limit2|loss100,Conservative,2025-10,43,284.7122880747126,6.621216001737502
progress0|risk175|limit2|loss100,Conservative,2025-11,19,-10.969540229885101,-0.5773442226255316
progress0|risk175|limit2|loss100,Conservative,2025-12,33,132.81666666666663,4.024747474747474
progress0|risk175|limit2|loss100,Conservative,2026-01,30,-23.350574712643688,-0.7783524904214563
progress0|risk175|limit2|loss100,Conservative,2026-02,24,-156.4766666666667,-6.519861111111112
progress0|risk175|limit2|loss100,Conservative,2026-03,24,-79.8771372126437,-3.328214050526821
progress0|risk175|limit2|loss100,Conservative,2026-04,25,162.51275862068968,6.500510344827587
progress0|risk175|limit2|loss100,Conservative,2026-05,26,-190.84781609195403,-7.340300618921309
progress0|risk175|limit2|loss100,Conservative,2026-06,16,-0.44380387931036,-0.0277377424568975
progress0|risk175|limit2|loss150,Observed,2025-10,43,330.14,7.677674418604651
progress0|risk175|limit2|loss150,Observed,2025-11,19,19.94999999999998,1.049999999999999
progress0|risk175|limit2|loss150,Observed,2025-12,33,148.14999999999998,4.489393939393938
progress0|risk175|limit2|loss150,Observed,2026-01,30,-3.7499999999999973,-0.12499999999999992
progress0|risk175|limit2|loss150,Observed,2026-02,24,-148.81000000000003,-6.200416666666668
progress0|risk175|limit2|loss150,Observed,2026-03,24,-66.80000000000003,-2.7833333333333345
progress0|risk175|limit2|loss150,Observed,2026-04,25,199.53000000000003,7.981200000000001
progress0|risk175|limit2|loss150,Observed,2026-05,26,-178.48000000000002,-6.8646153846153855
progress0|risk175|limit2|loss150,Observed,2026-06,16,8.799999999999988,0.5499999999999993
progress0|risk175|limit2|loss150,Conservative,2025-10,43,284.7122880747126,6.621216001737502
progress0|risk175|limit2|loss150,Conservative,2025-11,19,-10.969540229885101,-0.5773442226255316
progress0|risk175|limit2|loss150,Conservative,2025-12,33,132.81666666666663,4.024747474747474
progress0|risk175|limit2|loss150,Conservative,2026-01,30,-23.350574712643688,-0.7783524904214563
progress0|risk175|limit2|loss150,Conservative,2026-02,24,-156.4766666666667,-6.519861111111112
progress0|risk175|limit2|loss150,Conservative,2026-03,24,-79.8771372126437,-3.328214050526821
progress0|risk175|limit2|loss150,Conservative,2026-04,25,162.51275862068968,6.500510344827587
progress0|risk175|limit2|loss150,Conservative,2026-05,26,-190.84781609195403,-7.340300618921309
progress0|risk175|limit2|loss150,Conservative,2026-06,16,-0.44380387931036,-0.0277377424568975
progress0|risk200|limit2|loss100,Observed,2025-10,43,330.14,7.677674418604651
progress0|risk200|limit2|loss100,Observed,2025-11,19,19.94999999999998,1.049999999999999
progress0|risk200|limit2|loss100,Observed,2025-12,33,148.14999999999998,4.489393939393938
progress0|risk200|limit2|loss100,Observed,2026-01,30,-3.7499999999999973,-0.12499999999999992
progress0|risk200|limit2|loss100,Observed,2026-02,24,-148.81000000000003,-6.200416666666668
progress0|risk200|limit2|loss100,Observed,2026-03,24,-66.80000000000003,-2.7833333333333345
progress0|risk200|limit2|loss100,Observed,2026-04,25,199.53000000000003,7.981200000000001
progress0|risk200|limit2|loss100,Observed,2026-05,26,-178.48000000000002,-6.8646153846153855
progress0|risk200|limit2|loss100,Observed,2026-06,16,8.799999999999988,0.5499999999999993
progress0|risk200|limit2|loss100,Conservative,2025-10,43,284.7122880747126,6.621216001737502
progress0|risk200|limit2|loss100,Conservative,2025-11,19,-10.969540229885101,-0.5773442226255316
progress0|risk200|limit2|loss100,Conservative,2025-12,33,132.81666666666663,4.024747474747474
progress0|risk200|limit2|loss100,Conservative,2026-01,30,-23.350574712643688,-0.7783524904214563
progress0|risk200|limit2|loss100,Conservative,2026-02,24,-156.4766666666667,-6.519861111111112
progress0|risk200|limit2|loss100,Conservative,2026-03,24,-79.8771372126437,-3.328214050526821
progress0|risk200|limit2|loss100,Conservative,2026-04,25,162.51275862068968,6.500510344827587
progress0|risk200|limit2|loss100,Conservative,2026-05,26,-190.84781609195403,-7.340300618921309
progress0|risk200|limit2|loss100,Conservative,2026-06,16,-0.44380387931036,-0.0277377424568975
progress0|risk200|limit2|loss150,Observed,2025-10,43,330.14,7.677674418604651
progress0|risk200|limit2|loss150,Observed,2025-11,19,19.94999999999998,1.049999999999999
progress0|risk200|limit2|loss150,Observed,2025-12,33,148.14999999999998,4.489393939393938
progress0|risk200|limit2|loss150,Observed,2026-01,30,-3.7499999999999973,-0.12499999999999992
progress0|risk200|limit2|loss150,Observed,2026-02,24,-148.81000000000003,-6.200416666666668
progress0|risk200|limit2|loss150,Observed,2026-03,24,-66.80000000000003,-2.7833333333333345
progress0|risk200|limit2|loss150,Observed,2026-04,25,199.53000000000003,7.981200000000001
progress0|risk200|limit2|loss150,Observed,2026-05,26,-178.48000000000002,-6.8646153846153855
progress0|risk200|limit2|loss150,Observed,2026-06,16,8.799999999999988,0.5499999999999993
progress0|risk200|limit2|loss150,Conservative,2025-10,43,284.7122880747126,6.621216001737502
progress0|risk200|limit2|loss150,Conservative,2025-11,19,-10.969540229885101,-0.5773442226255316
progress0|risk200|limit2|loss150,Conservative,2025-12,33,132.81666666666663,4.024747474747474
progress0|risk200|limit2|loss150,Conservative,2026-01,30,-23.350574712643688,-0.7783524904214563
progress0|risk200|limit2|loss150,Conservative,2026-02,24,-156.4766666666667,-6.519861111111112
progress0|risk200|limit2|loss150,Conservative,2026-03,24,-79.8771372126437,-3.328214050526821
progress0|risk200|limit2|loss150,Conservative,2026-04,25,162.51275862068968,6.500510344827587
progress0|risk200|limit2|loss150,Conservative,2026-05,26,-190.84781609195403,-7.340300618921309
progress0|risk200|limit2|loss150,Conservative,2026-06,16,-0.44380387931036,-0.0277377424568975
progress0|risk150|limit2|loss100,Observed,2025-10,42,366.84,8.734285714285713
progress0|risk150|limit2|loss100,Observed,2025-11,19,-46.55000000000002,-2.450000000000001
progress0|risk150|limit2|loss100,Observed,2025-12,33,148.14999999999998,4.489393939393938
progress0|risk150|limit2|loss100,Observed,2026-01,30,-3.7499999999999973,-0.12499999999999992
progress0|risk150|limit2|loss100,Observed,2026-02,24,-148.81000000000003,-6.200416666666668
progress0|risk150|limit2|loss100,Observed,2026-03,24,-66.80000000000003,-2.7833333333333345
progress0|risk150|limit2|loss100,Observed,2026-04,25,199.53000000000003,7.981200000000001
progress0|risk150|limit2|loss100,Observed,2026-05,26,-178.48000000000002,-6.8646153846153855
progress0|risk150|limit2|loss100,Observed,2026-06,16,8.799999999999988,0.5499999999999993
progress0|risk150|limit2|loss100,Conservative,2025-10,42,325.67952945402294,7.75427451081007
progress0|risk150|limit2|loss100,Conservative,2025-11,19,-73.20229885057475,-3.8527525710828816
progress0|risk150|limit2|loss100,Conservative,2025-12,33,132.81666666666663,4.024747474747474
progress0|risk150|limit2|loss100,Conservative,2026-01,30,-23.350574712643688,-0.7783524904214563
progress0|risk150|limit2|loss100,Conservative,2026-02,24,-156.4766666666667,-6.519861111111112
progress0|risk150|limit2|loss100,Conservative,2026-03,24,-79.8771372126437,-3.328214050526821
progress0|risk150|limit2|loss100,Conservative,2026-04,25,162.51275862068968,6.500510344827587
progress0|risk150|limit2|loss100,Conservative,2026-05,26,-190.84781609195403,-7.340300618921309
progress0|risk150|limit2|loss100,Conservative,2026-06,16,-0.44380387931036,-0.0277377424568975
progress0|risk150|limit2|loss150,Observed,2025-10,42,366.84,8.734285714285713
progress0|risk150|limit2|loss150,Observed,2025-11,19,-46.55000000000002,-2.450000000000001
progress0|risk150|limit2|loss150,Observed,2025-12,33,148.14999999999998,4.489393939393938
progress0|risk150|limit2|loss150,Observed,2026-01,30,-3.7499999999999973,-0.12499999999999992
progress0|risk150|limit2|loss150,Observed,2026-02,24,-148.81000000000003,-6.200416666666668
progress0|risk150|limit2|loss150,Observed,2026-03,24,-66.80000000000003,-2.7833333333333345
progress0|risk150|limit2|loss150,Observed,2026-04,25,199.53000000000003,7.981200000000001
progress0|risk150|limit2|loss150,Observed,2026-05,26,-178.48000000000002,-6.8646153846153855
progress0|risk150|limit2|loss150,Observed,2026-06,16,8.799999999999988,0.5499999999999993
progress0|risk150|limit2|loss150,Conservative,2025-10,42,325.67952945402294,7.75427451081007
progress0|risk150|limit2|loss150,Conservative,2025-11,19,-73.20229885057475,-3.8527525710828816
progress0|risk150|limit2|loss150,Conservative,2025-12,33,132.81666666666663,4.024747474747474
progress0|risk150|limit2|loss150,Conservative,2026-01,30,-23.350574712643688,-0.7783524904214563
progress0|risk150|limit2|loss150,Conservative,2026-02,24,-156.4766666666667,-6.519861111111112
progress0|risk150|limit2|loss150,Conservative,2026-03,24,-79.8771372126437,-3.328214050526821
progress0|risk150|limit2|loss150,Conservative,2026-04,25,162.51275862068968,6.500510344827587
progress0|risk150|limit2|loss150,Conservative,2026-05,26,-190.84781609195403,-7.340300618921309
progress0|risk150|limit2|loss150,Conservative,2026-06,16,-0.44380387931036,-0.0277377424568975
progress-99|risk150|limit3|loss100,Observed,2025-10,60,292.73999999999995,4.879
progress-99|risk150|limit3|loss100,Observed,2025-11,34,-119.05000000000004,-3.5014705882352954
progress-99|risk150|limit3|loss100,Observed,2025-12,54,-24.55000000000003,-0.45462962962963016
progress-99|risk150|limit3|loss100,Observed,2026-01,48,201.66000000000003,4.201250000000001
progress-99|risk150|limit3|loss100,Observed,2026-02,39,-411.56,-10.552820512820514
progress-99|risk150|limit3|loss100,Observed,2026-03,38,274.9,7.234210526315789
progress-99|risk150|limit3|loss100,Observed,2026-04,44,61.730000000000004,1.4029545454545456
progress-99|risk150|limit3|loss100,Observed,2026-05,40,76.71999999999996,1.9179999999999988
progress-99|risk150|limit3|loss100,Observed,2026-06,24,-141.04000000000002,-5.876666666666668
progress-99|risk150|limit3|loss100,Conservative,2025-10,60,240.07952945402297,4.001325490900383
progress-99|risk150|limit3|loss100,Conservative,2025-11,34,-158.34552801724143,-4.657221412271807
progress-99|risk150|limit3|loss100,Conservative,2025-12,54,-53.30000000000005,-0.9870370370370379
progress-99|risk150|limit3|loss100,Conservative,2026-01,48,165.58286278735633,3.4496429747365904
progress-99|risk150|limit3|loss100,Conservative,2026-02,39,-431.8698958333334,-11.073587072649573
progress-99|risk150|limit3|loss100,Conservative,2026-03,38,251.09630028735629,6.60779737598306
progress-99|risk150|limit3|loss100,Conservative,2026-04,44,17.046091954022987,0.3874111807732497
progress-99|risk150|limit3|loss100,Conservative,2026-05,40,56.251609195402246,1.4062902298850561
progress-99|risk150|limit3|loss100,Conservative,2026-06,24,-157.17703304597703,-6.549043043582376
progress-99|risk150|limit3|loss150,Observed,2025-10,60,292.73999999999995,4.879
progress-99|risk150|limit3|loss150,Observed,2025-11,34,-119.05000000000004,-3.5014705882352954
progress-99|risk150|limit3|loss150,Observed,2025-12,54,-24.55000000000003,-0.45462962962963016
progress-99|risk150|limit3|loss150,Observed,2026-01,48,201.66000000000003,4.201250000000001
progress-99|risk150|limit3|loss150,Observed,2026-02,39,-411.56,-10.552820512820514
progress-99|risk150|limit3|loss150,Observed,2026-03,38,274.9,7.234210526315789
progress-99|risk150|limit3|loss150,Observed,2026-04,44,61.730000000000004,1.4029545454545456
progress-99|risk150|limit3|loss150,Observed,2026-05,40,76.71999999999996,1.9179999999999988
progress-99|risk150|limit3|loss150,Observed,2026-06,24,-141.04000000000002,-5.876666666666668
progress-99|risk150|limit3|loss150,Conservative,2025-10,60,240.07952945402297,4.001325490900383
progress-99|risk150|limit3|loss150,Conservative,2025-11,34,-158.34552801724143,-4.657221412271807
progress-99|risk150|limit3|loss150,Conservative,2025-12,54,-53.30000000000005,-0.9870370370370379
progress-99|risk150|limit3|loss150,Conservative,2026-01,48,165.58286278735633,3.4496429747365904
progress-99|risk150|limit3|loss150,Conservative,2026-02,39,-431.8698958333334,-11.073587072649573
progress-99|risk150|limit3|loss150,Conservative,2026-03,38,251.09630028735629,6.60779737598306
progress-99|risk150|limit3|loss150,Conservative,2026-04,44,17.046091954022987,0.3874111807732497
progress-99|risk150|limit3|loss150,Conservative,2026-05,40,56.251609195402246,1.4062902298850561
progress-99|risk150|limit3|loss150,Conservative,2026-06,24,-157.17703304597703,-6.549043043582376
progress-99|risk150|limit2|loss100,Observed,2025-10,44,162.94,3.703181818181818
progress-99|risk150|limit2|loss100,Observed,2025-11,31,-9.950000000000031,-0.3209677419354849
progress-99|risk150|limit2|loss100,Observed,2025-12,39,121.44999999999997,3.1141025641025633
progress-99|risk150|limit2|loss100,Observed,2026-01,35,128.51,3.6717142857142853
progress-99|risk150|limit2|loss100,Observed,2026-02,32,-291.41,-9.1065625
progress-99|risk150|limit2|loss100,Observed,2026-03,30,241.49999999999994,8.049999999999999
progress-99|risk150|limit2|loss100,Observed,2026-04,34,-40.55,-1.1926470588235294
progress-99|risk150|limit2|loss100,Observed,2026-05,31,-70.23000000000002,-2.2654838709677425
progress-99|risk150|limit2|loss100,Observed,2026-06,20,-97.24000000000001,-4.862
progress-99|risk150|limit2|loss100,Conservative,2025-10,44,123.69619612068963,2.811277184561128
progress-99|risk150|limit2|loss100,Conservative,2025-11,31,-43.061619971264406,-1.3890845152020777
progress-99|risk150|limit2|loss100,Conservative,2025-12,39,96.53333333333332,2.475213675213675
progress-99|risk150|limit2|loss100,Conservative,2026-01,35,102.01619612068964,2.9147484605911327
progress-99|risk150|limit2|loss100,Conservative,2026-02,32,-309.80322916666665,-9.681350911458333
progress-99|risk150|limit2|loss100,Conservative,2026-03,30,228.42286278735628,7.61409542624521
progress-99|risk150|limit2|loss100,Conservative,2026-04,34,-81.40057471264369,-2.394134550371873
progress-99|risk150|limit2|loss100,Conservative,2026-05,31,-82.59781609195404,-2.6644456803856142
progress-99|risk150|limit2|loss100,Conservative,2026-06,20,-113.37703304597703,-5.6688516522988515
progress-99|risk150|limit2|loss150,Observed,2025-10,44,162.94,3.703181818181818
progress-99|risk150|limit2|loss150,Observed,2025-11,31,-9.950000000000031,-0.3209677419354849
progress-99|risk150|limit2|loss150,Observed,2025-12,39,121.44999999999997,3.1141025641025633
progress-99|risk150|limit2|loss150,Observed,2026-01,35,128.51,3.6717142857142853
progress-99|risk150|limit2|loss150,Observed,2026-02,32,-291.41,-9.1065625
progress-99|risk150|limit2|loss150,Observed,2026-03,30,241.49999999999994,8.049999999999999
progress-99|risk150|limit2|loss150,Observed,2026-04,34,-40.55,-1.1926470588235294
progress-99|risk150|limit2|loss150,Observed,2026-05,31,-70.23000000000002,-2.2654838709677425
progress-99|risk150|limit2|loss150,Observed,2026-06,20,-97.24000000000001,-4.862
progress-99|risk150|limit2|loss150,Conservative,2025-10,44,123.69619612068963,2.811277184561128
progress-99|risk150|limit2|loss150,Conservative,2025-11,31,-43.061619971264406,-1.3890845152020777
progress-99|risk150|limit2|loss150,Conservative,2025-12,39,96.53333333333332,2.475213675213675
progress-99|risk150|limit2|loss150,Conservative,2026-01,35,102.01619612068964,2.9147484605911327
progress-99|risk150|limit2|loss150,Conservative,2026-02,32,-309.80322916666665,-9.681350911458333
progress-99|risk150|limit2|loss150,Conservative,2026-03,30,228.42286278735628,7.61409542624521
progress-99|risk150|limit2|loss150,Conservative,2026-04,34,-81.40057471264369,-2.394134550371873
progress-99|risk150|limit2|loss150,Conservative,2026-05,31,-82.59781609195404,-2.6644456803856142
progress-99|risk150|limit2|loss150,Conservative,2026-06,20,-113.37703304597703,-5.6688516522988515
progress-99|risk175|limit2|loss100,Observed,2025-10,44,162.94,3.703181818181818
progress-99|risk175|limit2|loss100,Observed,2025-11,31,-34.95000000000003,-1.1274193548387106
progress-99|risk175|limit2|loss100,Observed,2025-12,39,121.44999999999997,3.1141025641025633
progress-99|risk175|limit2|loss100,Observed,2026-01,35,128.51,3.6717142857142853
progress-99|risk175|limit2|loss100,Observed,2026-02,32,-291.41,-9.1065625
progress-99|risk175|limit2|loss100,Observed,2026-03,30,241.49999999999994,8.049999999999999
progress-99|risk175|limit2|loss100,Observed,2026-04,34,-40.55,-1.1926470588235294
progress-99|risk175|limit2|loss100,Observed,2026-05,31,-70.23000000000002,-2.2654838709677425
progress-99|risk175|limit2|loss100,Observed,2026-06,20,-97.24000000000001,-4.862
progress-99|risk175|limit2|loss100,Conservative,2025-10,44,123.69619612068963,2.811277184561128
progress-99|risk175|limit2|loss100,Conservative,2025-11,31,-72.32886135057475,-2.333189075824992
progress-99|risk175|limit2|loss100,Conservative,2025-12,39,96.53333333333332,2.475213675213675
progress-99|risk175|limit2|loss100,Conservative,2026-01,35,102.01619612068964,2.9147484605911327
progress-99|risk175|limit2|loss100,Conservative,2026-02,32,-309.80322916666665,-9.681350911458333
progress-99|risk175|limit2|loss100,Conservative,2026-03,30,228.42286278735628,7.61409542624521
progress-99|risk175|limit2|loss100,Conservative,2026-04,34,-81.40057471264369,-2.394134550371873
progress-99|risk175|limit2|loss100,Conservative,2026-05,31,-82.59781609195404,-2.6644456803856142
progress-99|risk175|limit2|loss100,Conservative,2026-06,20,-113.37703304597703,-5.6688516522988515
progress-99|risk175|limit2|loss150,Observed,2025-10,44,162.94,3.703181818181818
progress-99|risk175|limit2|loss150,Observed,2025-11,31,-34.95000000000003,-1.1274193548387106
progress-99|risk175|limit2|loss150,Observed,2025-12,39,121.44999999999997,3.1141025641025633
progress-99|risk175|limit2|loss150,Observed,2026-01,35,128.51,3.6717142857142853
progress-99|risk175|limit2|loss150,Observed,2026-02,32,-291.41,-9.1065625
progress-99|risk175|limit2|loss150,Observed,2026-03,30,241.49999999999994,8.049999999999999
progress-99|risk175|limit2|loss150,Observed,2026-04,34,-40.55,-1.1926470588235294
progress-99|risk175|limit2|loss150,Observed,2026-05,31,-70.23000000000002,-2.2654838709677425
progress-99|risk175|limit2|loss150,Observed,2026-06,20,-97.24000000000001,-4.862
progress-99|risk175|limit2|loss150,Conservative,2025-10,44,123.69619612068963,2.811277184561128
progress-99|risk175|limit2|loss150,Conservative,2025-11,31,-72.32886135057475,-2.333189075824992
progress-99|risk175|limit2|loss150,Conservative,2025-12,39,96.53333333333332,2.475213675213675
progress-99|risk175|limit2|loss150,Conservative,2026-01,35,102.01619612068964,2.9147484605911327
progress-99|risk175|limit2|loss150,Conservative,2026-02,32,-309.80322916666665,-9.681350911458333
progress-99|risk175|limit2|loss150,Conservative,2026-03,30,228.42286278735628,7.61409542624521
progress-99|risk175|limit2|loss150,Conservative,2026-04,34,-81.40057471264369,-2.394134550371873
progress-99|risk175|limit2|loss150,Conservative,2026-05,31,-82.59781609195404,-2.6644456803856142
progress-99|risk175|limit2|loss150,Conservative,2026-06,20,-113.37703304597703,-5.6688516522988515
progress-99|risk200|limit2|loss100,Observed,2025-10,44,162.94,3.703181818181818
progress-99|risk200|limit2|loss100,Observed,2025-11,31,-34.95000000000003,-1.1274193548387106
progress-99|risk200|limit2|loss100,Observed,2025-12,39,121.44999999999997,3.1141025641025633
progress-99|risk200|limit2|loss100,Observed,2026-01,35,128.51,3.6717142857142853
progress-99|risk200|limit2|loss100,Observed,2026-02,32,-291.41,-9.1065625
progress-99|risk200|limit2|loss100,Observed,2026-03,30,241.49999999999994,8.049999999999999
progress-99|risk200|limit2|loss100,Observed,2026-04,34,-40.55,-1.1926470588235294
progress-99|risk200|limit2|loss100,Observed,2026-05,31,-70.23000000000002,-2.2654838709677425
progress-99|risk200|limit2|loss100,Observed,2026-06,20,-97.24000000000001,-4.862
progress-99|risk200|limit2|loss100,Conservative,2025-10,44,123.69619612068963,2.811277184561128
progress-99|risk200|limit2|loss100,Conservative,2025-11,31,-72.32886135057475,-2.333189075824992
progress-99|risk200|limit2|loss100,Conservative,2025-12,39,96.53333333333332,2.475213675213675
progress-99|risk200|limit2|loss100,Conservative,2026-01,35,102.01619612068964,2.9147484605911327
progress-99|risk200|limit2|loss100,Conservative,2026-02,32,-309.80322916666665,-9.681350911458333
progress-99|risk200|limit2|loss100,Conservative,2026-03,30,228.42286278735628,7.61409542624521
progress-99|risk200|limit2|loss100,Conservative,2026-04,34,-81.40057471264369,-2.394134550371873
progress-99|risk200|limit2|loss100,Conservative,2026-05,31,-82.59781609195404,-2.6644456803856142
progress-99|risk200|limit2|loss100,Conservative,2026-06,20,-113.37703304597703,-5.6688516522988515
progress-99|risk200|limit2|loss150,Observed,2025-10,44,162.94,3.703181818181818
progress-99|risk200|limit2|loss150,Observed,2025-11,31,-34.95000000000003,-1.1274193548387106
progress-99|risk200|limit2|loss150,Observed,2025-12,39,121.44999999999997,3.1141025641025633
progress-99|risk200|limit2|loss150,Observed,2026-01,35,128.51,3.6717142857142853
progress-99|risk200|limit2|loss150,Observed,2026-02,32,-291.41,-9.1065625
progress-99|risk200|limit2|loss150,Observed,2026-03,30,241.49999999999994,8.049999999999999
progress-99|risk200|limit2|loss150,Observed,2026-04,34,-40.55,-1.1926470588235294
progress-99|risk200|limit2|loss150,Observed,2026-05,31,-70.23000000000002,-2.2654838709677425
progress-99|risk200|limit2|loss150,Observed,2026-06,20,-97.24000000000001,-4.862
progress-99|risk200|limit2|loss150,Conservative,2025-10,44,123.69619612068963,2.811277184561128
progress-99|risk200|limit2|loss150,Conservative,2025-11,31,-72.32886135057475,-2.333189075824992
progress-99|risk200|limit2|loss150,Conservative,2025-12,39,96.53333333333332,2.475213675213675
progress-99|risk200|limit2|loss150,Conservative,2026-01,35,102.01619612068964,2.9147484605911327
progress-99|risk200|limit2|loss150,Conservative,2026-02,32,-309.80322916666665,-9.681350911458333
progress-99|risk200|limit2|loss150,Conservative,2026-03,30,228.42286278735628,7.61409542624521
progress-99|risk200|limit2|loss150,Conservative,2026-04,34,-81.40057471264369,-2.394134550371873
progress-99|risk200|limit2|loss150,Conservative,2026-05,31,-82.59781609195404,-2.6644456803856142
progress-99|risk200|limit2|loss150,Conservative,2026-06,20,-113.37703304597703,-5.6688516522988515
