SnapshotID,StrategyVersion,ResearchSchemaVersion,InstrumentProfileName,ExecutionProfileName,ProfileCatalogVersion,SignalID,TradeID,EntryTime,EntryBar,ExitTime,ExitBar,Side,ResearchPath,Quantity,EntryPrice,ExitPrice,StopPrice,TargetPrice,InitialRiskPoints,TargetR,PlannedTargetR,TargetRDrift,PointsR,ExitRole,Points,Dollars,RiskDollars,TargetDollars,ActualMFEPoints,ActualMAEPoints,ActualMFE_R,ActualMAE_R,PlannedRiskPoints,FilledRiskPoints,RiskDriftPoints,DailyPnlAfterDollars,DailyTradeCount,DailyConsecutiveLosses,IsAbnormalExecution,AbnormalReason,ExpectedExitPrice,ExitPriceDriftPoints,RawPoints,RawDollars,RawPointsR
"OPF-20260725-162011","OPF_0.1","OPF_RESEARCH_2.17","MNQ_0.1","MNQ_1Contract_Target150_200","OPF_PROFILE_0.1","20260504-2235-BEAR-OBS-001111-Z001111-OC","20260504-2240-Short-1112","2026-05-04T22:40:00.0000000",1112,"2026-05-04T22:45:00.0000000",1113,"Short","ObservationConfirm",3,27763.75,27743.833333333333333333333333,27777.00,27744.00,13.25,1.5,1.5,0.0,1.5031,"TP",19.916666666666666666666667,119.50,79.50,119.25,19.916666666666666666666667,0.75,1.5031,0.0566,13.00,13.25,0.25,119.50,1,0,False,"",27744.00,0.166666666666666666666667,19.916666666666666666666667,119.50,1.5031
"OPF-20260725-162011","OPF_0.1","OPF_RESEARCH_2.17","MNQ_0.1","MNQ_1Contract_Target150_200","OPF_PROFILE_0.1","20260504-2255-BEAR-OBS-001115-Z001115-OC","20260504-2300-Short-1116","2026-05-04T23:00:00.0000000",1116,"2026-05-04T23:05:00.0000000",1117,"Short","ObservationConfirm",3,27747.25,27758.00,27756.50,27733.50,9.25,1.5,1.5,0.0,-1.1622,"SL",-10.75,-64.50,55.50,83.25,6.00,10.75,0.6486,1.1622,9.50,9.25,-0.25,55.00,2,1,False,"",27756.50,1.50,-10.75,-64.50,-1.1622
"OPF-20260725-162011","OPF_0.1","OPF_RESEARCH_2.17","MNQ_0.1","MNQ_1Contract_Target150_200","OPF_PROFILE_0.1","20260505-0020-BEAR-OBS-001132-Z001132-OC","20260505-0025-Short-1133","2026-05-05T00:25:00.0000000",1133,"2026-05-05T00:30:00.0000000",1134,"Short","ObservationConfirm",3,27753.50,27774.50,27772.75,27724.75,19.25,1.5,1.5,0.0,-1.0909,"SL",-21.00,-126.00,115.50,173.25,2.75,21.00,0.1429,1.0909,19.00,19.25,0.25,-71.00,3,2,False,"",27772.75,1.75,-21.00,-126.00,-1.0909
"OPF-20260725-162011","OPF_0.1","OPF_RESEARCH_2.17","MNQ_0.1","MNQ_1Contract_Target150_200","OPF_PROFILE_0.1","20260505-0100-BULL-OBS-001140-Z001139-OC","20260505-0105-Long-1141","2026-05-05T01:05:00.0000000",1141,"2026-05-05T01:30:00.0000000",1146,"Long","ObservationConfirm",3,27785.333333333333333333333333,27830.25,27774.25,27829.75,11.083333333333333333333333,4,4,0,4.0526,"TP",44.916666666666666666666667,269.50,66.50,266.00,45.916666666666666666666667,2.583333333333333333333333,4.1429,0.2331,10.25,11.083333333333333333333333,0.8333,198.50,5,0,False,"",27829.75,0.50,44.916666666666666666666667,269.50,4.0526
"OPF-20260725-162011","OPF_0.1","OPF_RESEARCH_2.17","MNQ_0.1","MNQ_1Contract_Target150_200","OPF_PROFILE_0.1","20260505-0055-BULL-OBS-001139-Z001139-OC","20260505-0105-Long-1141-S2","2026-05-05T01:05:00.0000000",1141,"2026-05-05T01:35:00.0000000",1147,"Long","ObservationConfirm",3,27785.75,27831.75,27774.25,27831.75,11.50,4,4,0,4,"TP",46.00,276.00,69.00,276.00,47.25,3.00,4.1087,0.2609,11.00,11.50,0.50,474.50,5,0,False,"AbnormalTPFill:drift=18.75,max=4|NormalizedReplayExitFill:TP:raw=27813,expected=27831.75",27831.75,18.75,27.25,163.50,2.3696
"OPF-20260725-162011","OPF_0.1","OPF_RESEARCH_2.17","MNQ_0.1","MNQ_1Contract_Target150_200","OPF_PROFILE_0.1","20260505-0310-BULL-OBS-001166-Z001166-OC","20260505-0315-Long-1167","2026-05-05T03:15:00.0000000",1167,"2026-05-05T04:10:00.0000000",1178,"Long","ObservationConfirm_WideStop1_5R",3,27831.583333333333333333333333,27845.25,27813.25,27886.50,18.333333333333333333333333,3,3,0,0.7455,"TIME_STOP",13.666666666666666666666667,82.00,110.00,330.00,27.666666666666666666666667,3.333333333333333333333333,1.5091,0.1818,18.38,18.333333333333333333333333,-0.0467,556.50,7,0,False,"",27845.50,0.25,13.666666666666666666666667,82.00,0.7455
"OPF-20260725-162011","OPF_0.1","OPF_RESEARCH_2.17","MNQ_0.1","MNQ_1Contract_Target150_200","OPF_PROFILE_0.1","20260505-0330-BULL-OBS-001170-Z001170-OC","20260505-0335-Long-1171-S2","2026-05-05T03:35:00.0000000",1171,"2026-05-05T04:30:00.0000000",1182,"Long","ObservationConfirm_WideStop1_5R",3,27840.00,27835.00,27828.75,27873.75,11.25,3,3,0,-0.4444,"TIME_STOP",-5.00,-30.00,67.50,202.50,19.25,8.25,1.7111,0.7333,10.88,11.25,0.37,526.50,7,1,False,"",27835.00,0.00,-5.00,-30.00,-0.4444
"OPF-20260725-162011","OPF_0.1","OPF_RESEARCH_2.17","MNQ_0.1","MNQ_1Contract_Target150_200","OPF_PROFILE_0.1","20260505-0500-BEAR-OBS-001188-Z001188-OC","20260505-0505-Short-1189","2026-05-05T05:05:00.0000000",1189,"2026-05-05T05:10:00.0000000",1190,"Short","ObservationConfirm",3,27831.00,27841.50,27841.50,27815.25,10.50,1.5,1.5,0.0,-1,"SL",-10.50,-63.00,63.00,94.50,0,10.50,0,1,10.00,10.50,0.50,463.50,8,2,False,"",27841.50,0.00,-10.50,-63.00,-1
"OPF-20260725-162011","OPF_0.1","OPF_RESEARCH_2.17","MNQ_0.1","MNQ_1Contract_Target150_200","OPF_PROFILE_0.1","20260505-0620-BULL-OBS-001204-Z001165-OC","20260505-0625-Long-1205","2026-05-05T06:25:00.0000000",1205,"2026-05-05T06:50:00.0000000",1210,"Long","ObservationConfirm_WideStop1_5R",3,27829.00,27884.50,27810.25,27885.25,18.75,3,3,0,2.96,"TP",55.50,333.00,112.50,337.50,56.25,0,3,0,19.50,18.75,-0.75,796.50,10,0,False,"",27885.25,0.75,55.50,333.00,2.96
"OPF-20260725-162011","OPF_0.1","OPF_RESEARCH_2.17","MNQ_0.1","MNQ_1Contract_Target150_200","OPF_PROFILE_0.1","20260505-0640-BULL-OBS-001208-Z001208-OC","20260505-0645-Long-1209-S2","2026-05-05T06:45:00.0000000",1209,"2026-05-05T07:30:00.0000000",1218,"Long","ObservationConfirm",3,27865.166666666666666666666667,27912.083333333333333333333333,27853.25,27912.75,11.916666666666666666666667,4,4,0,3.9371,"TP",46.916666666666666666666666,281.50,71.50,286.00,48.083333333333333333333333,1.166666666666666666666667,4.0350,0.0979,10.50,11.916666666666666666666667,1.4167,1078.00,11,0,False,"",27912.75,0.666666666666666666666667,46.916666666666666666666666,281.50,3.9371
"OPF-20260725-162011","OPF_0.1","OPF_RESEARCH_2.17","MNQ_0.1","MNQ_1Contract_Target150_200","OPF_PROFILE_0.1","20260505-0700-BULL-OBS-001212-Z001211-OC-STR","20260505-0705-Long-1213-S2","2026-05-05T07:05:00.0000000",1213,"2026-05-05T08:00:00.0000000",1224,"Long","ObservationStrict_Other",3,27891.00,27900.00,27867.25,27962.25,23.75,3,3,0,0.3789,"TIME_STOP",9.00,54.00,142.50,427.50,35.50,16.00,1.4947,0.6737,22.75,23.75,1.00,1132.00,11,0,False,"",27900.25,0.25,9.00,54.00,0.3789
"OPF-20260725-162011","OPF_0.1","OPF_RESEARCH_2.17","MNQ_0.1","MNQ_1Contract_Target150_200","OPF_PROFILE_0.1","20260505-0815-BULL-OBS-001227-Z001227-OC","20260505-0820-Long-1228","2026-05-05T08:20:00.0000000",1228,"2026-05-05T09:15:00.0000000",1239,"Long","ObservationConfirm_WideStop1_5R",3,27924.50,27922.166666666666666666666667,27904.75,27983.75,19.75,3,3,0,-0.1181,"TIME_STOP",-2.333333333333333333333333,-14.00,118.50,355.50,18.50,16.00,0.9367,0.8101,19.12,19.75,0.63,1118.00,12,1,False,"",27922.00,0.166666666666666666666667,-2.333333333333333333333333,-14.00,-0.1181
"OPF-20260725-162011","OPF_0.1","OPF_RESEARCH_2.17","MNQ_0.1","MNQ_1Contract_Target150_200","OPF_PROFILE_0.1","20260505-1305-BULL-OBS-001285-Z001285-OC","20260505-1310-Long-1286","2026-05-05T13:10:00.0000000",1286,"2026-05-05T13:10:00.0000000",1286,"Long","ObservationConfirm",3,27991.00,27982.25,27982.25,28004.25,8.75,1.5,1.5,0.0,-1,"SL",-8.75,-52.50,52.50,78.75,0,8.75,0,1,9.00,8.75,-0.25,1065.50,13,2,False,"",27982.25,0.00,-8.75,-52.50,-1
"OPF-20260725-162011","OPF_0.1","OPF_RESEARCH_2.17","MNQ_0.1","MNQ_1Contract_Target150_200","OPF_PROFILE_0.1","20260505-1705-BULL-PB-001333-Z001330","20260505-1705-Long-1333-S2","2026-05-05T17:05:00.0000000",1333,"2026-05-05T17:05:00.0000000",1333,"Long","AlmostConfirmed",3,28116.50,28109.666666666666666666666667,28109.75,28143.50,6.75,4,4,0,-1.0123,"SL",-6.833333333333333333333333,-41.00,40.50,162.00,0,6.833333333333333333333333,0,1.0123,6.75,6.75,0.00,1024.50,15,3,False,"",28109.75,0.083333333333333333333333,-6.833333333333333333333333,-41.00,-1.0123
"OPF-20260725-162011","OPF_0.1","OPF_RESEARCH_2.17","MNQ_0.1","MNQ_1Contract_Target150_200","OPF_PROFILE_0.1","20260505-1650-BULL-OBS-001330-Z001330-OC","20260505-1655-Long-1331","2026-05-05T16:55:00.0000000",1331,"2026-05-05T17:50:00.0000000",1342,"Long","ObservationConfirm_WideStop1_5R",3,28125.833333333333333333333333,28161.833333333333333333333333,28102.00,28197.25,23.833333333333333333333333,3,3,0,1.5105,"TIME_STOP",36.000000000000000000000000,216.00,143.00,429.00,41.916666666666666666666667,18.083333333333333333333333,1.7587,0.7587,23.25,23.833333333333333333333333,0.5833,1240.50,15,0,False,"",28162.00,0.166666666666666666666667,36.000000000000000000000000,216.00,1.5105
"OPF-20260725-162011","OPF_0.1","OPF_RESEARCH_2.17","MNQ_0.1","MNQ_1Contract_Target150_200","OPF_PROFILE_0.1","20260505-1800-BULL-OBS-001344-Z001343-OC-STR","20260505-1805-Long-1345","2026-05-05T18:05:00.0000000",1345,"2026-05-05T18:45:00.0000000",1353,"Long","ObservationStrict_Other",3,28171.00,28154.25,28154.25,28221.25,16.75,3,3,0,-1,"SL",-16.75,-100.50,100.50,301.50,18.00,16.75,1.0746,1,16.75,16.75,0.00,1140.00,16,1,False,"",28154.25,0.00,-16.75,-100.50,-1
