SnapshotID,StrategyVersion,ResearchSchemaVersion,InstrumentProfileName,ExecutionProfileName,ProfileCatalogVersion,SignalID,Time,Bar,Stage,Side,SetupType,ZoneID,ZoneType,ZoneFreshness,RegimeScore,SetupQualityScore,SkipReasons
"OPF-20260725-161545","OPF_0.1","OPF_RESEARCH_2.17","MNQ_0.1","MNQ_1Contract_Target150_200","OPF_PROFILE_0.1","20260101-2315-BULL-OBS-000831-Z000831","2026-01-01T23:15:00.0000000",831,"ResearchOnly","Long","TrendPullback","20260101-2315-BullFVG-000831","BullFVG","Fresh",0,41.00,"ObservationResearch|ZoneJustCreated|Regime=Unknown"
"OPF-20260725-161545","OPF_0.1","OPF_RESEARCH_2.17","MNQ_0.1","MNQ_1Contract_Target150_200","OPF_PROFILE_0.1","20260101-2315-BULL-OBS-000831-Z000831-OC","2026-01-01T23:20:00.0000000",832,"ResearchOnly","Long","TrendPullback","20260101-2315-BullFVG-000831","BullFVG","Fresh",0,60.00,"ObservationResearch|ZoneJustCreated|Regime=Unknown|ObservationConfirmResearch|ZoneBirthResearch|ReclaimZoneHigh"
"OPF-20260725-161545","OPF_0.1","OPF_RESEARCH_2.17","MNQ_0.1","MNQ_1Contract_Target150_200","OPF_PROFILE_0.1","20260101-2330-BULL-OBS-000834-Z000831","2026-01-01T23:30:00.0000000",834,"ResearchOnly","Long","TrendPullback","20260101-2315-BullFVG-000831","BullFVG","SecondTouch",20,41.00,"ObservationResearch|RegimeUnknown|Regime=Unknown"
"OPF-20260725-161545","OPF_0.1","OPF_RESEARCH_2.17","MNQ_0.1","MNQ_1Contract_Target150_200","OPF_PROFILE_0.1","20260101-2330-BULL-OBS-000834-Z000831-OC","2026-01-01T23:35:00.0000000",835,"ResearchOnly","Long","TrendPullback","20260101-2315-BullFVG-000831","BullFVG","SecondTouch",20,49.00,"ObservationResearch|RegimeUnknown|Regime=Unknown|ObservationConfirmResearch|UnknownRegimeZoneTouch|ReclaimZoneHigh"
"OPF-20260725-161545","OPF_0.1","OPF_RESEARCH_2.17","MNQ_0.1","MNQ_1Contract_Target150_200","OPF_PROFILE_0.1","20260101-2330-BULL-OBS-000834-Z000831-OC-STR","2026-01-01T23:35:00.0000000",835,"ResearchOnly","Long","TrendPullback","20260101-2315-BullFVG-000831","BullFVG","SecondTouch",20,49.00,"ObservationResearch|RegimeUnknown|Regime=Unknown|ObservationConfirmResearch|UnknownRegimeZoneTouch|ReclaimZoneHigh|ObservationConfirmStrictResearch|ObservationStrict_Other|UnknownRegimeZoneTouch|ReclaimZoneHigh"
"OPF-20260725-161545","OPF_0.1","OPF_RESEARCH_2.17","MNQ_0.1","MNQ_1Contract_Target150_200","OPF_PROFILE_0.1","20260102-0020-BULL-OBS-000844-Z000844","2026-01-02T00:20:00.0000000",844,"ResearchOnly","Long","TrendPullback","20260102-0020-BullFVG-000844","BullFVG","Fresh",0,41.00,"ObservationResearch|ZoneJustCreated|Regime=Unknown"
"OPF-20260725-161545","OPF_0.1","OPF_RESEARCH_2.17","MNQ_0.1","MNQ_1Contract_Target150_200","OPF_PROFILE_0.1","20260102-0020-BULL-OBS-000844-Z000844-OC","2026-01-02T00:25:00.0000000",845,"ResearchOnly","Long","TrendPullback","20260102-0020-BullFVG-000844","BullFVG","Fresh",0,60.00,"ObservationResearch|ZoneJustCreated|Regime=Unknown|ObservationConfirmResearch|ZoneBirthResearch|ReclaimZoneHigh"
"OPF-20260725-161545","OPF_0.1","OPF_RESEARCH_2.17","MNQ_0.1","MNQ_1Contract_Target150_200","OPF_PROFILE_0.1","20260102-0025-BULL-OBS-000845-Z000844","2026-01-02T00:25:00.0000000",845,"ResearchOnly","Long","TrendPullback","20260102-0020-BullFVG-000844","BullFVG","SecondTouch",0,41.00,"ObservationResearch|RegimeUnknown|Regime=Unknown"
"OPF-20260725-161545","OPF_0.1","OPF_RESEARCH_2.17","MNQ_0.1","MNQ_1Contract_Target150_200","OPF_PROFILE_0.1","20260102-0025-BULL-OBS-000845-Z000844-OC","2026-01-02T00:30:00.0000000",846,"ResearchOnly","Long","TrendPullback","20260102-0020-BullFVG-000844","BullFVG","SecondTouch",0,52.00,"ObservationResearch|RegimeUnknown|Regime=Unknown|ObservationConfirmResearch|UnknownRegimeZoneTouch|ReclaimZoneHigh"
"OPF-20260725-161545","OPF_0.1","OPF_RESEARCH_2.17","MNQ_0.1","MNQ_1Contract_Target150_200","OPF_PROFILE_0.1","20260102-0025-BULL-OBS-000845-Z000844-OC-STR","2026-01-02T00:30:00.0000000",846,"ResearchOnly","Long","TrendPullback","20260102-0020-BullFVG-000844","BullFVG","SecondTouch",0,52.00,"ObservationResearch|RegimeUnknown|Regime=Unknown|ObservationConfirmResearch|UnknownRegimeZoneTouch|ReclaimZoneHigh|ObservationConfirmStrictResearch|ObservationStrict_Other|UnknownRegimeZoneTouch|ReclaimZoneHigh"
"OPF-20260725-161545","OPF_0.1","OPF_RESEARCH_2.17","MNQ_0.1","MNQ_1Contract_Target150_200","OPF_PROFILE_0.1","20260102-0040-BEAR-OBS-000848-Z000848","2026-01-02T00:40:00.0000000",848,"ResearchOnly","Short","TrendPullback","20260102-0040-BearFVG-000848","BearFVG","Fresh",10,41.00,"ObservationResearch|ZoneJustCreated|Regime=Unknown"
"OPF-20260725-161545","OPF_0.1","OPF_RESEARCH_2.17","MNQ_0.1","MNQ_1Contract_Target150_200","OPF_PROFILE_0.1","20260102-0040-BEAR-OBS-000848-Z000848-OC","2026-01-02T00:45:00.0000000",849,"ResearchOnly","Short","TrendPullback","20260102-0040-BearFVG-000848","BearFVG","Fresh",10,60.00,"ObservationResearch|ZoneJustCreated|Regime=Unknown|ObservationConfirmResearch|ZoneBirthResearch|ReclaimZoneLow"
"OPF-20260725-161545","OPF_0.1","OPF_RESEARCH_2.17","MNQ_0.1","MNQ_1Contract_Target150_200","OPF_PROFILE_0.1","20260102-0045-BEAR-OBS-000849-Z000848","2026-01-02T00:45:00.0000000",849,"ResearchOnly","Short","TrendPullback","20260102-0040-BearFVG-000848","BearFVG","SecondTouch",10,37.00,"ObservationResearch|RegimeUnknown|Regime=Unknown"
"OPF-20260725-161545","OPF_0.1","OPF_RESEARCH_2.17","MNQ_0.1","MNQ_1Contract_Target150_200","OPF_PROFILE_0.1","20260102-0045-BEAR-OBS-000849-Z000848-FR","2026-01-02T00:50:00.0000000",850,"ResearchOnly","Long","FailureReverse","20260102-0040-BearFVG-000848","BearFVG","SecondTouch",10,42.00,"FailureReverseResearch|FailureSourceSignalID=20260102-0045-BEAR-OBS-000849-Z000848|FailureSource=BearFVG|FailureSourceZoneFreshness=SecondTouch|UnknownRegimeZoneTouch|RegimeUnknown"
"OPF-20260725-161545","OPF_0.1","OPF_RESEARCH_2.17","MNQ_0.1","MNQ_1Contract_Target150_200","OPF_PROFILE_0.1","20260102-0045-BEAR-OBS-000849-Z000848-FR-AEW1","2026-01-02T00:55:00.0000000",851,"Triggered","Long","FailureReverse","20260102-0040-BearFVG-000848","BearFVG","SecondTouch",10,42.00,"FailureReverseResearch|FailureSourceSignalID=20260102-0045-BEAR-OBS-000849-Z000848|FailureSource=BearFVG|FailureSourceZoneFreshness=SecondTouch|UnknownRegimeZoneTouch|RegimeUnknown|AggressiveExpansionWait1V165:originBar=850|AggressiveExpansionWait1ConfirmBarStopV166|OriginPath=FailureReverse_ObservationInvalidated"
"OPF-20260725-161545","OPF_0.1","OPF_RESEARCH_2.17","MNQ_0.1","MNQ_1Contract_Target150_200","OPF_PROFILE_0.1","20260102-0045-BEAR-OBS-000849-Z000848-FR-RT","2026-01-02T01:00:00.0000000",852,"Triggered","Long","FailureReverse","20260102-0040-BearFVG-000848","BearFVG","SecondTouch",10,52.00,"FailureReverseResearch|FailureSourceSignalID=20260102-0045-BEAR-OBS-000849-Z000848|FailureSource=BearFVG|FailureSourceZoneFreshness=SecondTouch|UnknownRegimeZoneTouch|RegimeUnknown|FailureRetestFailedTriggered|ReclaimZoneHigh"
"OPF-20260725-161545","OPF_0.1","OPF_RESEARCH_2.17","MNQ_0.1","MNQ_1Contract_Target150_200","OPF_PROFILE_0.1","20260102-0100-BULL-OBS-000852-Z000852","2026-01-02T01:00:00.0000000",852,"ResearchOnly","Long","TrendPullback","20260102-0100-BullFVG-000852","BullFVG","Fresh",50,65.00,"ObservationResearch|ZoneJustCreated|Regime=Unknown"
"OPF-20260725-161545","OPF_0.1","OPF_RESEARCH_2.17","MNQ_0.1","MNQ_1Contract_Target150_200","OPF_PROFILE_0.1","20260102-0100-BULL-OBS-000852-Z000852-OC","2026-01-02T01:05:00.0000000",853,"ResearchOnly","Long","TrendPullback","20260102-0100-BullFVG-000852","BullFVG","Fresh",50,80.00,"ObservationResearch|ZoneJustCreated|Regime=Unknown|ObservationConfirmResearch|ZoneBirthResearch|ReclaimZoneHigh"
"OPF-20260725-161545","OPF_0.1","OPF_RESEARCH_2.17","MNQ_0.1","MNQ_1Contract_Target150_200","OPF_PROFILE_0.1","20260102-0100-BULL-OBS-000852-Z000852-OC-STR","2026-01-02T01:05:00.0000000",853,"ResearchOnly","Long","TrendPullback","20260102-0100-BullFVG-000852","BullFVG","Fresh",50,80.00,"ObservationResearch|ZoneJustCreated|Regime=Unknown|ObservationConfirmResearch|ZoneBirthResearch|ReclaimZoneHigh|ObservationConfirmStrictResearch|ObservationStrict_BullFresh|ZoneBirthResearch|ReclaimZoneHigh"
"OPF-20260725-161545","OPF_0.1","OPF_RESEARCH_2.17","MNQ_0.1","MNQ_1Contract_Target150_200","OPF_PROFILE_0.1","20260102-0105-BULL-BRK-000853-Z000853","2026-01-02T01:05:00.0000000",853,"ResearchOnly","Long","TrendPullback","20260102-0105-BullFVG-000853","BullFVG","Fresh",70,95.00,"BreakawayFvgResearch"
"OPF-20260725-161545","OPF_0.1","OPF_RESEARCH_2.17","MNQ_0.1","MNQ_1Contract_Target150_200","OPF_PROFILE_0.1","20260102-0105-BULL-SHD-000853-Z000853","2026-01-02T01:05:00.0000000",853,"ResearchOnly","Long","TrendPullback","20260102-0105-BullFVG-000853","BullFVG","Fresh",70,85.00,"ShadowCandidate|ZoneJustCreated"
"OPF-20260725-161545","OPF_0.1","OPF_RESEARCH_2.17","MNQ_0.1","MNQ_1Contract_Target150_200","OPF_PROFILE_0.1","20260102-0105-BULL-OBS-000853-Z000853","2026-01-02T01:05:00.0000000",853,"ResearchOnly","Long","TrendPullback","20260102-0105-BullFVG-000853","BullFVG","Fresh",70,85.00,"ObservationResearch|ZoneJustCreated|Regime=BullTrend"
"OPF-20260725-161545","OPF_0.1","OPF_RESEARCH_2.17","MNQ_0.1","MNQ_1Contract_Target150_200","OPF_PROFILE_0.1","20260102-0105-BULL-OBS-000853-Z000853-OC","2026-01-02T01:10:00.0000000",854,"ResearchOnly","Long","TrendPullback","20260102-0105-BullFVG-000853","BullFVG","Fresh",70,96.00,"ObservationResearch|ZoneJustCreated|Regime=BullTrend|ObservationConfirmResearch|ZoneBirthResearch|ReclaimZoneHigh"
"OPF-20260725-161545","OPF_0.1","OPF_RESEARCH_2.17","MNQ_0.1","MNQ_1Contract_Target150_200","OPF_PROFILE_0.1","20260102-0105-BULL-OBS-000853-Z000853-OC","2026-01-02T01:10:00.0000000",854,"Executed","Long","TrendPullback","20260102-0105-BullFVG-000853","BullFVG","Fresh",70,96.00,"ObservationResearch|ZoneJustCreated|Regime=BullTrend|ObservationConfirmResearch|ZoneBirthResearch|ReclaimZoneHigh|ReplayExecuted|ObservationConfirm_WideStop1_5R|20260102-0110-Long-854"
"OPF-20260725-161545","OPF_0.1","OPF_RESEARCH_2.17","MNQ_0.1","MNQ_1Contract_Target150_200","OPF_PROFILE_0.1","20260102-0105-BULL-OBS-000853-Z000853-OC-STR","2026-01-02T01:10:00.0000000",854,"ResearchOnly","Long","TrendPullback","20260102-0105-BullFVG-000853","BullFVG","Fresh",70,96.00,"ObservationResearch|ZoneJustCreated|Regime=BullTrend|ObservationConfirmResearch|ZoneBirthResearch|ReclaimZoneHigh|ObservationConfirmStrictResearch|ObservationStrict_BullFresh|ZoneBirthResearch|ReclaimZoneHigh"
"OPF-20260725-161545","OPF_0.1","OPF_RESEARCH_2.17","MNQ_0.1","MNQ_1Contract_Target150_200","OPF_PROFILE_0.1","20260102-0110-BULL-BRK-000854-Z000854","2026-01-02T01:10:00.0000000",854,"ResearchOnly","Long","TrendPullback","20260102-0110-BullFVG-000854","BullFVG","Fresh",70,91.00,"BreakawayFvgResearch"
"OPF-20260725-161545","OPF_0.1","OPF_RESEARCH_2.17","MNQ_0.1","MNQ_1Contract_Target150_200","OPF_PROFILE_0.1","20260102-0110-BULL-SHD-000854-Z000854","2026-01-02T01:10:00.0000000",854,"ResearchOnly","Long","TrendPullback","20260102-0110-BullFVG-000854","BullFVG","Fresh",70,81.00,"ShadowCandidate|ZoneJustCreated"
"OPF-20260725-161545","OPF_0.1","OPF_RESEARCH_2.17","MNQ_0.1","MNQ_1Contract_Target150_200","OPF_PROFILE_0.1","20260102-0110-BULL-OBS-000854-Z000854","2026-01-02T01:10:00.0000000",854,"ResearchOnly","Long","TrendPullback","20260102-0110-BullFVG-000854","BullFVG","Fresh",70,81.00,"ObservationResearch|ZoneJustCreated|Regime=BullTrend"
"OPF-20260725-161545","OPF_0.1","OPF_RESEARCH_2.17","MNQ_0.1","MNQ_1Contract_Target150_200","OPF_PROFILE_0.1","20260102-0110-BULL-OBS-000854-Z000854-OC","2026-01-02T01:15:00.0000000",855,"ResearchOnly","Long","TrendPullback","20260102-0110-BullFVG-000854","BullFVG","Fresh",70,90.00,"ObservationResearch|ZoneJustCreated|Regime=BullTrend|ObservationConfirmResearch|ZoneBirthResearch|ReclaimZoneHigh"
"OPF-20260725-161545","OPF_0.1","OPF_RESEARCH_2.17","MNQ_0.1","MNQ_1Contract_Target150_200","OPF_PROFILE_0.1","20260102-0110-BULL-OBS-000854-Z000854-OC","2026-01-02T01:15:00.0000000",855,"Executed","Long","TrendPullback","20260102-0110-BullFVG-000854","BullFVG","Fresh",70,90.00,"ObservationResearch|ZoneJustCreated|Regime=BullTrend|ObservationConfirmResearch|ZoneBirthResearch|ReclaimZoneHigh|ReplayExecuted|ObservationConfirm_WideStop1_5R|20260102-0115-Long-855"
"OPF-20260725-161545","OPF_0.1","OPF_RESEARCH_2.17","MNQ_0.1","MNQ_1Contract_Target150_200","OPF_PROFILE_0.1","20260102-0110-BULL-OBS-000854-Z000854-OC-STR","2026-01-02T01:15:00.0000000",855,"ResearchOnly","Long","TrendPullback","20260102-0110-BullFVG-000854","BullFVG","Fresh",70,90.00,"ObservationResearch|ZoneJustCreated|Regime=BullTrend|ObservationConfirmResearch|ZoneBirthResearch|ReclaimZoneHigh|ObservationConfirmStrictResearch|ObservationStrict_BullFresh|ZoneBirthResearch|ReclaimZoneHigh"
"OPF-20260725-161545","OPF_0.1","OPF_RESEARCH_2.17","MNQ_0.1","MNQ_1Contract_Target150_200","OPF_PROFILE_0.1","20260102-0115-BULL-OBS-000855-Z000855","2026-01-02T01:15:00.0000000",855,"ResearchOnly","Long","TrendPullback","20260102-0115-BullFVG-000855","BullFVG","Fresh",50,55.00,"ObservationResearch|ZoneJustCreated|Regime=Unknown"
"OPF-20260725-161545","OPF_0.1","OPF_RESEARCH_2.17","MNQ_0.1","MNQ_1Contract_Target150_200","OPF_PROFILE_0.1","20260102-0120-BULL-PB-000856-Z000853","2026-01-02T01:20:00.0000000",856,"Candidate","Long","TrendPullback","20260102-0105-BullFVG-000853","BullFVG","Fresh",70,70.00,"MainlineRetest"
"OPF-20260725-161545","OPF_0.1","OPF_RESEARCH_2.17","MNQ_0.1","MNQ_1Contract_Target150_200","OPF_PROFILE_0.1","20260102-0120-BULL-PB-000856-Z000853","2026-01-02T01:20:00.0000000",856,"ResearchOnly","Long","TrendPullback","20260102-0105-BullFVG-000853","BullFVG","Fresh",70,70.00,"MainlineRetest"
"OPF-20260725-161545","OPF_0.1","OPF_RESEARCH_2.17","MNQ_0.1","MNQ_1Contract_Target150_200","OPF_PROFILE_0.1","20260102-0105-BULL-SHD-000853-Z000853","2026-01-02T01:20:00.0000000",856,"ResearchOnly","Long","TrendPullback","20260102-0105-BullFVG-000853","BullFVG","Fresh",70,85.00,"ShadowCandidateResearch|ZoneJustCreated|ReclaimZoneHigh"
"OPF-20260725-161545","OPF_0.1","OPF_RESEARCH_2.17","MNQ_0.1","MNQ_1Contract_Target150_200","OPF_PROFILE_0.1","20260102-0115-BULL-OBS-000855-Z000855-FR","2026-01-02T01:20:00.0000000",856,"ResearchOnly","Short","FailureReverse","20260102-0115-BullFVG-000855","BullFVG","Fresh",50,70.00,"FailureReverseResearch|FailureSourceSignalID=20260102-0115-BULL-OBS-000855-Z000855|FailureSource=BullFVG|FailureSourceZoneFreshness=Fresh|ZoneBirthResearch|ZoneJustCreated"
"OPF-20260725-161545","OPF_0.1","OPF_RESEARCH_2.17","MNQ_0.1","MNQ_1Contract_Target150_200","OPF_PROFILE_0.1","20260102-0120-BULL-OBS-000856-Z000853","2026-01-02T01:20:00.0000000",856,"ResearchOnly","Long","TrendPullback","20260102-0105-BullFVG-000853","BullFVG","SecondTouch",50,51.00,"ObservationResearch|RegimeUnknown|Regime=Unknown"
"OPF-20260725-161545","OPF_0.1","OPF_RESEARCH_2.17","MNQ_0.1","MNQ_1Contract_Target150_200","OPF_PROFILE_0.1","20260102-0120-BULL-PB-000856-Z000853","2026-01-02T01:25:00.0000000",857,"Confirmed","Long","TrendPullback","20260102-0105-BullFVG-000853","BullFVG","Fresh",70,100.00,"TrendPullbackConfirmed|ReclaimZoneHigh"
"OPF-20260725-161545","OPF_0.1","OPF_RESEARCH_2.17","MNQ_0.1","MNQ_1Contract_Target150_200","OPF_PROFILE_0.1","20260102-0120-BULL-OBS-000856-Z000853-OC","2026-01-02T01:25:00.0000000",857,"ResearchOnly","Long","TrendPullback","20260102-0105-BullFVG-000853","BullFVG","SecondTouch",50,76.00,"ObservationResearch|RegimeUnknown|Regime=Unknown|ObservationConfirmResearch|UnknownRegimeZoneTouch|ReclaimZoneHigh"
"OPF-20260725-161545","OPF_0.1","OPF_RESEARCH_2.17","MNQ_0.1","MNQ_1Contract_Target150_200","OPF_PROFILE_0.1","20260102-0105-BULL-SHD-000853-Z000853-SCB","2026-01-02T01:30:00.0000000",858,"ResearchOnly","Long","TrendPullback","20260102-0105-BullFVG-000853","BullFVG","Fresh",70,95.00,"StructureConfirmShadowResearch|ShadowAfterRetest:ZoneJustCreated|MicroBos3BreakHigh"
"OPF-20260725-161545","OPF_0.1","OPF_RESEARCH_2.17","MNQ_0.1","MNQ_1Contract_Target150_200","OPF_PROFILE_0.1","20260102-0105-BULL-SHD-000853-Z000853-SCB-CBR","2026-01-02T01:30:00.0000000",858,"ResearchOnly","Long","TrendPullback","20260102-0105-BullFVG-000853","BullFVG","Fresh",70,95.00,"StructureConfirmShadowResearch|ShadowAfterRetest:ZoneJustCreated|MicroBos3BreakHigh|ConfirmBarStopResearch|ConfirmBarLow"
"OPF-20260725-161545","OPF_0.1","OPF_RESEARCH_2.17","MNQ_0.1","MNQ_1Contract_Target150_200","OPF_PROFILE_0.1","20260102-0105-BULL-SHD-000853-Z000853-SCB-CBM","2026-01-02T01:30:00.0000000",858,"ResearchOnly","Long","TrendPullback","20260102-0105-BullFVG-000853","BullFVG","Fresh",70,95.00,"StructureConfirmShadowResearch|ShadowAfterRetest:ZoneJustCreated|MicroBos3BreakHigh|ConfirmBarStopMin10Research|ConfirmBarLow"
"OPF-20260725-161545","OPF_0.1","OPF_RESEARCH_2.17","MNQ_0.1","MNQ_1Contract_Target150_200","OPF_PROFILE_0.1","20260102-0120-BULL-PB-000856-Z000853-SCB","2026-01-02T01:30:00.0000000",858,"ResearchOnly","Long","TrendPullback","20260102-0105-BullFVG-000853","BullFVG","Fresh",70,95.00,"StructureConfirmShadowResearch|CandidateAfterRetest|MicroBos3BreakHigh"
"OPF-20260725-161545","OPF_0.1","OPF_RESEARCH_2.17","MNQ_0.1","MNQ_1Contract_Target150_200","OPF_PROFILE_0.1","20260102-0120-BULL-PB-000856-Z000853-SCB-CBR","2026-01-02T01:30:00.0000000",858,"ResearchOnly","Long","TrendPullback","20260102-0105-BullFVG-000853","BullFVG","Fresh",70,95.00,"StructureConfirmShadowResearch|CandidateAfterRetest|MicroBos3BreakHigh|ConfirmBarStopResearch|ConfirmBarLow"
"OPF-20260725-161545","OPF_0.1","OPF_RESEARCH_2.17","MNQ_0.1","MNQ_1Contract_Target150_200","OPF_PROFILE_0.1","20260102-0120-BULL-PB-000856-Z000853-SCB-CBM","2026-01-02T01:30:00.0000000",858,"ResearchOnly","Long","TrendPullback","20260102-0105-BullFVG-000853","BullFVG","Fresh",70,95.00,"StructureConfirmShadowResearch|CandidateAfterRetest|MicroBos3BreakHigh|ConfirmBarStopMin10Research|ConfirmBarLow"
"OPF-20260725-161545","OPF_0.1","OPF_RESEARCH_2.17","MNQ_0.1","MNQ_1Contract_Target150_200","OPF_PROFILE_0.1","20260102-0130-BULL-OBS-000858-Z000858","2026-01-02T01:30:00.0000000",858,"ResearchOnly","Long","TrendPullback","20260102-0130-BullFVG-000858","BullFVG","Fresh",60,65.00,"ObservationResearch|ZoneJustCreated|Regime=Unknown"
"OPF-20260725-161545","OPF_0.1","OPF_RESEARCH_2.17","MNQ_0.1","MNQ_1Contract_Target150_200","OPF_PROFILE_0.1","20260102-0130-BULL-OBS-000858-Z000858-OC","2026-01-02T01:35:00.0000000",859,"ResearchOnly","Long","TrendPullback","20260102-0130-BullFVG-000858","BullFVG","Fresh",60,70.00,"ObservationResearch|ZoneJustCreated|Regime=Unknown|ObservationConfirmResearch|ZoneBirthResearch|ReclaimZoneHigh"
"OPF-20260725-161545","OPF_0.1","OPF_RESEARCH_2.17","MNQ_0.1","MNQ_1Contract_Target150_200","OPF_PROFILE_0.1","20260102-0130-BULL-OBS-000858-Z000858-OC-STR","2026-01-02T01:35:00.0000000",859,"ResearchOnly","Long","TrendPullback","20260102-0130-BullFVG-000858","BullFVG","Fresh",60,70.00,"ObservationResearch|ZoneJustCreated|Regime=Unknown|ObservationConfirmResearch|ZoneBirthResearch|ReclaimZoneHigh|ObservationConfirmStrictResearch|ObservationStrict_BullFresh|ZoneBirthResearch|ReclaimZoneHigh"
"OPF-20260725-161545","OPF_0.1","OPF_RESEARCH_2.17","MNQ_0.1","MNQ_1Contract_Target150_200","OPF_PROFILE_0.1","20260102-0115-BULL-OBS-000855-Z000855-FR-RT","2026-01-02T01:50:00.0000000",862,"Triggered","Short","FailureReverse","20260102-0115-BullFVG-000855","BullFVG","Fresh",50,80.00,"FailureReverseResearch|FailureSourceSignalID=20260102-0115-BULL-OBS-000855-Z000855|FailureSource=BullFVG|FailureSourceZoneFreshness=Fresh|ZoneBirthResearch|ZoneJustCreated|FailureRetestFailedTriggered|BreakPrevLow"
"OPF-20260725-161545","OPF_0.1","OPF_RESEARCH_2.17","MNQ_0.1","MNQ_1Contract_Target150_200","OPF_PROFILE_0.1","20260102-0200-BULL-BRK-000864-Z000864","2026-01-02T02:00:00.0000000",864,"ResearchOnly","Long","TrendPullback","20260102-0200-BullFVG-000864","BullFVG","Fresh",80,95.00,"BreakawayFvgResearch"
"OPF-20260725-161545","OPF_0.1","OPF_RESEARCH_2.17","MNQ_0.1","MNQ_1Contract_Target150_200","OPF_PROFILE_0.1","20260102-0200-BULL-SHD-000864-Z000864","2026-01-02T02:00:00.0000000",864,"ResearchOnly","Long","TrendPullback","20260102-0200-BullFVG-000864","BullFVG","Fresh",80,85.00,"ShadowCandidate|ZoneJustCreated"
"OPF-20260725-161545","OPF_0.1","OPF_RESEARCH_2.17","MNQ_0.1","MNQ_1Contract_Target150_200","OPF_PROFILE_0.1","20260102-0200-BULL-OBS-000864-Z000864","2026-01-02T02:00:00.0000000",864,"ResearchOnly","Long","TrendPullback","20260102-0200-BullFVG-000864","BullFVG","Fresh",80,85.00,"ObservationResearch|ZoneJustCreated|Regime=BullTrend"
"OPF-20260725-161545","OPF_0.1","OPF_RESEARCH_2.17","MNQ_0.1","MNQ_1Contract_Target150_200","OPF_PROFILE_0.1","20260102-0200-BULL-OBS-000864-Z000864-OC","2026-01-02T02:05:00.0000000",865,"ResearchOnly","Long","TrendPullback","20260102-0200-BullFVG-000864","BullFVG","Fresh",80,93.00,"ObservationResearch|ZoneJustCreated|Regime=BullTrend|ObservationConfirmResearch|ZoneBirthResearch|ReclaimZoneHigh"
"OPF-20260725-161545","OPF_0.1","OPF_RESEARCH_2.17","MNQ_0.1","MNQ_1Contract_Target150_200","OPF_PROFILE_0.1","20260102-0200-BULL-OBS-000864-Z000864-OC","2026-01-02T02:05:00.0000000",865,"Executed","Long","TrendPullback","20260102-0200-BullFVG-000864","BullFVG","Fresh",80,93.00,"ObservationResearch|ZoneJustCreated|Regime=BullTrend|ObservationConfirmResearch|ZoneBirthResearch|ReclaimZoneHigh|ReplayExecuted|ObservationConfirm_WideStop1_5R|20260102-0205-Long-865"
"OPF-20260725-161545","OPF_0.1","OPF_RESEARCH_2.17","MNQ_0.1","MNQ_1Contract_Target150_200","OPF_PROFILE_0.1","20260102-0200-BULL-OBS-000864-Z000864-OC-STR","2026-01-02T02:05:00.0000000",865,"ResearchOnly","Long","TrendPullback","20260102-0200-BullFVG-000864","BullFVG","Fresh",80,93.00,"ObservationResearch|ZoneJustCreated|Regime=BullTrend|ObservationConfirmResearch|ZoneBirthResearch|ReclaimZoneHigh|ObservationConfirmStrictResearch|ObservationStrict_BullFresh|ZoneBirthResearch|ReclaimZoneHigh"
"OPF-20260725-161545","OPF_0.1","OPF_RESEARCH_2.17","MNQ_0.1","MNQ_1Contract_Target150_200","OPF_PROFILE_0.1","20260102-0205-BULL-OBS-000865-Z000865","2026-01-02T02:05:00.0000000",865,"ResearchOnly","Long","TrendPullback","20260102-0205-BullFVG-000865","BullFVG","Fresh",60,58.00,"ObservationResearch|ZoneJustCreated|Regime=Unknown"
"OPF-20260725-161545","OPF_0.1","OPF_RESEARCH_2.17","MNQ_0.1","MNQ_1Contract_Target150_200","OPF_PROFILE_0.1","20260102-0205-BULL-OBS-000865-Z000865-OC","2026-01-02T02:10:00.0000000",866,"ResearchOnly","Long","TrendPullback","20260102-0205-BullFVG-000865","BullFVG","Fresh",60,80.00,"ObservationResearch|ZoneJustCreated|Regime=Unknown|ObservationConfirmResearch|ZoneBirthResearch|ReclaimZoneHigh"
"OPF-20260725-161545","OPF_0.1","OPF_RESEARCH_2.17","MNQ_0.1","MNQ_1Contract_Target150_200","OPF_PROFILE_0.1","20260102-0205-BULL-OBS-000865-Z000865-OC","2026-01-02T02:10:00.0000000",866,"Executed","Long","TrendPullback","20260102-0205-BullFVG-000865","BullFVG","Fresh",60,80.00,"ObservationResearch|ZoneJustCreated|Regime=Unknown|ObservationConfirmResearch|ZoneBirthResearch|ReclaimZoneHigh|ReplayExecuted|ObservationConfirm_WideStop1_5R|20260102-0210-Long-866-S2"
"OPF-20260725-161545","OPF_0.1","OPF_RESEARCH_2.17","MNQ_0.1","MNQ_1Contract_Target150_200","OPF_PROFILE_0.1","20260102-0210-BULL-OBS-000866-Z000865","2026-01-02T02:10:00.0000000",866,"ResearchOnly","Long","TrendPullback","20260102-0205-BullFVG-000865","BullFVG","SecondTouch",60,61.00,"ObservationResearch|RegimeUnknown|Regime=Unknown"
"OPF-20260725-161545","OPF_0.1","OPF_RESEARCH_2.17","MNQ_0.1","MNQ_1Contract_Target150_200","OPF_PROFILE_0.1","20260102-0210-BULL-OBS-000866-Z000865-OC","2026-01-02T02:15:00.0000000",867,"ResearchOnly","Long","TrendPullback","20260102-0205-BullFVG-000865","BullFVG","SecondTouch",60,69.00,"ObservationResearch|RegimeUnknown|Regime=Unknown|ObservationConfirmResearch|UnknownRegimeZoneTouch|ReclaimZoneHigh"
"OPF-20260725-161545","OPF_0.1","OPF_RESEARCH_2.17","MNQ_0.1","MNQ_1Contract_Target150_200","OPF_PROFILE_0.1","20260102-0210-BULL-OBS-000866-Z000865-OC-STR","2026-01-02T02:15:00.0000000",867,"ResearchOnly","Long","TrendPullback","20260102-0205-BullFVG-000865","BullFVG","SecondTouch",60,69.00,"ObservationResearch|RegimeUnknown|Regime=Unknown|ObservationConfirmResearch|UnknownRegimeZoneTouch|ReclaimZoneHigh|ObservationConfirmStrictResearch|ObservationStrict_Other|UnknownRegimeZoneTouch|ReclaimZoneHigh"
"OPF-20260725-161545","OPF_0.1","OPF_RESEARCH_2.17","MNQ_0.1","MNQ_1Contract_Target150_200","OPF_PROFILE_0.1","20260102-0225-BULL-OBS-000869-Z000869","2026-01-02T02:25:00.0000000",869,"ResearchOnly","Long","TrendPullback","20260102-0225-BullFVG-000869","BullFVG","Fresh",50,65.00,"ObservationResearch|ZoneJustCreated|Regime=Unknown"
"OPF-20260725-161545","OPF_0.1","OPF_RESEARCH_2.17","MNQ_0.1","MNQ_1Contract_Target150_200","OPF_PROFILE_0.1","20260102-0225-BULL-OBS-000869-Z000869-OC","2026-01-02T02:30:00.0000000",870,"ResearchOnly","Long","TrendPullback","20260102-0225-BullFVG-000869","BullFVG","Fresh",50,80.00,"ObservationResearch|ZoneJustCreated|Regime=Unknown|ObservationConfirmResearch|ZoneBirthResearch|ReclaimZoneHigh"
"OPF-20260725-161545","OPF_0.1","OPF_RESEARCH_2.17","MNQ_0.1","MNQ_1Contract_Target150_200","OPF_PROFILE_0.1","20260102-0250-BULL-BRK-000874-Z000874","2026-01-02T02:50:00.0000000",874,"ResearchOnly","Long","TrendPullback","20260102-0250-BullFVG-000874","BullFVG","Fresh",70,95.00,"BreakawayFvgResearch"
"OPF-20260725-161545","OPF_0.1","OPF_RESEARCH_2.17","MNQ_0.1","MNQ_1Contract_Target150_200","OPF_PROFILE_0.1","20260102-0250-BULL-SHD-000874-Z000874","2026-01-02T02:50:00.0000000",874,"ResearchOnly","Long","TrendPullback","20260102-0250-BullFVG-000874","BullFVG","Fresh",70,85.00,"ShadowCandidate|ZoneJustCreated"
"OPF-20260725-161545","OPF_0.1","OPF_RESEARCH_2.17","MNQ_0.1","MNQ_1Contract_Target150_200","OPF_PROFILE_0.1","20260102-0250-BULL-OBS-000874-Z000874","2026-01-02T02:50:00.0000000",874,"ResearchOnly","Long","TrendPullback","20260102-0250-BullFVG-000874","BullFVG","Fresh",70,85.00,"ObservationResearch|ZoneJustCreated|Regime=BullTrend"
"OPF-20260725-161545","OPF_0.1","OPF_RESEARCH_2.17","MNQ_0.1","MNQ_1Contract_Target150_200","OPF_PROFILE_0.1","20260102-0250-BULL-OBS-000874-Z000874-OC","2026-01-02T02:55:00.0000000",875,"ResearchOnly","Long","TrendPullback","20260102-0250-BullFVG-000874","BullFVG","Fresh",70,93.00,"ObservationResearch|ZoneJustCreated|Regime=BullTrend|ObservationConfirmResearch|ZoneBirthResearch|ReclaimZoneHigh"
"OPF-20260725-161545","OPF_0.1","OPF_RESEARCH_2.17","MNQ_0.1","MNQ_1Contract_Target150_200","OPF_PROFILE_0.1","20260102-0250-BULL-OBS-000874-Z000874-OC-STR","2026-01-02T02:55:00.0000000",875,"ResearchOnly","Long","TrendPullback","20260102-0250-BullFVG-000874","BullFVG","Fresh",70,93.00,"ObservationResearch|ZoneJustCreated|Regime=BullTrend|ObservationConfirmResearch|ZoneBirthResearch|ReclaimZoneHigh|ObservationConfirmStrictResearch|ObservationStrict_BullFresh|ZoneBirthResearch|ReclaimZoneHigh"
"OPF-20260725-161545","OPF_0.1","OPF_RESEARCH_2.17","MNQ_0.1","MNQ_1Contract_Target150_200","OPF_PROFILE_0.1","20260102-0255-BULL-OBS-000875-Z000875","2026-01-02T02:55:00.0000000",875,"ResearchOnly","Long","TrendPullback","20260102-0255-BullFVG-000875","BullFVG","Fresh",50,58.00,"ObservationResearch|ZoneJustCreated|Regime=Unknown"
"OPF-20260725-161545","OPF_0.1","OPF_RESEARCH_2.17","MNQ_0.1","MNQ_1Contract_Target150_200","OPF_PROFILE_0.1","20260102-0255-BULL-OBS-000875-Z000875-OC","2026-01-02T03:00:00.0000000",876,"ResearchOnly","Long","TrendPullback","20260102-0255-BullFVG-000875","BullFVG","Fresh",50,76.00,"ObservationResearch|ZoneJustCreated|Regime=Unknown|ObservationConfirmResearch|ZoneBirthResearch|ReclaimZoneHigh"
"OPF-20260725-161545","OPF_0.1","OPF_RESEARCH_2.17","MNQ_0.1","MNQ_1Contract_Target150_200","OPF_PROFILE_0.1","20260102-0300-BULL-OBS-000876-Z000875","2026-01-02T03:00:00.0000000",876,"ResearchOnly","Long","TrendPullback","20260102-0255-BullFVG-000875","BullFVG","SecondTouch",50,53.00,"ObservationResearch|RegimeUnknown|Regime=Unknown"
"OPF-20260725-161545","OPF_0.1","OPF_RESEARCH_2.17","MNQ_0.1","MNQ_1Contract_Target150_200","OPF_PROFILE_0.1","20260102-0300-BULL-OBS-000876-Z000875-OC","2026-01-02T03:10:00.0000000",878,"ResearchOnly","Long","TrendPullback","20260102-0255-BullFVG-000875","BullFVG","SecondTouch",50,72.00,"ObservationResearch|RegimeUnknown|Regime=Unknown|ObservationConfirmResearch|UnknownRegimeZoneTouch|ReclaimZoneHigh"
"OPF-20260725-161545","OPF_0.1","OPF_RESEARCH_2.17","MNQ_0.1","MNQ_1Contract_Target150_200","OPF_PROFILE_0.1","20260102-0300-BULL-OBS-000876-Z000875-OC","2026-01-02T03:10:00.0000000",878,"Executed","Long","TrendPullback","20260102-0255-BullFVG-000875","BullFVG","SecondTouch",50,72.00,"ObservationResearch|RegimeUnknown|Regime=Unknown|ObservationConfirmResearch|UnknownRegimeZoneTouch|ReclaimZoneHigh|ReplayExecuted|ObservationConfirm|20260102-0310-Long-878"
"OPF-20260725-161545","OPF_0.1","OPF_RESEARCH_2.17","MNQ_0.1","MNQ_1Contract_Target150_200","OPF_PROFILE_0.1","20260102-0300-BULL-OBS-000876-Z000875-OC","2026-01-02T03:10:00.0000000",878,"Executed","Long","TrendPullback","20260102-0255-BullFVG-000875","BullFVG","SecondTouch",50,72.00,"ObservationResearch|RegimeUnknown|Regime=Unknown|ObservationConfirmResearch|UnknownRegimeZoneTouch|ReclaimZoneHigh|ReplayExecuted|ObservationConfirm_WideStop1_5R|20260102-0310-Long-878-S2"
"OPF-20260725-161545","OPF_0.1","OPF_RESEARCH_2.17","MNQ_0.1","MNQ_1Contract_Target150_200","OPF_PROFILE_0.1","20260102-0340-BULL-OBS-000884-Z000884","2026-01-02T03:40:00.0000000",884,"ResearchOnly","Long","TrendPullback","20260102-0340-BullFVG-000884","BullFVG","Fresh",20,45.00,"ObservationResearch|ZoneJustCreated|Regime=Unknown"
"OPF-20260725-161545","OPF_0.1","OPF_RESEARCH_2.17","MNQ_0.1","MNQ_1Contract_Target150_200","OPF_PROFILE_0.1","20260102-0340-BULL-OBS-000884-Z000884-OC","2026-01-02T03:45:00.0000000",885,"ResearchOnly","Long","TrendPullback","20260102-0340-BullFVG-000884","BullFVG","Fresh",20,60.00,"ObservationResearch|ZoneJustCreated|Regime=Unknown|ObservationConfirmResearch|ZoneBirthResearch|ReclaimZoneHigh"
"OPF-20260725-161545","OPF_0.1","OPF_RESEARCH_2.17","MNQ_0.1","MNQ_1Contract_Target150_200","OPF_PROFILE_0.1","20260102-0500-BEAR-OBS-000900-Z000900","2026-01-02T05:00:00.0000000",900,"ResearchOnly","Short","TrendPullback","20260102-0500-BearFVG-000900","BearFVG","Fresh",20,45.00,"ObservationResearch|ZoneJustCreated|Regime=Unknown"
"OPF-20260725-161545","OPF_0.1","OPF_RESEARCH_2.17","MNQ_0.1","MNQ_1Contract_Target150_200","OPF_PROFILE_0.1","20260102-0500-BEAR-OBS-000900-Z000900-OC","2026-01-02T05:05:00.0000000",901,"ResearchOnly","Short","TrendPullback","20260102-0500-BearFVG-000900","BearFVG","Fresh",20,50.00,"ObservationResearch|ZoneJustCreated|Regime=Unknown|ObservationConfirmResearch|ZoneBirthResearch|ReclaimZoneLow"
"OPF-20260725-161545","OPF_0.1","OPF_RESEARCH_2.17","MNQ_0.1","MNQ_1Contract_Target150_200","OPF_PROFILE_0.1","20260102-0505-BEAR-OBS-000901-Z000900","2026-01-02T05:05:00.0000000",901,"ResearchOnly","Short","TrendPullback","20260102-0500-BearFVG-000900","BearFVG","SecondTouch",20,27.00,"ObservationResearch|RegimeUnknown|Regime=Unknown"
"OPF-20260725-161545","OPF_0.1","OPF_RESEARCH_2.17","MNQ_0.1","MNQ_1Contract_Target150_200","OPF_PROFILE_0.1","20260102-0505-BEAR-OBS-000901-Z000900-OC","2026-01-02T05:10:00.0000000",902,"ResearchOnly","Short","TrendPullback","20260102-0500-BearFVG-000900","BearFVG","SecondTouch",20,48.00,"ObservationResearch|RegimeUnknown|Regime=Unknown|ObservationConfirmResearch|UnknownRegimeZoneTouch|ReclaimZoneLow"
"OPF-20260725-161545","OPF_0.1","OPF_RESEARCH_2.17","MNQ_0.1","MNQ_1Contract_Target150_200","OPF_PROFILE_0.1","20260102-0505-BEAR-OBS-000901-Z000900-OC","2026-01-02T05:10:00.0000000",902,"Executed","Short","TrendPullback","20260102-0500-BearFVG-000900","BearFVG","SecondTouch",20,48.00,"ObservationResearch|RegimeUnknown|Regime=Unknown|ObservationConfirmResearch|UnknownRegimeZoneTouch|ReclaimZoneLow|ReplayExecuted|ObservationConfirm|20260102-0510-Short-902"
"OPF-20260725-161545","OPF_0.1","OPF_RESEARCH_2.17","MNQ_0.1","MNQ_1Contract_Target150_200","OPF_PROFILE_0.1","20260102-0505-BEAR-OBS-000901-Z000900-OC-STR","2026-01-02T05:10:00.0000000",902,"ResearchOnly","Short","TrendPullback","20260102-0500-BearFVG-000900","BearFVG","SecondTouch",20,48.00,"ObservationResearch|RegimeUnknown|Regime=Unknown|ObservationConfirmResearch|UnknownRegimeZoneTouch|ReclaimZoneLow|ObservationConfirmStrictResearch|ObservationStrict_Other|UnknownRegimeZoneTouch|ReclaimZoneLow"
"OPF-20260725-161545","OPF_0.1","OPF_RESEARCH_2.17","MNQ_0.1","MNQ_1Contract_Target150_200","OPF_PROFILE_0.1","20260102-0520-BULL-OBS-000904-Z000904","2026-01-02T05:20:00.0000000",904,"ResearchOnly","Long","TrendPullback","20260102-0520-BullFVG-000904","BullFVG","Fresh",20,45.00,"ObservationResearch|ZoneJustCreated|Regime=Unknown"
"OPF-20260725-161545","OPF_0.1","OPF_RESEARCH_2.17","MNQ_0.1","MNQ_1Contract_Target150_200","OPF_PROFILE_0.1","20260102-0520-BULL-OBS-000904-Z000904-OC","2026-01-02T05:25:00.0000000",905,"ResearchOnly","Long","TrendPullback","20260102-0520-BullFVG-000904","BullFVG","Fresh",20,56.00,"ObservationResearch|ZoneJustCreated|Regime=Unknown|ObservationConfirmResearch|ZoneBirthResearch|ReclaimZoneHigh"
"OPF-20260725-161545","OPF_0.1","OPF_RESEARCH_2.17","MNQ_0.1","MNQ_1Contract_Target150_200","OPF_PROFILE_0.1","20260102-0520-BULL-OBS-000904-Z000904-OC","2026-01-02T05:25:00.0000000",905,"Executed","Long","TrendPullback","20260102-0520-BullFVG-000904","BullFVG","Fresh",20,56.00,"ObservationResearch|ZoneJustCreated|Regime=Unknown|ObservationConfirmResearch|ZoneBirthResearch|ReclaimZoneHigh|ReplayExecuted|ObservationConfirm|20260102-0525-Long-905"
"OPF-20260725-161545","OPF_0.1","OPF_RESEARCH_2.17","MNQ_0.1","MNQ_1Contract_Target150_200","OPF_PROFILE_0.1","20260102-0530-BULL-OBS-000906-Z000904","2026-01-02T05:30:00.0000000",906,"ResearchOnly","Long","TrendPullback","20260102-0520-BullFVG-000904","BullFVG","SecondTouch",40,34.00,"ObservationResearch|RegimeUnknown|Regime=Unknown"
"OPF-20260725-161545","OPF_0.1","OPF_RESEARCH_2.17","MNQ_0.1","MNQ_1Contract_Target150_200","OPF_PROFILE_0.1","20260102-0530-BULL-OBS-000906-Z000904-FR","2026-01-02T05:40:00.0000000",908,"ResearchOnly","Short","FailureReverse","20260102-0520-BullFVG-000904","BullFVG","SecondTouch",40,46.00,"FailureReverseResearch|FailureSourceSignalID=20260102-0530-BULL-OBS-000906-Z000904|FailureSource=BullFVG|FailureSourceZoneFreshness=SecondTouch|UnknownRegimeZoneTouch|RegimeUnknown"
"OPF-20260725-161545","OPF_0.1","OPF_RESEARCH_2.17","MNQ_0.1","MNQ_1Contract_Target150_200","OPF_PROFILE_0.1","20260102-0550-BULL-OBS-000910-Z000910","2026-01-02T05:50:00.0000000",910,"ResearchOnly","Long","TrendPullback","20260102-0550-BullFVG-000910","BullFVG","Fresh",20,41.00,"ObservationResearch|ZoneJustCreated|Regime=Unknown"
"OPF-20260725-161545","OPF_0.1","OPF_RESEARCH_2.17","MNQ_0.1","MNQ_1Contract_Target150_200","OPF_PROFILE_0.1","20260102-0550-BULL-OBS-000910-Z000910-OC","2026-01-02T05:55:00.0000000",911,"ResearchOnly","Long","TrendPullback","20260102-0550-BullFVG-000910","BullFVG","Fresh",20,56.00,"ObservationResearch|ZoneJustCreated|Regime=Unknown|ObservationConfirmResearch|ZoneBirthResearch|ReclaimZoneHigh"
"OPF-20260725-161545","OPF_0.1","OPF_RESEARCH_2.17","MNQ_0.1","MNQ_1Contract_Target150_200","OPF_PROFILE_0.1","20260102-0550-BULL-OBS-000910-Z000910-OC-STR","2026-01-02T05:55:00.0000000",911,"ResearchOnly","Long","TrendPullback","20260102-0550-BullFVG-000910","BullFVG","Fresh",20,56.00,"ObservationResearch|ZoneJustCreated|Regime=Unknown|ObservationConfirmResearch|ZoneBirthResearch|ReclaimZoneHigh|ObservationConfirmStrictResearch|ObservationStrict_BullFresh|ZoneBirthResearch|ReclaimZoneHigh"
"OPF-20260725-161545","OPF_0.1","OPF_RESEARCH_2.17","MNQ_0.1","MNQ_1Contract_Target150_200","OPF_PROFILE_0.1","20260102-0555-BULL-OBS-000911-Z000911","2026-01-02T05:55:00.0000000",911,"ResearchOnly","Long","TrendPullback","20260102-0555-BullFVG-000911","BullFVG","Fresh",20,41.00,"ObservationResearch|ZoneJustCreated|Regime=Unknown"
"OPF-20260725-161545","OPF_0.1","OPF_RESEARCH_2.17","MNQ_0.1","MNQ_1Contract_Target150_200","OPF_PROFILE_0.1","20260102-0555-BULL-OBS-000911-Z000911-OC","2026-01-02T06:00:00.0000000",912,"ResearchOnly","Long","TrendPullback","20260102-0555-BullFVG-000911","BullFVG","Fresh",20,60.00,"ObservationResearch|ZoneJustCreated|Regime=Unknown|ObservationConfirmResearch|ZoneBirthResearch|ReclaimZoneHigh"
"OPF-20260725-161545","OPF_0.1","OPF_RESEARCH_2.17","MNQ_0.1","MNQ_1Contract_Target150_200","OPF_PROFILE_0.1","20260102-0555-BULL-OBS-000911-Z000911-OC","2026-01-02T06:00:00.0000000",912,"Executed","Long","TrendPullback","20260102-0555-BullFVG-000911","BullFVG","Fresh",20,60.00,"ObservationResearch|ZoneJustCreated|Regime=Unknown|ObservationConfirmResearch|ZoneBirthResearch|ReclaimZoneHigh|ReplayExecuted|ObservationConfirm|20260102-0600-Long-912"
"OPF-20260725-161545","OPF_0.1","OPF_RESEARCH_2.17","MNQ_0.1","MNQ_1Contract_Target150_200","OPF_PROFILE_0.1","20260102-0600-BULL-OBS-000912-Z000911","2026-01-02T06:00:00.0000000",912,"ResearchOnly","Long","TrendPullback","20260102-0555-BullFVG-000911","BullFVG","SecondTouch",50,61.00,"ObservationResearch|RegimeUnknown|Regime=Unknown"
"OPF-20260725-161545","OPF_0.1","OPF_RESEARCH_2.17","MNQ_0.1","MNQ_1Contract_Target150_200","OPF_PROFILE_0.1","20260102-0600-BULL-OBS-000912-Z000911-OC","2026-01-02T06:05:00.0000000",913,"ResearchOnly","Long","TrendPullback","20260102-0555-BullFVG-000911","BullFVG","SecondTouch",50,76.00,"ObservationResearch|RegimeUnknown|Regime=Unknown|ObservationConfirmResearch|UnknownRegimeZoneTouch|ReclaimZoneHigh"
"OPF-20260725-161545","OPF_0.1","OPF_RESEARCH_2.17","MNQ_0.1","MNQ_1Contract_Target150_200","OPF_PROFILE_0.1","20260102-0600-BULL-OBS-000912-Z000911-OC","2026-01-02T06:05:00.0000000",913,"Executed","Long","TrendPullback","20260102-0555-BullFVG-000911","BullFVG","SecondTouch",50,76.00,"ObservationResearch|RegimeUnknown|Regime=Unknown|ObservationConfirmResearch|UnknownRegimeZoneTouch|ReclaimZoneHigh|ReplayExecuted|ObservationConfirm|20260102-0605-Long-913-S2"
"OPF-20260725-161545","OPF_0.1","OPF_RESEARCH_2.17","MNQ_0.1","MNQ_1Contract_Target150_200","OPF_PROFILE_0.1","20260102-0600-BULL-OBS-000912-Z000911-OC-STR","2026-01-02T06:05:00.0000000",913,"ResearchOnly","Long","TrendPullback","20260102-0555-BullFVG-000911","BullFVG","SecondTouch",50,76.00,"ObservationResearch|RegimeUnknown|Regime=Unknown|ObservationConfirmResearch|UnknownRegimeZoneTouch|ReclaimZoneHigh|ObservationConfirmStrictResearch|ObservationStrict_Other|UnknownRegimeZoneTouch|ReclaimZoneHigh"
"OPF-20260725-161545","OPF_0.1","OPF_RESEARCH_2.17","MNQ_0.1","MNQ_1Contract_Target150_200","OPF_PROFILE_0.1","20260102-0630-BEAR-OBS-000918-Z000918","2026-01-02T06:30:00.0000000",918,"ResearchOnly","Short","TrendPullback","20260102-0630-BearFVG-000918","BearFVG","Fresh",0,41.00,"ObservationResearch|ZoneJustCreated|Regime=Unknown"
"OPF-20260725-161545","OPF_0.1","OPF_RESEARCH_2.17","MNQ_0.1","MNQ_1Contract_Target150_200","OPF_PROFILE_0.1","20260102-0630-BEAR-OBS-000918-Z000918-OC","2026-01-02T06:35:00.0000000",919,"ResearchOnly","Short","TrendPullback","20260102-0630-BearFVG-000918","BearFVG","Fresh",0,53.00,"ObservationResearch|ZoneJustCreated|Regime=Unknown|ObservationConfirmResearch|ZoneBirthResearch|ReclaimZoneLow"
"OPF-20260725-161545","OPF_0.1","OPF_RESEARCH_2.17","MNQ_0.1","MNQ_1Contract_Target150_200","OPF_PROFILE_0.1","20260102-0635-BEAR-OBS-000919-Z000918","2026-01-02T06:35:00.0000000",919,"ResearchOnly","Short","TrendPullback","20260102-0630-BearFVG-000918","BearFVG","SecondTouch",0,30.00,"ObservationResearch|RegimeUnknown|Regime=Unknown"
"OPF-20260725-161545","OPF_0.1","OPF_RESEARCH_2.17","MNQ_0.1","MNQ_1Contract_Target150_200","OPF_PROFILE_0.1","20260102-0635-BEAR-OBS-000919-Z000918-FR","2026-01-02T06:40:00.0000000",920,"ResearchOnly","Long","FailureReverse","20260102-0630-BearFVG-000918","BearFVG","SecondTouch",0,42.00,"FailureReverseResearch|FailureSourceSignalID=20260102-0635-BEAR-OBS-000919-Z000918|FailureSource=BearFVG|FailureSourceZoneFreshness=SecondTouch|UnknownRegimeZoneTouch|RegimeUnknown"
"OPF-20260725-161545","OPF_0.1","OPF_RESEARCH_2.17","MNQ_0.1","MNQ_1Contract_Target150_200","OPF_PROFILE_0.1","20260102-0635-BEAR-OBS-000919-Z000918-FR-LQ","2026-01-02T06:40:00.0000000",920,"ResearchOnly","Long","FailureReverse","20260102-0630-BearFVG-000918","BearFVG","SecondTouch",0,42.00,"FailureReverseResearch|FailureSourceSignalID=20260102-0635-BEAR-OBS-000919-Z000918|FailureSource=BearFVG|FailureSourceZoneFreshness=SecondTouch|UnknownRegimeZoneTouch|RegimeUnknown|FailureReverseLongQualified|Risk=6.75|HeatR=1"
"OPF-20260725-161545","OPF_0.1","OPF_RESEARCH_2.17","MNQ_0.1","MNQ_1Contract_Target150_200","OPF_PROFILE_0.1","20260102-0715-BEAR-OBS-000927-Z000927","2026-01-02T07:15:00.0000000",927,"ResearchOnly","Short","TrendPullback","20260102-0715-BearFVG-000927","BearFVG","Fresh",20,45.00,"ObservationResearch|ZoneJustCreated|Regime=Unknown"
"OPF-20260725-161545","OPF_0.1","OPF_RESEARCH_2.17","MNQ_0.1","MNQ_1Contract_Target150_200","OPF_PROFILE_0.1","20260102-0715-BEAR-OBS-000927-Z000927-FR","2026-01-02T07:20:00.0000000",928,"ResearchOnly","Long","FailureReverse","20260102-0715-BearFVG-000927","BearFVG","Fresh",20,50.00,"FailureReverseResearch|FailureSourceSignalID=20260102-0715-BEAR-OBS-000927-Z000927|FailureSource=BearFVG|FailureSourceZoneFreshness=Fresh|ZoneBirthResearch|ZoneJustCreated"
"OPF-20260725-161545","OPF_0.1","OPF_RESEARCH_2.17","MNQ_0.1","MNQ_1Contract_Target150_200","OPF_PROFILE_0.1","20260102-0715-BEAR-OBS-000927-Z000927-FR-AEW1","2026-01-02T07:25:00.0000000",929,"Triggered","Long","FailureReverse","20260102-0715-BearFVG-000927","BearFVG","Fresh",20,50.00,"FailureReverseResearch|FailureSourceSignalID=20260102-0715-BEAR-OBS-000927-Z000927|FailureSource=BearFVG|FailureSourceZoneFreshness=Fresh|ZoneBirthResearch|ZoneJustCreated|AggressiveExpansionWait1V165:originBar=928|AggressiveExpansionWait1ConfirmBarStopV166|OriginPath=FailureReverse_ObservationInvalidated_WideStop1_5R"
"OPF-20260725-161545","OPF_0.1","OPF_RESEARCH_2.17","MNQ_0.1","MNQ_1Contract_Target150_200","OPF_PROFILE_0.1","20260102-0715-BEAR-OBS-000927-Z000927-FR-AEW1","2026-01-02T07:25:00.0000000",929,"Triggered","Long","FailureReverse","20260102-0715-BearFVG-000927","BearFVG","Fresh",20,50.00,"FailureReverseResearch|FailureSourceSignalID=20260102-0715-BEAR-OBS-000927-Z000927|FailureSource=BearFVG|FailureSourceZoneFreshness=Fresh|ZoneBirthResearch|ZoneJustCreated|AggressiveExpansionWait1V165:originBar=928|AggressiveExpansionWait1ConfirmBarStopV166|OriginPath=FailureReverse_ObservationInvalidated"
"OPF-20260725-161545","OPF_0.1","OPF_RESEARCH_2.17","MNQ_0.1","MNQ_1Contract_Target150_200","OPF_PROFILE_0.1","20260102-0715-BEAR-OBS-000927-Z000927-FR-RT","2026-01-02T07:35:00.0000000",931,"Triggered","Long","FailureReverse","20260102-0715-BearFVG-000927","BearFVG","Fresh",20,60.00,"FailureReverseResearch|FailureSourceSignalID=20260102-0715-BEAR-OBS-000927-Z000927|FailureSource=BearFVG|FailureSourceZoneFreshness=Fresh|ZoneBirthResearch|ZoneJustCreated|FailureRetestFailedTriggered|ReclaimZoneHigh"
"OPF-20260725-161545","OPF_0.1","OPF_RESEARCH_2.17","MNQ_0.1","MNQ_1Contract_Target150_200","OPF_PROFILE_0.1","20260102-0750-BEAR-OBS-000934-Z000934","2026-01-02T07:50:00.0000000",934,"ResearchOnly","Short","TrendPullback","20260102-0750-BearFVG-000934","BearFVG","Fresh",10,38.00,"ObservationResearch|ZoneJustCreated|Regime=Unknown"
"OPF-20260725-161545","OPF_0.1","OPF_RESEARCH_2.17","MNQ_0.1","MNQ_1Contract_Target150_200","OPF_PROFILE_0.1","20260102-0755-BEAR-OBS-000935-Z000934","2026-01-02T07:55:00.0000000",935,"ResearchOnly","Short","TrendPullback","20260102-0750-BearFVG-000934","BearFVG","SecondTouch",10,30.00,"ObservationResearch|RegimeUnknown|Regime=Unknown"
"OPF-20260725-161545","OPF_0.1","OPF_RESEARCH_2.17","MNQ_0.1","MNQ_1Contract_Target150_200","OPF_PROFILE_0.1","20260102-0755-BEAR-OBS-000935-Z000934-FR","2026-01-02T08:00:00.0000000",936,"ResearchOnly","Long","FailureReverse","20260102-0750-BearFVG-000934","BearFVG","SecondTouch",10,42.00,"FailureReverseResearch|FailureSourceSignalID=20260102-0755-BEAR-OBS-000935-Z000934|FailureSource=BearFVG|FailureSourceZoneFreshness=SecondTouch|UnknownRegimeZoneTouch|RegimeUnknown"
"OPF-20260725-161545","OPF_0.1","OPF_RESEARCH_2.17","MNQ_0.1","MNQ_1Contract_Target150_200","OPF_PROFILE_0.1","20260102-0750-BEAR-OBS-000934-Z000934-FR","2026-01-02T08:00:00.0000000",936,"ResearchOnly","Long","FailureReverse","20260102-0750-BearFVG-000934","BearFVG","Fresh",10,50.00,"FailureReverseResearch|FailureSourceSignalID=20260102-0750-BEAR-OBS-000934-Z000934|FailureSource=BearFVG|FailureSourceZoneFreshness=Fresh|ZoneBirthResearch|ZoneJustCreated"
"OPF-20260725-161545","OPF_0.1","OPF_RESEARCH_2.17","MNQ_0.1","MNQ_1Contract_Target150_200","OPF_PROFILE_0.1","20260102-0800-BULL-BRK-000936-Z000936","2026-01-02T08:00:00.0000000",936,"ResearchOnly","Long","TrendPullback","20260102-0800-BullFVG-000936","BullFVG","Fresh",70,95.00,"BreakawayFvgResearch"
"OPF-20260725-161545","OPF_0.1","OPF_RESEARCH_2.17","MNQ_0.1","MNQ_1Contract_Target150_200","OPF_PROFILE_0.1","20260102-0800-BULL-SHD-000936-Z000936","2026-01-02T08:00:00.0000000",936,"ResearchOnly","Long","TrendPullback","20260102-0800-BullFVG-000936","BullFVG","Fresh",70,85.00,"ShadowCandidate|ZoneJustCreated"
"OPF-20260725-161545","OPF_0.1","OPF_RESEARCH_2.17","MNQ_0.1","MNQ_1Contract_Target150_200","OPF_PROFILE_0.1","20260102-0800-BULL-OBS-000936-Z000936","2026-01-02T08:00:00.0000000",936,"ResearchOnly","Long","TrendPullback","20260102-0800-BullFVG-000936","BullFVG","Fresh",70,85.00,"ObservationResearch|ZoneJustCreated|Regime=BullTrend"
"OPF-20260725-161545","OPF_0.1","OPF_RESEARCH_2.17","MNQ_0.1","MNQ_1Contract_Target150_200","OPF_PROFILE_0.1","20260102-0800-BULL-OBS-000936-Z000936-OC","2026-01-02T08:05:00.0000000",937,"ResearchOnly","Long","TrendPullback","20260102-0800-BullFVG-000936","BullFVG","Fresh",70,100.00,"ObservationResearch|ZoneJustCreated|Regime=BullTrend|ObservationConfirmResearch|ZoneBirthResearch|ReclaimZoneHigh"
"OPF-20260725-161545","OPF_0.1","OPF_RESEARCH_2.17","MNQ_0.1","MNQ_1Contract_Target150_200","OPF_PROFILE_0.1","20260102-0800-BULL-OBS-000936-Z000936-OC-STR","2026-01-02T08:05:00.0000000",937,"ResearchOnly","Long","TrendPullback","20260102-0800-BullFVG-000936","BullFVG","Fresh",70,100.00,"ObservationResearch|ZoneJustCreated|Regime=BullTrend|ObservationConfirmResearch|ZoneBirthResearch|ReclaimZoneHigh|ObservationConfirmStrictResearch|ObservationStrict_BullFresh|ZoneBirthResearch|ReclaimZoneHigh"
"OPF-20260725-161545","OPF_0.1","OPF_RESEARCH_2.17","MNQ_0.1","MNQ_1Contract_Target150_200","OPF_PROFILE_0.1","20260102-0805-BULL-OBS-000937-Z000937","2026-01-02T08:05:00.0000000",937,"ResearchOnly","Long","TrendPullback","20260102-0805-BullFVG-000937","BullFVG","Fresh",60,65.00,"ObservationResearch|ZoneJustCreated|Regime=Unknown"
"OPF-20260725-161545","OPF_0.1","OPF_RESEARCH_2.17","MNQ_0.1","MNQ_1Contract_Target150_200","OPF_PROFILE_0.1","20260102-0805-BULL-OBS-000937-Z000937-OC","2026-01-02T08:10:00.0000000",938,"ResearchOnly","Long","TrendPullback","20260102-0805-BullFVG-000937","BullFVG","Fresh",60,80.00,"ObservationResearch|ZoneJustCreated|Regime=Unknown|ObservationConfirmResearch|ZoneBirthResearch|ReclaimZoneHigh"
"OPF-20260725-161545","OPF_0.1","OPF_RESEARCH_2.17","MNQ_0.1","MNQ_1Contract_Target150_200","OPF_PROFILE_0.1","20260102-0810-BULL-BRK-000938-Z000938","2026-01-02T08:10:00.0000000",938,"ResearchOnly","Long","TrendPullback","20260102-0810-BullFVG-000938","BullFVG","Fresh",90,95.00,"BreakawayFvgResearch"
"OPF-20260725-161545","OPF_0.1","OPF_RESEARCH_2.17","MNQ_0.1","MNQ_1Contract_Target150_200","OPF_PROFILE_0.1","20260102-0810-BULL-SHD-000938-Z000938","2026-01-02T08:10:00.0000000",938,"ResearchOnly","Long","TrendPullback","20260102-0810-BullFVG-000938","BullFVG","Fresh",90,85.00,"ShadowCandidate|ZoneJustCreated"
"OPF-20260725-161545","OPF_0.1","OPF_RESEARCH_2.17","MNQ_0.1","MNQ_1Contract_Target150_200","OPF_PROFILE_0.1","20260102-0810-BULL-OBS-000938-Z000938","2026-01-02T08:10:00.0000000",938,"ResearchOnly","Long","TrendPullback","20260102-0810-BullFVG-000938","BullFVG","Fresh",90,85.00,"ObservationResearch|ZoneJustCreated|Regime=BullTrend"
"OPF-20260725-161545","OPF_0.1","OPF_RESEARCH_2.17","MNQ_0.1","MNQ_1Contract_Target150_200","OPF_PROFILE_0.1","20260102-0810-BULL-OBS-000938-Z000938-OC","2026-01-02T08:15:00.0000000",939,"ResearchOnly","Long","TrendPullback","20260102-0810-BullFVG-000938","BullFVG","Fresh",90,93.00,"ObservationResearch|ZoneJustCreated|Regime=BullTrend|ObservationConfirmResearch|ZoneBirthResearch|ReclaimZoneHigh"
"OPF-20260725-161545","OPF_0.1","OPF_RESEARCH_2.17","MNQ_0.1","MNQ_1Contract_Target150_200","OPF_PROFILE_0.1","20260102-0810-BULL-OBS-000938-Z000938-OC-STR","2026-01-02T08:15:00.0000000",939,"ResearchOnly","Long","TrendPullback","20260102-0810-BullFVG-000938","BullFVG","Fresh",90,93.00,"ObservationResearch|ZoneJustCreated|Regime=BullTrend|ObservationConfirmResearch|ZoneBirthResearch|ReclaimZoneHigh|ObservationConfirmStrictResearch|ObservationStrict_BullFresh|ZoneBirthResearch|ReclaimZoneHigh"
"OPF-20260725-161545","OPF_0.1","OPF_RESEARCH_2.17","MNQ_0.1","MNQ_1Contract_Target150_200","OPF_PROFILE_0.1","20260102-0850-BULL-BRK-000946-Z000946","2026-01-02T08:50:00.0000000",946,"ResearchOnly","Long","TrendPullback","20260102-0850-BullFVG-000946","BullFVG","Fresh",90,95.00,"BreakawayFvgResearch"
"OPF-20260725-161545","OPF_0.1","OPF_RESEARCH_2.17","MNQ_0.1","MNQ_1Contract_Target150_200","OPF_PROFILE_0.1","20260102-0850-BULL-SHD-000946-Z000946","2026-01-02T08:50:00.0000000",946,"ResearchOnly","Long","TrendPullback","20260102-0850-BullFVG-000946","BullFVG","Fresh",90,85.00,"ShadowCandidate|ZoneJustCreated"
"OPF-20260725-161545","OPF_0.1","OPF_RESEARCH_2.17","MNQ_0.1","MNQ_1Contract_Target150_200","OPF_PROFILE_0.1","20260102-0850-BULL-OBS-000946-Z000946","2026-01-02T08:50:00.0000000",946,"ResearchOnly","Long","TrendPullback","20260102-0850-BullFVG-000946","BullFVG","Fresh",90,85.00,"ObservationResearch|ZoneJustCreated|Regime=BullTrend"
"OPF-20260725-161545","OPF_0.1","OPF_RESEARCH_2.17","MNQ_0.1","MNQ_1Contract_Target150_200","OPF_PROFILE_0.1","20260102-0850-BULL-OBS-000946-Z000946-OC","2026-01-02T08:55:00.0000000",947,"ResearchOnly","Long","TrendPullback","20260102-0850-BullFVG-000946","BullFVG","Fresh",90,90.00,"ObservationResearch|ZoneJustCreated|Regime=BullTrend|ObservationConfirmResearch|ZoneBirthResearch|ReclaimZoneHigh"
"OPF-20260725-161545","OPF_0.1","OPF_RESEARCH_2.17","MNQ_0.1","MNQ_1Contract_Target150_200","OPF_PROFILE_0.1","20260102-0850-BULL-OBS-000946-Z000946-OC","2026-01-02T08:55:00.0000000",947,"Executed","Long","TrendPullback","20260102-0850-BullFVG-000946","BullFVG","Fresh",90,90.00,"ObservationResearch|ZoneJustCreated|Regime=BullTrend|ObservationConfirmResearch|ZoneBirthResearch|ReclaimZoneHigh|ReplayExecuted|ObservationConfirm_WideStop1_5R|20260102-0855-Long-947"
"OPF-20260725-161545","OPF_0.1","OPF_RESEARCH_2.17","MNQ_0.1","MNQ_1Contract_Target150_200","OPF_PROFILE_0.1","20260102-0850-BULL-OBS-000946-Z000946-OC-STR","2026-01-02T08:55:00.0000000",947,"ResearchOnly","Long","TrendPullback","20260102-0850-BullFVG-000946","BullFVG","Fresh",90,90.00,"ObservationResearch|ZoneJustCreated|Regime=BullTrend|ObservationConfirmResearch|ZoneBirthResearch|ReclaimZoneHigh|ObservationConfirmStrictResearch|ObservationStrict_BullFresh|ZoneBirthResearch|ReclaimZoneHigh"
"OPF-20260725-161545","OPF_0.1","OPF_RESEARCH_2.17","MNQ_0.1","MNQ_1Contract_Target150_200","OPF_PROFILE_0.1","20260102-0855-BULL-BRK-000947-Z000947","2026-01-02T08:55:00.0000000",947,"ResearchOnly","Long","TrendPullback","20260102-0855-BullFVG-000947","BullFVG","Fresh",70,85.00,"BreakawayFvgResearch"
"OPF-20260725-161545","OPF_0.1","OPF_RESEARCH_2.17","MNQ_0.1","MNQ_1Contract_Target150_200","OPF_PROFILE_0.1","20260102-0855-BULL-BRK-000947-Z000947-Q","2026-01-02T08:55:00.0000000",947,"ResearchOnly","Long","TrendPullback","20260102-0855-BullFVG-000947","BullFVG","Fresh",70,85.00,"BreakawayFvgResearch|BreakawayQualified"
"OPF-20260725-161545","OPF_0.1","OPF_RESEARCH_2.17","MNQ_0.1","MNQ_1Contract_Target150_200","OPF_PROFILE_0.1","20260102-0855-BULL-SHD-000947-Z000947","2026-01-02T08:55:00.0000000",947,"ResearchOnly","Long","TrendPullback","20260102-0855-BullFVG-000947","BullFVG","Fresh",70,75.00,"ShadowCandidate|ZoneJustCreated"
"OPF-20260725-161545","OPF_0.1","OPF_RESEARCH_2.17","MNQ_0.1","MNQ_1Contract_Target150_200","OPF_PROFILE_0.1","20260102-0855-BULL-OBS-000947-Z000947","2026-01-02T08:55:00.0000000",947,"ResearchOnly","Long","TrendPullback","20260102-0855-BullFVG-000947","BullFVG","Fresh",70,75.00,"ObservationResearch|ZoneJustCreated|Regime=BullTrend"
"OPF-20260725-161545","OPF_0.1","OPF_RESEARCH_2.17","MNQ_0.1","MNQ_1Contract_Target150_200","OPF_PROFILE_0.1","20260102-0855-BULL-BRK-000947-Z000947-Q","2026-01-02T08:55:00.0000000",947,"Executed","Long","TrendPullback","20260102-0855-BullFVG-000947","BullFVG","Fresh",70,85.00,"BreakawayFvgResearch|BreakawayQualified|ReplayExecuted|BreakawayFvg_Qualified|20260102-0855-Long-947-S2"
"OPF-20260725-161545","OPF_0.1","OPF_RESEARCH_2.17","MNQ_0.1","MNQ_1Contract_Target150_200","OPF_PROFILE_0.1","20260102-0855-BULL-SHD-000947-Z000947","2026-01-02T09:00:00.0000000",948,"ResearchOnly","Long","TrendPullback","20260102-0855-BullFVG-000947","BullFVG","Fresh",70,75.00,"ShadowCandidateResearch|ZoneJustCreated|ReclaimZoneHigh"
"OPF-20260725-161545","OPF_0.1","OPF_RESEARCH_2.17","MNQ_0.1","MNQ_1Contract_Target150_200","OPF_PROFILE_0.1","20260102-0855-BULL-OBS-000947-Z000947-OC","2026-01-02T09:00:00.0000000",948,"ResearchOnly","Long","TrendPullback","20260102-0855-BullFVG-000947","BullFVG","Fresh",70,96.00,"ObservationResearch|ZoneJustCreated|Regime=BullTrend|ObservationConfirmResearch|ZoneBirthResearch|ReclaimZoneHigh"
"OPF-20260725-161545","OPF_0.1","OPF_RESEARCH_2.17","MNQ_0.1","MNQ_1Contract_Target150_200","OPF_PROFILE_0.1","20260102-0900-BULL-OBS-000948-Z000947","2026-01-02T09:00:00.0000000",948,"ResearchOnly","Long","TrendPullback","20260102-0855-BullFVG-000947","BullFVG","SecondTouch",60,53.00,"ObservationResearch|RegimeUnknown|Regime=Unknown"
"OPF-20260725-161545","OPF_0.1","OPF_RESEARCH_2.17","MNQ_0.1","MNQ_1Contract_Target150_200","OPF_PROFILE_0.1","20260102-0900-BULL-OBS-000948-Z000947-OC","2026-01-02T09:05:00.0000000",949,"ResearchOnly","Long","TrendPullback","20260102-0855-BullFVG-000947","BullFVG","SecondTouch",60,72.00,"ObservationResearch|RegimeUnknown|Regime=Unknown|ObservationConfirmResearch|UnknownRegimeZoneTouch|ReclaimZoneHigh"
"OPF-20260725-161545","OPF_0.1","OPF_RESEARCH_2.17","MNQ_0.1","MNQ_1Contract_Target150_200","OPF_PROFILE_0.1","20260102-0855-BULL-SHD-000947-Z000947-SCB","2026-01-02T09:10:00.0000000",950,"ResearchOnly","Long","TrendPullback","20260102-0855-BullFVG-000947","BullFVG","Fresh",70,95.00,"StructureConfirmShadowResearch|ShadowAfterRetest:ZoneJustCreated|MicroBos3BreakHigh"
"OPF-20260725-161545","OPF_0.1","OPF_RESEARCH_2.17","MNQ_0.1","MNQ_1Contract_Target150_200","OPF_PROFILE_0.1","20260102-0855-BULL-SHD-000947-Z000947-SCB-CBR","2026-01-02T09:10:00.0000000",950,"ResearchOnly","Long","TrendPullback","20260102-0855-BullFVG-000947","BullFVG","Fresh",70,95.00,"StructureConfirmShadowResearch|ShadowAfterRetest:ZoneJustCreated|MicroBos3BreakHigh|ConfirmBarStopResearch|ConfirmBarLow"
"OPF-20260725-161545","OPF_0.1","OPF_RESEARCH_2.17","MNQ_0.1","MNQ_1Contract_Target150_200","OPF_PROFILE_0.1","20260102-0855-BULL-SHD-000947-Z000947-SCB-CBM","2026-01-02T09:10:00.0000000",950,"ResearchOnly","Long","TrendPullback","20260102-0855-BullFVG-000947","BullFVG","Fresh",70,95.00,"StructureConfirmShadowResearch|ShadowAfterRetest:ZoneJustCreated|MicroBos3BreakHigh|ConfirmBarStopMin10Research|ConfirmBarLow"
"OPF-20260725-161545","OPF_0.1","OPF_RESEARCH_2.17","MNQ_0.1","MNQ_1Contract_Target150_200","OPF_PROFILE_0.1","20260102-1025-BEAR-OBS-000965-Z000965","2026-01-02T10:25:00.0000000",965,"ResearchOnly","Short","TrendPullback","20260102-1025-BearFVG-000965","BearFVG","Fresh",0,38.00,"ObservationResearch|ZoneJustCreated|Regime=Unknown"
"OPF-20260725-161545","OPF_0.1","OPF_RESEARCH_2.17","MNQ_0.1","MNQ_1Contract_Target150_200","OPF_PROFILE_0.1","20260102-1025-BEAR-OBS-000965-Z000965-OC","2026-01-02T10:30:00.0000000",966,"ResearchOnly","Short","TrendPullback","20260102-1025-BearFVG-000965","BearFVG","Fresh",0,60.00,"ObservationResearch|ZoneJustCreated|Regime=Unknown|ObservationConfirmResearch|ZoneBirthResearch|ReclaimZoneLow"
"OPF-20260725-161545","OPF_0.1","OPF_RESEARCH_2.17","MNQ_0.1","MNQ_1Contract_Target150_200","OPF_PROFILE_0.1","20260102-1025-BEAR-OBS-000965-Z000965-OC","2026-01-02T10:30:00.0000000",966,"Executed","Short","TrendPullback","20260102-1025-BearFVG-000965","BearFVG","Fresh",0,60.00,"ObservationResearch|ZoneJustCreated|Regime=Unknown|ObservationConfirmResearch|ZoneBirthResearch|ReclaimZoneLow|ReplayExecuted|ObservationConfirm|20260102-1030-Short-966"
"OPF-20260725-161545","OPF_0.1","OPF_RESEARCH_2.17","MNQ_0.1","MNQ_1Contract_Target150_200","OPF_PROFILE_0.1","20260102-1040-BEAR-OBS-000968-Z000965","2026-01-02T10:40:00.0000000",968,"ResearchOnly","Short","TrendPullback","20260102-1025-BearFVG-000965","BearFVG","SecondTouch",10,27.00,"ObservationResearch|RegimeUnknown|Regime=Unknown"
"OPF-20260725-161545","OPF_0.1","OPF_RESEARCH_2.17","MNQ_0.1","MNQ_1Contract_Target150_200","OPF_PROFILE_0.1","20260102-1040-BEAR-OBS-000968-Z000965-FR","2026-01-02T10:45:00.0000000",969,"ResearchOnly","Long","FailureReverse","20260102-1025-BearFVG-000965","BearFVG","SecondTouch",10,42.00,"FailureReverseResearch|FailureSourceSignalID=20260102-1040-BEAR-OBS-000968-Z000965|FailureSource=BearFVG|FailureSourceZoneFreshness=SecondTouch|UnknownRegimeZoneTouch|RegimeUnknown"
"OPF-20260725-161545","OPF_0.1","OPF_RESEARCH_2.17","MNQ_0.1","MNQ_1Contract_Target150_200","OPF_PROFILE_0.1","20260102-1045-BULL-OBS-000969-Z000969","2026-01-02T10:45:00.0000000",969,"ResearchOnly","Long","TrendPullback","20260102-1045-BullFVG-000969","BullFVG","Fresh",40,45.00,"ObservationResearch|ZoneJustCreated|Regime=Unknown"
"OPF-20260725-161545","OPF_0.1","OPF_RESEARCH_2.17","MNQ_0.1","MNQ_1Contract_Target150_200","OPF_PROFILE_0.1","20260102-1045-BULL-OBS-000969-Z000969-OC","2026-01-02T10:50:00.0000000",970,"ResearchOnly","Long","TrendPullback","20260102-1045-BullFVG-000969","BullFVG","Fresh",40,53.00,"ObservationResearch|ZoneJustCreated|Regime=Unknown|ObservationConfirmResearch|ZoneBirthResearch|ReclaimZoneHigh"
"OPF-20260725-161545","OPF_0.1","OPF_RESEARCH_2.17","MNQ_0.1","MNQ_1Contract_Target150_200","OPF_PROFILE_0.1","20260102-1045-BULL-OBS-000969-Z000969-OC-STR","2026-01-02T10:50:00.0000000",970,"ResearchOnly","Long","TrendPullback","20260102-1045-BullFVG-000969","BullFVG","Fresh",40,53.00,"ObservationResearch|ZoneJustCreated|Regime=Unknown|ObservationConfirmResearch|ZoneBirthResearch|ReclaimZoneHigh|ObservationConfirmStrictResearch|ObservationStrict_BullFresh|ZoneBirthResearch|ReclaimZoneHigh"
"OPF-20260725-161545","OPF_0.1","OPF_RESEARCH_2.17","MNQ_0.1","MNQ_1Contract_Target150_200","OPF_PROFILE_0.1","20260102-1050-BULL-OBS-000970-Z000970","2026-01-02T10:50:00.0000000",970,"ResearchOnly","Long","TrendPullback","20260102-1050-BullFVG-000970","BullFVG","Fresh",20,38.00,"ObservationResearch|ZoneJustCreated|Regime=Unknown"
"OPF-20260725-161545","OPF_0.1","OPF_RESEARCH_2.17","MNQ_0.1","MNQ_1Contract_Target150_200","OPF_PROFILE_0.1","20260102-1050-BULL-OBS-000970-Z000970-OC","2026-01-02T10:55:00.0000000",971,"ResearchOnly","Long","TrendPullback","20260102-1050-BullFVG-000970","BullFVG","Fresh",20,53.00,"ObservationResearch|ZoneJustCreated|Regime=Unknown|ObservationConfirmResearch|ZoneBirthResearch|ReclaimZoneHigh"
"OPF-20260725-161545","OPF_0.1","OPF_RESEARCH_2.17","MNQ_0.1","MNQ_1Contract_Target150_200","OPF_PROFILE_0.1","20260102-1055-BULL-OBS-000971-Z000970","2026-01-02T10:55:00.0000000",971,"ResearchOnly","Long","TrendPullback","20260102-1050-BullFVG-000970","BullFVG","SecondTouch",40,34.00,"ObservationResearch|RegimeUnknown|Regime=Unknown"
"OPF-20260725-161545","OPF_0.1","OPF_RESEARCH_2.17","MNQ_0.1","MNQ_1Contract_Target150_200","OPF_PROFILE_0.1","20260102-1055-BULL-OBS-000971-Z000970-OC","2026-01-02T11:00:00.0000000",972,"ResearchOnly","Long","TrendPullback","20260102-1050-BullFVG-000970","BullFVG","SecondTouch",40,52.00,"ObservationResearch|RegimeUnknown|Regime=Unknown|ObservationConfirmResearch|UnknownRegimeZoneTouch|ReclaimZoneHigh"
"OPF-20260725-161545","OPF_0.1","OPF_RESEARCH_2.17","MNQ_0.1","MNQ_1Contract_Target150_200","OPF_PROFILE_0.1","20260102-1120-BULL-OBS-000976-Z000969","2026-01-02T11:20:00.0000000",976,"ResearchOnly","Long","TrendPullback","20260102-1045-BullFVG-000969","BullFVG","SecondTouch",60,50.00,"ObservationResearch|RegimeUnknown|Regime=Unknown"
"OPF-20260725-161545","OPF_0.1","OPF_RESEARCH_2.17","MNQ_0.1","MNQ_1Contract_Target150_200","OPF_PROFILE_0.1","20260102-1120-BEAR-OBS-000976-Z000976","2026-01-02T11:20:00.0000000",976,"ResearchOnly","Short","TrendPullback","20260102-1120-BearFVG-000976","BearFVG","Fresh",30,41.00,"ObservationResearch|ZoneJustCreated|Regime=Unknown"
"OPF-20260725-161545","OPF_0.1","OPF_RESEARCH_2.17","MNQ_0.1","MNQ_1Contract_Target150_200","OPF_PROFILE_0.1","20260102-1120-BEAR-OBS-000976-Z000976-OC","2026-01-02T11:25:00.0000000",977,"ResearchOnly","Short","TrendPullback","20260102-1120-BearFVG-000976","BearFVG","Fresh",30,60.00,"ObservationResearch|ZoneJustCreated|Regime=Unknown|ObservationConfirmResearch|ZoneBirthResearch|ReclaimZoneLow"
"OPF-20260725-161545","OPF_0.1","OPF_RESEARCH_2.17","MNQ_0.1","MNQ_1Contract_Target150_200","OPF_PROFILE_0.1","20260102-1120-BEAR-OBS-000976-Z000976-OC-STR","2026-01-02T11:25:00.0000000",977,"ResearchOnly","Short","TrendPullback","20260102-1120-BearFVG-000976","BearFVG","Fresh",30,60.00,"ObservationResearch|ZoneJustCreated|Regime=Unknown|ObservationConfirmResearch|ZoneBirthResearch|ReclaimZoneLow|ObservationConfirmStrictResearch|ObservationStrict_Other|ZoneBirthResearch|ReclaimZoneLow"
"OPF-20260725-161545","OPF_0.1","OPF_RESEARCH_2.17","MNQ_0.1","MNQ_1Contract_Target150_200","OPF_PROFILE_0.1","20260102-1120-BULL-OBS-000976-Z000969-FR","2026-01-02T11:25:00.0000000",977,"ResearchOnly","Short","FailureReverse","20260102-1045-BullFVG-000969","BullFVG","SecondTouch",60,62.00,"FailureReverseResearch|FailureSourceSignalID=20260102-1120-BULL-OBS-000976-Z000969|FailureSource=BullFVG|FailureSourceZoneFreshness=SecondTouch|UnknownRegimeZoneTouch|RegimeUnknown"
"OPF-20260725-161545","OPF_0.1","OPF_RESEARCH_2.17","MNQ_0.1","MNQ_1Contract_Target150_200","OPF_PROFILE_0.1","20260102-1135-BEAR-OBS-000979-Z000976","2026-01-02T11:35:00.0000000",979,"ResearchOnly","Short","TrendPullback","20260102-1120-BearFVG-000976","BearFVG","SecondTouch",30,41.00,"ObservationResearch|RegimeUnknown|Regime=Unknown"
"OPF-20260725-161545","OPF_0.1","OPF_RESEARCH_2.17","MNQ_0.1","MNQ_1Contract_Target150_200","OPF_PROFILE_0.1","20260102-1135-BEAR-OBS-000979-Z000976-OC","2026-01-02T11:50:00.0000000",982,"ResearchOnly","Short","TrendPullback","20260102-1120-BearFVG-000976","BearFVG","SecondTouch",30,56.00,"ObservationResearch|RegimeUnknown|Regime=Unknown|ObservationConfirmResearch|UnknownRegimeZoneTouch|ReclaimZoneLow"
"OPF-20260725-161545","OPF_0.1","OPF_RESEARCH_2.17","MNQ_0.1","MNQ_1Contract_Target150_200","OPF_PROFILE_0.1","20260102-1120-BULL-OBS-000976-Z000969-FR-RT","2026-01-02T11:50:00.0000000",982,"Triggered","Short","FailureReverse","20260102-1045-BullFVG-000969","BullFVG","SecondTouch",60,72.00,"FailureReverseResearch|FailureSourceSignalID=20260102-1120-BULL-OBS-000976-Z000969|FailureSource=BullFVG|FailureSourceZoneFreshness=SecondTouch|UnknownRegimeZoneTouch|RegimeUnknown|FailureRetestFailedTriggered|BreakPrevLow"
"OPF-20260725-161545","OPF_0.1","OPF_RESEARCH_2.17","MNQ_0.1","MNQ_1Contract_Target150_200","OPF_PROFILE_0.1","20260102-1200-BULL-OBS-000984-Z000946","2026-01-02T12:00:00.0000000",984,"ResearchOnly","Long","TrendPullback","20260102-0850-BullFVG-000946","BullFVG","SecondTouch",20,31.00,"ObservationResearch|RegimeUnknown|Regime=Unknown"
"OPF-20260725-161545","OPF_0.1","OPF_RESEARCH_2.17","MNQ_0.1","MNQ_1Contract_Target150_200","OPF_PROFILE_0.1","20260102-1200-BULL-OBS-000984-Z000946-FR","2026-01-02T12:05:00.0000000",985,"ResearchOnly","Short","FailureReverse","20260102-0850-BullFVG-000946","BullFVG","SecondTouch",20,46.00,"FailureReverseResearch|FailureSourceSignalID=20260102-1200-BULL-OBS-000984-Z000946|FailureSource=BullFVG|FailureSourceZoneFreshness=SecondTouch|UnknownRegimeZoneTouch|RegimeUnknown"
"OPF-20260725-161545","OPF_0.1","OPF_RESEARCH_2.17","MNQ_0.1","MNQ_1Contract_Target150_200","OPF_PROFILE_0.1","20260102-1205-BEAR-OBS-000985-Z000985","2026-01-02T12:05:00.0000000",985,"ResearchOnly","Short","TrendPullback","20260102-1205-BearFVG-000985","BearFVG","Fresh",10,45.00,"ObservationResearch|ZoneJustCreated|Regime=Unknown"
"OPF-20260725-161545","OPF_0.1","OPF_RESEARCH_2.17","MNQ_0.1","MNQ_1Contract_Target150_200","OPF_PROFILE_0.1","20260102-1205-BEAR-OBS-000985-Z000985-OC","2026-01-02T12:10:00.0000000",986,"ResearchOnly","Short","TrendPullback","20260102-1205-BearFVG-000985","BearFVG","Fresh",10,56.00,"ObservationResearch|ZoneJustCreated|Regime=Unknown|ObservationConfirmResearch|ZoneBirthResearch|ReclaimZoneLow"
"OPF-20260725-161545","OPF_0.1","OPF_RESEARCH_2.17","MNQ_0.1","MNQ_1Contract_Target150_200","OPF_PROFILE_0.1","20260102-1205-BEAR-OBS-000985-Z000985-OC-STR","2026-01-02T12:10:00.0000000",986,"ResearchOnly","Short","TrendPullback","20260102-1205-BearFVG-000985","BearFVG","Fresh",10,56.00,"ObservationResearch|ZoneJustCreated|Regime=Unknown|ObservationConfirmResearch|ZoneBirthResearch|ReclaimZoneLow|ObservationConfirmStrictResearch|ObservationStrict_Other|ZoneBirthResearch|ReclaimZoneLow"
"OPF-20260725-161545","OPF_0.1","OPF_RESEARCH_2.17","MNQ_0.1","MNQ_1Contract_Target150_200","OPF_PROFILE_0.1","20260102-1210-BEAR-OBS-000986-Z000986","2026-01-02T12:10:00.0000000",986,"ResearchOnly","Short","TrendPullback","20260102-1210-BearFVG-000986","BearFVG","Fresh",10,41.00,"ObservationResearch|ZoneJustCreated|Regime=Unknown"
"OPF-20260725-161545","OPF_0.1","OPF_RESEARCH_2.17","MNQ_0.1","MNQ_1Contract_Target150_200","OPF_PROFILE_0.1","20260102-1210-BEAR-OBS-000986-Z000986-FR","2026-01-02T12:15:00.0000000",987,"ResearchOnly","Long","FailureReverse","20260102-1210-BearFVG-000986","BearFVG","Fresh",10,50.00,"FailureReverseResearch|FailureSourceSignalID=20260102-1210-BEAR-OBS-000986-Z000986|FailureSource=BearFVG|FailureSourceZoneFreshness=Fresh|ZoneBirthResearch|ZoneJustCreated"
"OPF-20260725-161545","OPF_0.1","OPF_RESEARCH_2.17","MNQ_0.1","MNQ_1Contract_Target150_200","OPF_PROFILE_0.1","20260102-1210-BEAR-OBS-000986-Z000986-FR-LQ","2026-01-02T12:15:00.0000000",987,"ResearchOnly","Long","FailureReverse","20260102-1210-BearFVG-000986","BearFVG","Fresh",10,50.00,"FailureReverseResearch|FailureSourceSignalID=20260102-1210-BEAR-OBS-000986-Z000986|FailureSource=BearFVG|FailureSourceZoneFreshness=Fresh|ZoneBirthResearch|ZoneJustCreated|FailureReverseLongQualified|Risk=3.75|HeatR=1.73"
"OPF-20260725-161545","OPF_0.1","OPF_RESEARCH_2.17","MNQ_0.1","MNQ_1Contract_Target150_200","OPF_PROFILE_0.1","20260102-1200-BULL-OBS-000984-Z000946-FR-RT","2026-01-02T12:20:00.0000000",988,"Triggered","Short","FailureReverse","20260102-0850-BullFVG-000946","BullFVG","SecondTouch",20,56.00,"FailureReverseResearch|FailureSourceSignalID=20260102-1200-BULL-OBS-000984-Z000946|FailureSource=BullFVG|FailureSourceZoneFreshness=SecondTouch|UnknownRegimeZoneTouch|RegimeUnknown|FailureRetestFailedTriggered|ReclaimZoneLow"
"OPF-20260725-161545","OPF_0.1","OPF_RESEARCH_2.17","MNQ_0.1","MNQ_1Contract_Target150_200","OPF_PROFILE_0.1","20260102-1210-BEAR-OBS-000986-Z000986-FR-RT","2026-01-02T12:40:00.0000000",992,"Triggered","Long","FailureReverse","20260102-1210-BearFVG-000986","BearFVG","Fresh",10,60.00,"FailureReverseResearch|FailureSourceSignalID=20260102-1210-BEAR-OBS-000986-Z000986|FailureSource=BearFVG|FailureSourceZoneFreshness=Fresh|ZoneBirthResearch|ZoneJustCreated|FailureRetestFailedTriggered|ReclaimZoneHigh"
"OPF-20260725-161545","OPF_0.1","OPF_RESEARCH_2.17","MNQ_0.1","MNQ_1Contract_Target150_200","OPF_PROFILE_0.1","20260102-1245-BULL-OBS-000993-Z000993","2026-01-02T12:45:00.0000000",993,"ResearchOnly","Long","TrendPullback","20260102-1245-BullFVG-000993","BullFVG","Fresh",50,55.00,"ObservationResearch|ZoneJustCreated|Regime=Unknown"
"OPF-20260725-161545","OPF_0.1","OPF_RESEARCH_2.17","MNQ_0.1","MNQ_1Contract_Target150_200","OPF_PROFILE_0.1","20260102-1245-BULL-OBS-000993-Z000993-OC","2026-01-02T12:50:00.0000000",994,"ResearchOnly","Long","TrendPullback","20260102-1245-BullFVG-000993","BullFVG","Fresh",50,73.00,"ObservationResearch|ZoneJustCreated|Regime=Unknown|ObservationConfirmResearch|ZoneBirthResearch|ReclaimZoneHigh"
"OPF-20260725-161545","OPF_0.1","OPF_RESEARCH_2.17","MNQ_0.1","MNQ_1Contract_Target150_200","OPF_PROFILE_0.1","20260102-1250-BULL-OBS-000994-Z000993","2026-01-02T12:50:00.0000000",994,"ResearchOnly","Long","TrendPullback","20260102-1245-BullFVG-000993","BullFVG","SecondTouch",20,30.00,"ObservationResearch|RegimeUnknown|Regime=Unknown"
"OPF-20260725-161545","OPF_0.1","OPF_RESEARCH_2.17","MNQ_0.1","MNQ_1Contract_Target150_200","OPF_PROFILE_0.1","20260102-1250-BULL-OBS-000994-Z000993-OC","2026-01-02T12:55:00.0000000",995,"ResearchOnly","Long","TrendPullback","20260102-1245-BullFVG-000993","BullFVG","SecondTouch",20,52.00,"ObservationResearch|RegimeUnknown|Regime=Unknown|ObservationConfirmResearch|UnknownRegimeZoneTouch|ReclaimZoneHigh"
"OPF-20260725-161545","OPF_0.1","OPF_RESEARCH_2.17","MNQ_0.1","MNQ_1Contract_Target150_200","OPF_PROFILE_0.1","20260102-1305-BEAR-OBS-000997-Z000985","2026-01-02T13:05:00.0000000",997,"ResearchOnly","Short","TrendPullback","20260102-1205-BearFVG-000985","BearFVG","SecondTouch",0,37.00,"ObservationResearch|RegimeUnknown|Regime=Unknown"
"OPF-20260725-161545","OPF_0.1","OPF_RESEARCH_2.17","MNQ_0.1","MNQ_1Contract_Target150_200","OPF_PROFILE_0.1","20260102-1305-BEAR-OBS-000997-Z000985-OC","2026-01-02T13:10:00.0000000",998,"ResearchOnly","Short","TrendPullback","20260102-1205-BearFVG-000985","BearFVG","SecondTouch",0,49.00,"ObservationResearch|RegimeUnknown|Regime=Unknown|ObservationConfirmResearch|UnknownRegimeZoneTouch|ReclaimZoneLow"
"OPF-20260725-161545","OPF_0.1","OPF_RESEARCH_2.17","MNQ_0.1","MNQ_1Contract_Target150_200","OPF_PROFILE_0.1","20260102-1305-BEAR-OBS-000997-Z000985-OC-STR","2026-01-02T13:10:00.0000000",998,"ResearchOnly","Short","TrendPullback","20260102-1205-BearFVG-000985","BearFVG","SecondTouch",0,49.00,"ObservationResearch|RegimeUnknown|Regime=Unknown|ObservationConfirmResearch|UnknownRegimeZoneTouch|ReclaimZoneLow|ObservationConfirmStrictResearch|ObservationStrict_Other|UnknownRegimeZoneTouch|ReclaimZoneLow"
"OPF-20260725-161545","OPF_0.1","OPF_RESEARCH_2.17","MNQ_0.1","MNQ_1Contract_Target150_200","OPF_PROFILE_0.1","20260102-1415-BEAR-OBS-001011-Z001011","2026-01-02T14:15:00.0000000",1011,"ResearchOnly","Short","TrendPullback","20260102-1415-BearFVG-001011","BearFVG","Fresh",50,65.00,"ObservationResearch|ZoneJustCreated|Regime=Unknown"
"OPF-20260725-161545","OPF_0.1","OPF_RESEARCH_2.17","MNQ_0.1","MNQ_1Contract_Target150_200","OPF_PROFILE_0.1","20260102-1415-BEAR-OBS-001011-Z001011-OC","2026-01-02T14:20:00.0000000",1012,"ResearchOnly","Short","TrendPullback","20260102-1415-BearFVG-001011","BearFVG","Fresh",50,70.00,"ObservationResearch|ZoneJustCreated|Regime=Unknown|ObservationConfirmResearch|ZoneBirthResearch|ReclaimZoneLow"
"OPF-20260725-161545","OPF_0.1","OPF_RESEARCH_2.17","MNQ_0.1","MNQ_1Contract_Target150_200","OPF_PROFILE_0.1","20260102-1415-BEAR-OBS-001011-Z001011-OC","2026-01-02T14:20:00.0000000",1012,"Executed","Short","TrendPullback","20260102-1415-BearFVG-001011","BearFVG","Fresh",50,70.00,"ObservationResearch|ZoneJustCreated|Regime=Unknown|ObservationConfirmResearch|ZoneBirthResearch|ReclaimZoneLow|ReplayExecuted|ObservationConfirm|20260102-1420-Short-1012"
"OPF-20260725-161545","OPF_0.1","OPF_RESEARCH_2.17","MNQ_0.1","MNQ_1Contract_Target150_200","OPF_PROFILE_0.1","20260102-1415-BEAR-OBS-001011-Z001011-OC-STR","2026-01-02T14:20:00.0000000",1012,"ResearchOnly","Short","TrendPullback","20260102-1415-BearFVG-001011","BearFVG","Fresh",50,70.00,"ObservationResearch|ZoneJustCreated|Regime=Unknown|ObservationConfirmResearch|ZoneBirthResearch|ReclaimZoneLow|ObservationConfirmStrictResearch|ObservationStrict_Other|ZoneBirthResearch|ReclaimZoneLow"
"OPF-20260725-161545","OPF_0.1","OPF_RESEARCH_2.17","MNQ_0.1","MNQ_1Contract_Target150_200","OPF_PROFILE_0.1","20260102-1425-BEAR-OBS-001013-Z001011","2026-01-02T14:25:00.0000000",1013,"ResearchOnly","Short","TrendPullback","20260102-1415-BearFVG-001011","BearFVG","SecondTouch",40,30.00,"ObservationResearch|RegimeUnknown|Regime=Unknown"
"OPF-20260725-161545","OPF_0.1","OPF_RESEARCH_2.17","MNQ_0.1","MNQ_1Contract_Target150_200","OPF_PROFILE_0.1","20260102-1425-BEAR-OBS-001013-Z001011-OC","2026-01-02T14:30:00.0000000",1014,"ResearchOnly","Short","TrendPullback","20260102-1415-BearFVG-001011","BearFVG","SecondTouch",40,52.00,"ObservationResearch|RegimeUnknown|Regime=Unknown|ObservationConfirmResearch|UnknownRegimeZoneTouch|ReclaimZoneLow"
"OPF-20260725-161545","OPF_0.1","OPF_RESEARCH_2.17","MNQ_0.1","MNQ_1Contract_Target150_200","OPF_PROFILE_0.1","20260102-1430-BULL-OBS-001014-Z000938","2026-01-02T14:30:00.0000000",1014,"ResearchOnly","Long","TrendPullback","20260102-0810-BullFVG-000938","BullFVG","SecondTouch",30,30.00,"ObservationResearch|RegimeUnknown|Regime=Unknown"
"OPF-20260725-161545","OPF_0.1","OPF_RESEARCH_2.17","MNQ_0.1","MNQ_1Contract_Target150_200","OPF_PROFILE_0.1","20260102-1430-BULL-OBS-001014-Z000938-FR","2026-01-02T14:35:00.0000000",1015,"ResearchOnly","Short","FailureReverse","20260102-0810-BullFVG-000938","BullFVG","SecondTouch",30,42.00,"FailureReverseResearch|FailureSourceSignalID=20260102-1430-BULL-OBS-001014-Z000938|FailureSource=BullFVG|FailureSourceZoneFreshness=SecondTouch|UnknownRegimeZoneTouch|RegimeUnknown"
"OPF-20260725-161545","OPF_0.1","OPF_RESEARCH_2.17","MNQ_0.1","MNQ_1Contract_Target150_200","OPF_PROFILE_0.1","20260102-1435-BULL-OBS-001015-Z000937","2026-01-02T14:35:00.0000000",1015,"ResearchOnly","Long","TrendPullback","20260102-0805-BullFVG-000937","BullFVG","SecondTouch",30,31.00,"ObservationResearch|RegimeUnknown|Regime=Unknown"
"OPF-20260725-161545","OPF_0.1","OPF_RESEARCH_2.17","MNQ_0.1","MNQ_1Contract_Target150_200","OPF_PROFILE_0.1","20260102-1435-BULL-OBS-001015-Z000937-OC","2026-01-02T14:40:00.0000000",1016,"ResearchOnly","Long","TrendPullback","20260102-0805-BullFVG-000937","BullFVG","SecondTouch",30,56.00,"ObservationResearch|RegimeUnknown|Regime=Unknown|ObservationConfirmResearch|UnknownRegimeZoneTouch|ReclaimZoneHigh"
"OPF-20260725-161545","OPF_0.1","OPF_RESEARCH_2.17","MNQ_0.1","MNQ_1Contract_Target150_200","OPF_PROFILE_0.1","20260102-1430-BULL-OBS-001014-Z000938-FR-RT","2026-01-02T15:05:00.0000000",1021,"Triggered","Short","FailureReverse","20260102-0810-BullFVG-000938","BullFVG","SecondTouch",30,52.00,"FailureReverseResearch|FailureSourceSignalID=20260102-1430-BULL-OBS-001014-Z000938|FailureSource=BullFVG|FailureSourceZoneFreshness=SecondTouch|UnknownRegimeZoneTouch|RegimeUnknown|FailureRetestFailedTriggered|BreakPrevLow"
"OPF-20260725-161545","OPF_0.1","OPF_RESEARCH_2.17","MNQ_0.1","MNQ_1Contract_Target150_200","OPF_PROFILE_0.1","20260102-1510-BULL-OBS-001022-Z000874","2026-01-02T15:10:00.0000000",1022,"ResearchOnly","Long","TrendPullback","20260102-0250-BullFVG-000874","BullFVG","SecondTouch",40,27.00,"ObservationResearch|RegimeUnknown|Regime=Unknown"
"OPF-20260725-161545","OPF_0.1","OPF_RESEARCH_2.17","MNQ_0.1","MNQ_1Contract_Target150_200","OPF_PROFILE_0.1","20260102-1510-BULL-OBS-001022-Z000874-FR","2026-01-02T15:15:00.0000000",1023,"ResearchOnly","Short","FailureReverse","20260102-0250-BullFVG-000874","BullFVG","SecondTouch",40,38.00,"FailureReverseResearch|FailureSourceSignalID=20260102-1510-BULL-OBS-001022-Z000874|FailureSource=BullFVG|FailureSourceZoneFreshness=SecondTouch|UnknownRegimeZoneTouch|RegimeUnknown"
"OPF-20260725-161545","OPF_0.1","OPF_RESEARCH_2.17","MNQ_0.1","MNQ_1Contract_Target150_200","OPF_PROFILE_0.1","20260102-1515-BULL-OBS-001023-Z000864","2026-01-02T15:15:00.0000000",1023,"ResearchOnly","Long","TrendPullback","20260102-0200-BullFVG-000864","BullFVG","SecondTouch",40,30.00,"ObservationResearch|RegimeUnknown|Regime=Unknown"
"OPF-20260725-161545","OPF_0.1","OPF_RESEARCH_2.17","MNQ_0.1","MNQ_1Contract_Target150_200","OPF_PROFILE_0.1","20260102-1515-BULL-OBS-001023-Z000869","2026-01-02T15:15:00.0000000",1023,"ResearchOnly","Long","TrendPullback","20260102-0225-BullFVG-000869","BullFVG","SecondTouch",40,30.00,"ObservationResearch|RegimeUnknown|Regime=Unknown"
"OPF-20260725-161545","OPF_0.1","OPF_RESEARCH_2.17","MNQ_0.1","MNQ_1Contract_Target150_200","OPF_PROFILE_0.1","20260102-1515-BULL-OBS-001023-Z000869-FR","2026-01-02T15:20:00.0000000",1024,"ResearchOnly","Short","FailureReverse","20260102-0225-BullFVG-000869","BullFVG","SecondTouch",40,42.00,"FailureReverseResearch|FailureSourceSignalID=20260102-1515-BULL-OBS-001023-Z000869|FailureSource=BullFVG|FailureSourceZoneFreshness=SecondTouch|UnknownRegimeZoneTouch|RegimeUnknown"
"OPF-20260725-161545","OPF_0.1","OPF_RESEARCH_2.17","MNQ_0.1","MNQ_1Contract_Target150_200","OPF_PROFILE_0.1","20260102-1515-BULL-OBS-001023-Z000864-FR","2026-01-02T15:20:00.0000000",1024,"ResearchOnly","Short","FailureReverse","20260102-0200-BullFVG-000864","BullFVG","SecondTouch",40,42.00,"FailureReverseResearch|FailureSourceSignalID=20260102-1515-BULL-OBS-001023-Z000864|FailureSource=BullFVG|FailureSourceZoneFreshness=SecondTouch|UnknownRegimeZoneTouch|RegimeUnknown"
"OPF-20260725-161545","OPF_0.1","OPF_RESEARCH_2.17","MNQ_0.1","MNQ_1Contract_Target150_200","OPF_PROFILE_0.1","20260102-1535-BULL-OBS-001027-Z001027","2026-01-02T15:35:00.0000000",1027,"ResearchOnly","Long","TrendPullback","20260102-1535-BullFVG-001027","BullFVG","Fresh",40,45.00,"ObservationResearch|ZoneJustCreated|Regime=Unknown"
"OPF-20260725-161545","OPF_0.1","OPF_RESEARCH_2.17","MNQ_0.1","MNQ_1Contract_Target150_200","OPF_PROFILE_0.1","20260102-1535-BULL-OBS-001027-Z001027-OC","2026-01-02T15:40:00.0000000",1028,"ResearchOnly","Long","TrendPullback","20260102-1535-BullFVG-001027","BullFVG","Fresh",40,60.00,"ObservationResearch|ZoneJustCreated|Regime=Unknown|ObservationConfirmResearch|ZoneBirthResearch|ReclaimZoneHigh"
"OPF-20260725-161545","OPF_0.1","OPF_RESEARCH_2.17","MNQ_0.1","MNQ_1Contract_Target150_200","OPF_PROFILE_0.1","20260102-1535-BULL-OBS-001027-Z001027-OC-STR","2026-01-02T15:40:00.0000000",1028,"ResearchOnly","Long","TrendPullback","20260102-1535-BullFVG-001027","BullFVG","Fresh",40,60.00,"ObservationResearch|ZoneJustCreated|Regime=Unknown|ObservationConfirmResearch|ZoneBirthResearch|ReclaimZoneHigh|ObservationConfirmStrictResearch|ObservationStrict_BullFresh|ZoneBirthResearch|ReclaimZoneHigh"
"OPF-20260725-161545","OPF_0.1","OPF_RESEARCH_2.17","MNQ_0.1","MNQ_1Contract_Target150_200","OPF_PROFILE_0.1","20260102-1540-BULL-OBS-001028-Z001028","2026-01-02T15:40:00.0000000",1028,"ResearchOnly","Long","TrendPullback","20260102-1540-BullFVG-001028","BullFVG","Fresh",60,65.00,"ObservationResearch|ZoneJustCreated|Regime=Unknown"
"OPF-20260725-161545","OPF_0.1","OPF_RESEARCH_2.17","MNQ_0.1","MNQ_1Contract_Target150_200","OPF_PROFILE_0.1","20260102-1540-BULL-OBS-001028-Z001028-FR","2026-01-02T15:45:00.0000000",1029,"ResearchOnly","Short","FailureReverse","20260102-1540-BullFVG-001028","BullFVG","Fresh",60,70.00,"FailureReverseResearch|FailureSourceSignalID=20260102-1540-BULL-OBS-001028-Z001028|FailureSource=BullFVG|FailureSourceZoneFreshness=Fresh|ZoneBirthResearch|ZoneJustCreated"
"OPF-20260725-161545","OPF_0.1","OPF_RESEARCH_2.17","MNQ_0.1","MNQ_1Contract_Target150_200","OPF_PROFILE_0.1","20260102-1515-BULL-OBS-001023-Z000864-FR-RT","2026-01-02T15:45:00.0000000",1029,"Triggered","Short","FailureReverse","20260102-0200-BullFVG-000864","BullFVG","SecondTouch",40,52.00,"FailureReverseResearch|FailureSourceSignalID=20260102-1515-BULL-OBS-001023-Z000864|FailureSource=BullFVG|FailureSourceZoneFreshness=SecondTouch|UnknownRegimeZoneTouch|RegimeUnknown|FailureRetestFailedTriggered|ReclaimZoneLow"
"OPF-20260725-161545","OPF_0.1","OPF_RESEARCH_2.17","MNQ_0.1","MNQ_1Contract_Target150_200","OPF_PROFILE_0.1","20260102-1515-BULL-OBS-001023-Z000869-FR-RT","2026-01-02T15:45:00.0000000",1029,"Triggered","Short","FailureReverse","20260102-0225-BullFVG-000869","BullFVG","SecondTouch",40,52.00,"FailureReverseResearch|FailureSourceSignalID=20260102-1515-BULL-OBS-001023-Z000869|FailureSource=BullFVG|FailureSourceZoneFreshness=SecondTouch|UnknownRegimeZoneTouch|RegimeUnknown|FailureRetestFailedTriggered|ReclaimZoneLow"
"OPF-20260725-161545","OPF_0.1","OPF_RESEARCH_2.17","MNQ_0.1","MNQ_1Contract_Target150_200","OPF_PROFILE_0.1","20260102-1510-BULL-OBS-001022-Z000874-FR-RT","2026-01-02T15:45:00.0000000",1029,"Triggered","Short","FailureReverse","20260102-0250-BullFVG-000874","BullFVG","SecondTouch",40,52.00,"FailureReverseResearch|FailureSourceSignalID=20260102-1510-BULL-OBS-001022-Z000874|FailureSource=BullFVG|FailureSourceZoneFreshness=SecondTouch|UnknownRegimeZoneTouch|RegimeUnknown|FailureRetestFailedTriggered|ReclaimZoneLow"
"OPF-20260725-161545","OPF_0.1","OPF_RESEARCH_2.17","MNQ_0.1","MNQ_1Contract_Target150_200","OPF_PROFILE_0.1","20260102-1655-BEAR-BRK-001043-Z001043","2026-01-02T16:55:00.0000000",1043,"ResearchOnly","Short","TrendPullback","20260102-1655-BearFVG-001043","BearFVG","Fresh",80,85.00,"BreakawayFvgResearch"
"OPF-20260725-161545","OPF_0.1","OPF_RESEARCH_2.17","MNQ_0.1","MNQ_1Contract_Target150_200","OPF_PROFILE_0.1","20260102-1655-BEAR-BRK-001043-Z001043","2026-01-02T16:55:00.0000000",1043,"Executed","Short","TrendPullback","20260102-1655-BearFVG-001043","BearFVG","Fresh",80,85.00,"BreakawayFvgResearch|ReplayExecuted|BreakawayFvg|20260102-1655-Short-1043"
"OPF-20260725-161545","OPF_0.1","OPF_RESEARCH_2.17","MNQ_0.1","MNQ_1Contract_Target150_200","OPF_PROFILE_0.1","20260102-1655-BEAR-SHD-001043-Z001043","2026-01-02T16:55:00.0000000",1043,"ResearchOnly","Short","TrendPullback","20260102-1655-BearFVG-001043","BearFVG","Fresh",80,75.00,"ShadowCandidate|ZoneJustCreated"
"OPF-20260725-161545","OPF_0.1","OPF_RESEARCH_2.17","MNQ_0.1","MNQ_1Contract_Target150_200","OPF_PROFILE_0.1","20260102-1655-BEAR-OBS-001043-Z001043","2026-01-02T16:55:00.0000000",1043,"ResearchOnly","Short","TrendPullback","20260102-1655-BearFVG-001043","BearFVG","Fresh",80,75.00,"ObservationResearch|ZoneJustCreated|Regime=BearTrend"
"OPF-20260725-161545","OPF_0.1","OPF_RESEARCH_2.17","MNQ_0.1","MNQ_1Contract_Target150_200","OPF_PROFILE_0.1","20260102-1700-BEAR-PB-001044-Z001043","2026-01-02T17:00:00.0000000",1044,"Candidate","Short","TrendPullback","20260102-1655-BearFVG-001043","BearFVG","Fresh",80,80.00,"MainlineRetest"
"OPF-20260725-161545","OPF_0.1","OPF_RESEARCH_2.17","MNQ_0.1","MNQ_1Contract_Target150_200","OPF_PROFILE_0.1","20260102-1700-BEAR-PB-001044-Z001043","2026-01-02T17:00:00.0000000",1044,"ResearchOnly","Short","TrendPullback","20260102-1655-BearFVG-001043","BearFVG","Fresh",80,80.00,"MainlineRetest"
"OPF-20260725-161545","OPF_0.1","OPF_RESEARCH_2.17","MNQ_0.1","MNQ_1Contract_Target150_200","OPF_PROFILE_0.1","20260102-1655-BEAR-SHD-001043-Z001043","2026-01-02T17:00:00.0000000",1044,"ResearchOnly","Short","TrendPullback","20260102-1655-BearFVG-001043","BearFVG","Fresh",80,75.00,"ShadowCandidateResearch|ZoneJustCreated|ReclaimZoneLow"
"OPF-20260725-161545","OPF_0.1","OPF_RESEARCH_2.17","MNQ_0.1","MNQ_1Contract_Target150_200","OPF_PROFILE_0.1","20260102-1655-BEAR-OBS-001043-Z001043-OC","2026-01-02T17:00:00.0000000",1044,"ResearchOnly","Short","TrendPullback","20260102-1655-BearFVG-001043","BearFVG","Fresh",80,100.00,"ObservationResearch|ZoneJustCreated|Regime=BearTrend|ObservationConfirmResearch|ZoneBirthResearch|ReclaimZoneLow"
"OPF-20260725-161545","OPF_0.1","OPF_RESEARCH_2.17","MNQ_0.1","MNQ_1Contract_Target150_200","OPF_PROFILE_0.1","20260102-1700-BEAR-OBS-001044-Z001043","2026-01-02T17:00:00.0000000",1044,"ResearchOnly","Short","TrendPullback","20260102-1655-BearFVG-001043","BearFVG","SecondTouch",50,57.00,"ObservationResearch|RegimeUnknown|Regime=Unknown"
"OPF-20260725-161545","OPF_0.1","OPF_RESEARCH_2.17","MNQ_0.1","MNQ_1Contract_Target150_200","OPF_PROFILE_0.1","20260102-1700-BEAR-OBS-001044-Z001043-FR","2026-01-02T17:10:00.0000000",1046,"ResearchOnly","Long","FailureReverse","20260102-1655-BearFVG-001043","BearFVG","SecondTouch",50,62.00,"FailureReverseResearch|FailureSourceSignalID=20260102-1700-BEAR-OBS-001044-Z001043|FailureSource=BearFVG|FailureSourceZoneFreshness=SecondTouch|UnknownRegimeZoneTouch|RegimeUnknown"
"OPF-20260725-161545","OPF_0.1","OPF_RESEARCH_2.17","MNQ_0.1","MNQ_1Contract_Target150_200","OPF_PROFILE_0.1","20260102-1915-BULL-OBS-001071-Z001071","2026-01-02T19:15:00.0000000",1071,"ResearchOnly","Long","TrendPullback","20260102-1915-BullFVG-001071","BullFVG","Fresh",20,35.00,"ObservationResearch|ZoneJustCreated|Regime=Unknown"
"OPF-20260725-161545","OPF_0.1","OPF_RESEARCH_2.17","MNQ_0.1","MNQ_1Contract_Target150_200","OPF_PROFILE_0.1","20260102-1915-BULL-OBS-001071-Z001071-OC","2026-01-02T19:20:00.0000000",1072,"ResearchOnly","Long","TrendPullback","20260102-1915-BullFVG-001071","BullFVG","Fresh",20,60.00,"ObservationResearch|ZoneJustCreated|Regime=Unknown|ObservationConfirmResearch|ZoneBirthResearch|ReclaimZoneHigh"
"OPF-20260725-161545","OPF_0.1","OPF_RESEARCH_2.17","MNQ_0.1","MNQ_1Contract_Target150_200","OPF_PROFILE_0.1","20260102-1920-BULL-OBS-001072-Z001071","2026-01-02T19:20:00.0000000",1072,"ResearchOnly","Long","TrendPullback","20260102-1915-BullFVG-001071","BullFVG","SecondTouch",20,37.00,"ObservationResearch|RegimeUnknown|Regime=Unknown"
"OPF-20260725-161545","OPF_0.1","OPF_RESEARCH_2.17","MNQ_0.1","MNQ_1Contract_Target150_200","OPF_PROFILE_0.1","20260102-1920-BULL-OBS-001072-Z001071-OC","2026-01-02T19:25:00.0000000",1073,"ResearchOnly","Long","TrendPullback","20260102-1915-BullFVG-001071","BullFVG","SecondTouch",20,52.00,"ObservationResearch|RegimeUnknown|Regime=Unknown|ObservationConfirmResearch|UnknownRegimeZoneTouch|ReclaimZoneHigh"
"OPF-20260725-161545","OPF_0.1","OPF_RESEARCH_2.17","MNQ_0.1","MNQ_1Contract_Target150_200","OPF_PROFILE_0.1","20260102-1920-BULL-OBS-001072-Z001071-OC-STR","2026-01-02T19:25:00.0000000",1073,"ResearchOnly","Long","TrendPullback","20260102-1915-BullFVG-001071","BullFVG","SecondTouch",20,52.00,"ObservationResearch|RegimeUnknown|Regime=Unknown|ObservationConfirmResearch|UnknownRegimeZoneTouch|ReclaimZoneHigh|ObservationConfirmStrictResearch|ObservationStrict_Other|UnknownRegimeZoneTouch|ReclaimZoneHigh"
"OPF-20260725-161545","OPF_0.1","OPF_RESEARCH_2.17","MNQ_0.1","MNQ_1Contract_Target150_200","OPF_PROFILE_0.1","20260102-1935-BULL-OBS-001075-Z001075","2026-01-02T19:35:00.0000000",1075,"ResearchOnly","Long","TrendPullback","20260102-1935-BullFVG-001075","BullFVG","Fresh",20,41.00,"ObservationResearch|ZoneJustCreated|Regime=Unknown"
"OPF-20260725-161545","OPF_0.1","OPF_RESEARCH_2.17","MNQ_0.1","MNQ_1Contract_Target150_200","OPF_PROFILE_0.1","20260102-1935-BULL-OBS-001075-Z001075-OC","2026-01-02T19:40:00.0000000",1076,"ResearchOnly","Long","TrendPullback","20260102-1935-BullFVG-001075","BullFVG","Fresh",20,53.00,"ObservationResearch|ZoneJustCreated|Regime=Unknown|ObservationConfirmResearch|ZoneBirthResearch|ReclaimZoneHigh"
"OPF-20260725-161545","OPF_0.1","OPF_RESEARCH_2.17","MNQ_0.1","MNQ_1Contract_Target150_200","OPF_PROFILE_0.1","20260102-1935-BULL-OBS-001075-Z001075-OC-STR","2026-01-02T19:40:00.0000000",1076,"ResearchOnly","Long","TrendPullback","20260102-1935-BullFVG-001075","BullFVG","Fresh",20,53.00,"ObservationResearch|ZoneJustCreated|Regime=Unknown|ObservationConfirmResearch|ZoneBirthResearch|ReclaimZoneHigh|ObservationConfirmStrictResearch|ObservationStrict_BullFresh|ZoneBirthResearch|ReclaimZoneHigh"
"OPF-20260725-161545","OPF_0.1","OPF_RESEARCH_2.17","MNQ_0.1","MNQ_1Contract_Target150_200","OPF_PROFILE_0.1","20260102-1945-BULL-OBS-001077-Z001075","2026-01-02T19:45:00.0000000",1077,"ResearchOnly","Long","TrendPullback","20260102-1935-BullFVG-001075","BullFVG","SecondTouch",20,33.00,"ObservationResearch|RegimeUnknown|Regime=Unknown"
"OPF-20260725-161545","OPF_0.1","OPF_RESEARCH_2.17","MNQ_0.1","MNQ_1Contract_Target150_200","OPF_PROFILE_0.1","20260102-1945-BULL-OBS-001077-Z001075-FR","2026-01-02T19:50:00.0000000",1078,"ResearchOnly","Short","FailureReverse","20260102-1935-BullFVG-001075","BullFVG","SecondTouch",20,42.00,"FailureReverseResearch|FailureSourceSignalID=20260102-1945-BULL-OBS-001077-Z001075|FailureSource=BullFVG|FailureSourceZoneFreshness=SecondTouch|UnknownRegimeZoneTouch|RegimeUnknown"
"OPF-20260725-161545","OPF_0.1","OPF_RESEARCH_2.17","MNQ_0.1","MNQ_1Contract_Target150_200","OPF_PROFILE_0.1","20260102-1945-BULL-OBS-001077-Z001075-FR-AEW1","2026-01-02T19:55:00.0000000",1079,"Triggered","Short","FailureReverse","20260102-1935-BullFVG-001075","BullFVG","SecondTouch",20,42.00,"FailureReverseResearch|FailureSourceSignalID=20260102-1945-BULL-OBS-001077-Z001075|FailureSource=BullFVG|FailureSourceZoneFreshness=SecondTouch|UnknownRegimeZoneTouch|RegimeUnknown|AggressiveExpansionWait1V165:originBar=1078|AggressiveExpansionWait1ConfirmBarStopV166|OriginPath=FailureReverse_ObservationInvalidated_WideStop1_5R"
"OPF-20260725-161545","OPF_0.1","OPF_RESEARCH_2.17","MNQ_0.1","MNQ_1Contract_Target150_200","OPF_PROFILE_0.1","20260102-1955-BEAR-OBS-001079-Z001079","2026-01-02T19:55:00.0000000",1079,"ResearchOnly","Short","TrendPullback","20260102-1955-BearFVG-001079","BearFVG","Fresh",20,45.00,"ObservationResearch|ZoneJustCreated|Regime=Unknown"
"OPF-20260725-161545","OPF_0.1","OPF_RESEARCH_2.17","MNQ_0.1","MNQ_1Contract_Target150_200","OPF_PROFILE_0.1","20260102-1955-BEAR-OBS-001079-Z001079-OC","2026-01-02T20:00:00.0000000",1080,"ResearchOnly","Short","TrendPullback","20260102-1955-BearFVG-001079","BearFVG","Fresh",20,53.00,"ObservationResearch|ZoneJustCreated|Regime=Unknown|ObservationConfirmResearch|ZoneBirthResearch|ReclaimZoneLow"
"OPF-20260725-161545","OPF_0.1","OPF_RESEARCH_2.17","MNQ_0.1","MNQ_1Contract_Target150_200","OPF_PROFILE_0.1","20260102-1945-BULL-OBS-001077-Z001075-FR-RT","2026-01-02T20:00:00.0000000",1080,"Triggered","Short","FailureReverse","20260102-1935-BullFVG-001075","BullFVG","SecondTouch",20,45.00,"FailureReverseResearch|FailureSourceSignalID=20260102-1945-BULL-OBS-001077-Z001075|FailureSource=BullFVG|FailureSourceZoneFreshness=SecondTouch|UnknownRegimeZoneTouch|RegimeUnknown|FailureRetestFailedTriggered|ReclaimZoneLow"
"OPF-20260725-161545","OPF_0.1","OPF_RESEARCH_2.17","MNQ_0.1","MNQ_1Contract_Target150_200","OPF_PROFILE_0.1","20260102-2045-BEAR-OBS-001089-Z001089","2026-01-02T20:45:00.0000000",1089,"ResearchOnly","Short","TrendPullback","20260102-2045-BearFVG-001089","BearFVG","Fresh",40,45.00,"ObservationResearch|ZoneJustCreated|Regime=Unknown"
"OPF-20260725-161545","OPF_0.1","OPF_RESEARCH_2.17","MNQ_0.1","MNQ_1Contract_Target150_200","OPF_PROFILE_0.1","20260102-2045-BEAR-OBS-001089-Z001089-OC","2026-01-02T20:50:00.0000000",1090,"ResearchOnly","Short","TrendPullback","20260102-2045-BearFVG-001089","BearFVG","Fresh",40,60.00,"ObservationResearch|ZoneJustCreated|Regime=Unknown|ObservationConfirmResearch|ZoneBirthResearch|ReclaimZoneLow"
"OPF-20260725-161545","OPF_0.1","OPF_RESEARCH_2.17","MNQ_0.1","MNQ_1Contract_Target150_200","OPF_PROFILE_0.1","20260102-2050-BEAR-OBS-001090-Z001089","2026-01-02T20:50:00.0000000",1090,"ResearchOnly","Short","TrendPullback","20260102-2045-BearFVG-001089","BearFVG","SecondTouch",40,41.00,"ObservationResearch|RegimeUnknown|Regime=Unknown"
"OPF-20260725-161545","OPF_0.1","OPF_RESEARCH_2.17","MNQ_0.1","MNQ_1Contract_Target150_200","OPF_PROFILE_0.1","20260102-2050-BEAR-OBS-001090-Z001089-OC","2026-01-02T20:55:00.0000000",1091,"ResearchOnly","Short","TrendPullback","20260102-2045-BearFVG-001089","BearFVG","SecondTouch",40,49.00,"ObservationResearch|RegimeUnknown|Regime=Unknown|ObservationConfirmResearch|UnknownRegimeZoneTouch|ReclaimZoneLow"
"OPF-20260725-161545","OPF_0.1","OPF_RESEARCH_2.17","MNQ_0.1","MNQ_1Contract_Target150_200","OPF_PROFILE_0.1","20260102-2050-BEAR-OBS-001090-Z001089-OC-STR","2026-01-02T20:55:00.0000000",1091,"ResearchOnly","Short","TrendPullback","20260102-2045-BearFVG-001089","BearFVG","SecondTouch",40,49.00,"ObservationResearch|RegimeUnknown|Regime=Unknown|ObservationConfirmResearch|UnknownRegimeZoneTouch|ReclaimZoneLow|ObservationConfirmStrictResearch|ObservationStrict_Other|UnknownRegimeZoneTouch|ReclaimZoneLow"
"OPF-20260725-161545","OPF_0.1","OPF_RESEARCH_2.17","MNQ_0.1","MNQ_1Contract_Target150_200","OPF_PROFILE_0.1","20260102-2150-BEAR-OBS-001102-Z001102","2026-01-02T21:50:00.0000000",1102,"ResearchOnly","Short","TrendPullback","20260102-2150-BearFVG-001102","BearFVG","Fresh",20,41.00,"ObservationResearch|ZoneJustCreated|Regime=Unknown"
"OPF-20260725-161545","OPF_0.1","OPF_RESEARCH_2.17","MNQ_0.1","MNQ_1Contract_Target150_200","OPF_PROFILE_0.1","20260102-2155-BEAR-OBS-001103-Z001102","2026-01-02T21:55:00.0000000",1103,"ResearchOnly","Short","TrendPullback","20260102-2150-BearFVG-001102","BearFVG","SecondTouch",20,27.00,"ObservationResearch|RegimeUnknown|Regime=Unknown"
