SnapshotID,StrategyVersion,ResearchSchemaVersion,InstrumentProfileName,ExecutionProfileName,ProfileCatalogVersion,TradeID,EntryTime,ExitTime,Side,Classification,Quantity,EntryPrice,ExitPrice,GrossPnLDollars,CommissionDollars,NetPnLDollars,DailyNetPnLDollars,RawGrossPnLDollars,PnLSource
"OPF-20260725-161801","OPF_0.1","OPF_RESEARCH_2.17","MNQ_0.1","MNQ_1Contract_Target150_200","OPF_PROFILE_0.1","20260424-0015-Long-1131","2026-04-24T00:15:00.0000000","2026-04-24T01:10:00.0000000","Long","Normal",3,27106.50,27117.25,64.50,3.6,60.90,60.90,64.50,"HistoricalReplayNormalized"
"OPF-20260725-161801","OPF_0.1","OPF_RESEARCH_2.17","MNQ_0.1","MNQ_1Contract_Target150_200","OPF_PROFILE_0.1","20260424-0255-Short-1163","2026-04-24T02:55:00.0000000","2026-04-24T02:55:00.0000000","Short","Normal",3,27070.50,26990.75,-45.00,3.6,-48.60,12.30,478.50,"HistoricalReplayNormalized"
"OPF-20260725-161801","OPF_0.1","OPF_RESEARCH_2.17","MNQ_0.1","MNQ_1Contract_Target150_200","OPF_PROFILE_0.1","20260424-0255-Short-1163-S2","2026-04-24T02:55:00.0000000","2026-04-24T03:15:00.0000000","Short","Normal",3,27070.50,26990.75,100.50,3.6,96.90,109.20,478.50,"HistoricalReplayNormalized"
"OPF-20260725-161801","OPF_0.1","OPF_RESEARCH_2.17","MNQ_0.1","MNQ_1Contract_Target150_200","OPF_PROFILE_0.1","20260424-0325-Short-1169","2026-04-24T03:25:00.0000000","2026-04-24T04:40:00.0000000","Short","Normal",3,27035.666666666666666666666667,26990.75,-113.00,3.6,-116.60,-7.40,269.50,"HistoricalReplayNormalized"
"OPF-20260725-161801","OPF_0.1","OPF_RESEARCH_2.17","MNQ_0.1","MNQ_1Contract_Target150_200","OPF_PROFILE_0.1","20260424-0500-Long-1188","2026-04-24T05:00:00.0000000","2026-04-24T05:00:00.0000000","Long","Normal",3,27050.75,27042.25,-51.00,3.6,-54.60,-62.00,-51.00,"HistoricalReplayNormalized"
"OPF-20260725-161801","OPF_0.1","OPF_RESEARCH_2.17","MNQ_0.1","MNQ_1Contract_Target150_200","OPF_PROFILE_0.1","20260424-0555-Long-1199","2026-04-24T05:55:00.0000000","2026-04-24T05:55:00.0000000","Long","Normal",3,27086.00,27097.416666666666666666666667,68.50,3.6,64.90,2.90,68.50,"HistoricalReplayNormalized"
"OPF-20260725-161801","OPF_0.1","OPF_RESEARCH_2.17","MNQ_0.1","MNQ_1Contract_Target150_200","OPF_PROFILE_0.1","20260424-0555-Long-1199-S2","2026-04-24T05:55:00.0000000","2026-04-24T06:20:00.0000000","Long","Normal",3,27086.75,27074.00,-76.50,3.6,-80.10,-77.20,-76.50,"HistoricalReplayNormalized"
"OPF-20260725-161801","OPF_0.1","OPF_RESEARCH_2.17","MNQ_0.1","MNQ_1Contract_Target150_200","OPF_PROFILE_0.1","20260424-1045-Long-1257-S2","2026-04-24T10:45:00.0000000","2026-04-24T10:55:00.0000000","Long","Normal",3,27174.75,27216.833333333333333333333333,222.00,3.6,218.40,141.20,252.50,"HistoricalReplayNormalized"
"OPF-20260725-161801","OPF_0.1","OPF_RESEARCH_2.17","MNQ_0.1","MNQ_1Contract_Target150_200","OPF_PROFILE_0.1","20260424-1035-Long-1255","2026-04-24T10:35:00.0000000","2026-04-24T11:00:00.0000000","Long","Normal",3,27178.25,27237.083333333333333333333333,353.00,3.6,349.40,490.60,353.00,"HistoricalReplayNormalized"
"OPF-20260725-161801","OPF_0.1","OPF_RESEARCH_2.17","MNQ_0.1","MNQ_1Contract_Target150_200","OPF_PROFILE_0.1","20260424-1505-Long-1309","2026-04-24T15:05:00.0000000","2026-04-24T15:35:00.0000000","Long","Normal",3,27297.00,27370.166666666666666666666667,439.00,3.6,435.40,926.00,439.00,"HistoricalReplayNormalized"
"OPF-20260725-161801","OPF_0.1","OPF_RESEARCH_2.17","MNQ_0.1","MNQ_1Contract_Target150_200","OPF_PROFILE_0.1","20260424-1705-Long-1333","2026-04-24T17:05:00.0000000","2026-04-24T17:05:00.0000000","Long","Normal",3,27408.75,27403.25,-33.00,3.6,-36.60,889.40,-33.00,"HistoricalReplayNormalized"
"OPF-20260725-161801","OPF_0.1","OPF_RESEARCH_2.17","MNQ_0.1","MNQ_1Contract_Target150_200","OPF_PROFILE_0.1","20260424-1725-Short-1337","2026-04-24T17:25:00.0000000","2026-04-24T17:30:00.0000000","Short","Normal",3,27382.25,26990.75,-114.00,3.6,-117.60,771.80,2349.00,"HistoricalReplayNormalized"
"OPF-20260725-161801","OPF_0.1","OPF_RESEARCH_2.17","MNQ_0.1","MNQ_1Contract_Target150_200","OPF_PROFILE_0.1","20260424-1805-Short-1345","2026-04-24T18:05:00.0000000","2026-04-24T19:00:00.0000000","Short","Normal",3,27420.25,26990.75,-63.00,3.6,-66.60,705.20,2577.00,"HistoricalReplayNormalized"
"OPF-20260725-161801","OPF_0.1","OPF_RESEARCH_2.17","MNQ_0.1","MNQ_1Contract_Target150_200","OPF_PROFILE_0.1","20260424-1805-Short-1345-S2","2026-04-24T18:05:00.0000000","2026-04-24T19:05:00.0000000","Short","Normal",3,27420.25,26990.75,-63.00,3.6,-66.60,638.60,2577.00,"HistoricalReplayNormalized"
"OPF-20260725-161801","OPF_0.1","OPF_RESEARCH_2.17","MNQ_0.1","MNQ_1Contract_Target150_200","OPF_PROFILE_0.1","20260424-2000-Long-1368","2026-04-24T20:00:00.0000000","2026-04-24T20:00:00.0000000","Long","Quarantine",3,27431.00,27415.75,0,3.6,-3.6,635.00,-91.50,"HistoricalReplayQuarantineCommissionOnly"
"OPF-20260725-161801","OPF_0.1","OPF_RESEARCH_2.17","MNQ_0.1","MNQ_1Contract_Target150_200","OPF_PROFILE_0.1","20260424-2025-Short-1373","2026-04-24T20:25:00.0000000","2026-04-24T20:25:00.0000000","Short","Normal",3,27419.50,26990.75,-63.00,3.6,-66.60,568.40,2572.50,"HistoricalReplayNormalized"
