Mode,Alpha,Threshold,DailyLimit,H1Trades,H1Net,Q4Trades,Q4Net,CombinedTrades,CombinedNet
Conservative,10,0,0,968,10420.58,627,2218.0,1595,12638.58
Conservative,10,0,15,967,10308.98,624,2195.2,1591,12504.18
Conservative,5,0,0,964,10446.68,622,1825.08,1586,12271.76
Conservative,5,0,15,963,10335.08,619,1802.28,1582,12137.36
Conservative,10,5,15,691,10431.34,378,1366.76,1069,11798.1
Conservative,10,5,0,691,10431.34,378,1366.76,1069,11798.1
Conservative,5,5,15,692,10456.94,380,1306.74,1072,11763.68
Conservative,5,5,0,692,10456.94,380,1306.74,1072,11763.68
Conservative,20,0,0,975,9598.04,641,1880.18,1616,11478.22
Conservative,20,5,15,690,10269.52,375,1157.48,1065,11427.0
Conservative,20,5,0,690,10269.52,376,1111.08,1066,11380.6
Conservative,20,0,15,973,9164.84,636,1906.18,1609,11071.02
Conservative,50,5,15,685,9912.48,366,1087.6,1051,11000.08
Conservative,50,0,0,998,9482.38,648,1488.26,1646,10970.64
Conservative,50,5,0,685,9912.48,367,1041.2,1052,10953.68
Conservative,5,15,15,393,9058.34,177,1782.12,570,10840.46
Conservative,5,15,0,393,9058.34,177,1782.12,570,10840.46
Conservative,50,0,15,994,9134.98,641,1571.54,1635,10706.52
Conservative,10,15,15,391,8760.58,164,1721.28,555,10481.86
Conservative,10,15,0,391,8760.58,164,1721.28,555,10481.86
Conservative,20,10,15,505,8985.68,195,1310.06,700,10295.74
Conservative,20,10,0,505,8985.68,195,1310.06,700,10295.74
Conservative,10,10,15,506,8717.74,216,1425.86,722,10143.6
Conservative,10,10,0,506,8717.74,216,1425.86,722,10143.6
Conservative,20,15,15,385,8513.48,132,1617.08,517,10130.56
Conservative,20,15,0,385,8513.48,132,1617.08,517,10130.56
Conservative,5,10,15,513,8466.86,224,1439.14,737,9906.0
Conservative,5,10,0,513,8466.86,224,1439.14,737,9906.0
Conservative,50,10,15,466,8295.1,152,1555.08,618,9850.18
Conservative,50,10,0,466,8295.1,152,1555.08,618,9850.18
Conservative,50,15,15,356,7950.5,100,888.88,456,8839.38
Conservative,50,15,0,356,7950.5,100,888.88,456,8839.38
Observed,5,0,0,984,10872.66,631,2894.18,1615,13766.84
Observed,10,0,0,991,10578.36,638,2978.94,1629,13557.3
Observed,5,0,15,983,10551.06,627,2721.28,1610,13272.34
Observed,10,0,15,990,10256.76,634,2806.04,1624,13062.8
Observed,20,0,0,1000,10420.52,644,2376.0,1644,12796.52
Observed,50,5,15,689,10707.9,379,1895.48,1068,12603.38
Observed,5,5,15,694,11222.64,388,1344.84,1082,12567.48
Observed,5,5,0,694,11222.64,388,1344.84,1082,12567.48
Observed,50,5,0,689,10707.9,380,1849.08,1069,12556.98
Observed,20,5,15,690,10822.52,381,1692.66,1071,12515.18
Observed,20,5,0,690,10822.52,381,1692.66,1071,12515.18
Observed,20,0,15,999,10098.92,639,2402.0,1638,12500.92
Observed,50,0,0,1016,9892.08,655,2492.0,1671,12384.08
Observed,10,5,15,693,10977.04,385,1361.74,1078,12338.78
Observed,10,5,0,693,10977.04,385,1361.74,1078,12338.78
Observed,50,0,15,1014,9458.88,648,2575.28,1662,12034.16
Observed,5,15,15,396,9859.64,177,1942.62,573,11802.26
Observed,5,15,0,396,9859.64,177,1942.62,573,11802.26
Observed,10,15,15,392,9392.68,164,1894.34,556,11287.02
Observed,10,15,0,392,9392.68,164,1894.34,556,11287.02
Observed,20,10,15,504,9504.88,195,1663.06,699,11167.94
Observed,20,10,0,504,9504.88,195,1663.06,699,11167.94
Observed,20,15,15,385,9167.98,134,1985.28,519,11153.26
Observed,20,15,0,385,9167.98,134,1985.28,519,11153.26
Observed,50,10,15,468,9282.36,168,1764.18,636,11046.54
Observed,50,10,0,468,9282.36,168,1764.18,636,11046.54
Observed,5,10,15,512,9262.56,224,1653.14,736,10915.7
Observed,5,10,0,512,9262.56,224,1653.14,736,10915.7
Observed,10,10,15,506,9164.52,217,1626.96,723,10791.48
Observed,10,10,0,506,9164.52,217,1626.96,723,10791.48
Observed,50,15,15,362,8632.1,102,1060.56,464,9692.66
Observed,50,15,0,362,8632.1,102,1060.56,464,9692.66
