Model,Validation,Mode,Alpha,Threshold,DailyLimit,H1Trades,H1Net,Q4Trades,Q4Net,CombinedTrades,CombinedNet
Ridge,LeaveOneMonthOut,Conservative,1000,0,0,1053,10772.44,460,1177.09,1513,11949.53
Ridge,LeaveOneMonthOut,Conservative,10000,0,0,1157,10895.83,678,1031.38,1835,11927.21
Ridge,LeaveOneMonthOut,Conservative,10000,0,15,1136,10687.73,668,1222.38,1804,11910.11
Ridge,LeaveOneMonthOut,Conservative,1000,0,15,1044,10275.54,459,1173.49,1503,11449.03
GroupedShrinkage,CrossPeriod,Conservative,10,0,0,694,7514.54,524,717.08,1218,8231.62
GroupedShrinkage,CrossPeriod,Conservative,10,0,15,694,7514.54,523,713.48,1217,8228.02
GroupedShrinkage,CrossPeriod,Conservative,20,0,0,684,7312.32,538,908.0,1222,8220.32
GroupedShrinkage,CrossPeriod,Conservative,20,0,15,684,7312.32,536,866.8,1220,8179.12
GroupedShrinkage,CrossPeriod,Conservative,50,0,0,660,6913.56,563,1263.32,1223,8176.88
GroupedShrinkage,CrossPeriod,Conservative,50,0,15,660,6913.56,562,1259.72,1222,8173.28
GroupedShrinkage,LeaveOneMonthOut,Conservative,50,0,0,882,6862.3,545,472.1,1427,7334.4
Ridge,LeaveOneMonthOut,Conservative,100,0,15,920,8436.92,439,-1157.66,1359,7279.26
GroupedShrinkage,LeaveOneMonthOut,Conservative,50,0,15,879,6781.0,545,472.1,1424,7253.1
Ridge,LeaveOneMonthOut,Conservative,100,0,0,921,8356.52,440,-1154.06,1361,7202.46
GroupedShrinkage,LeaveOneMonthOut,Conservative,20,0,15,849,6132.9,526,335.92,1375,6468.82
Ridge,LeaveOneMonthOut,Conservative,1000,5,15,670,6966.96,211,-551.02,881,6415.94
Ridge,LeaveOneMonthOut,Conservative,1000,5,0,670,6966.96,211,-551.02,881,6415.94
GroupedShrinkage,LeaveOneMonthOut,Conservative,20,0,0,850,6076.5,526,335.92,1376,6412.42
GroupedShrinkage,LeaveOneMonthOut,Conservative,10,0,15,831,6255.92,505,134.08,1336,6390.0
GroupedShrinkage,LeaveOneMonthOut,Conservative,10,0,0,831,6255.92,505,134.08,1336,6390.0
Ridge,LeaveOneMonthOut,Conservative,100,5,15,711,5696.64,338,337.4,1049,6034.04
Ridge,LeaveOneMonthOut,Conservative,100,5,0,711,5696.64,338,337.4,1049,6034.04
Ridge,CrossPeriod,Conservative,100,0,15,756,5340.2,529,286.42,1285,5626.62
Ridge,CrossPeriod,Conservative,100,0,0,756,5340.2,533,217.82,1289,5558.02
GroupedShrinkage,CrossPeriod,Conservative,10,5,15,501,5941.62,383,-397.96,884,5543.66
GroupedShrinkage,CrossPeriod,Conservative,10,5,0,501,5941.62,383,-397.96,884,5543.66
GroupedShrinkage,LeaveOneMonthOut,Conservative,50,5,15,511,4515.3,317,704.38,828,5219.68
GroupedShrinkage,LeaveOneMonthOut,Conservative,50,5,0,511,4515.3,317,704.38,828,5219.68
Ridge,LeaveOneMonthOut,Conservative,100,10,15,487,5481.62,199,-289.36,686,5192.26
Ridge,LeaveOneMonthOut,Conservative,100,10,0,487,5481.62,199,-289.36,686,5192.26
GroupedShrinkage,LeaveOneMonthOut,Conservative,10,5,15,647,4027.78,398,1076.92,1045,5104.7
GroupedShrinkage,LeaveOneMonthOut,Conservative,10,5,0,647,4027.78,398,1076.92,1045,5104.7
Ridge,CrossPeriod,Conservative,1000,0,15,715,4531.35,600,550.79,1315,5082.14
Ridge,CrossPeriod,Conservative,1000,0,0,715,4531.35,603,493.11,1318,5024.46
GroupedShrinkage,CrossPeriod,Conservative,50,5,15,167,4133.9,332,663.94,499,4797.84
GroupedShrinkage,CrossPeriod,Conservative,50,5,0,167,4133.9,332,663.94,499,4797.84
GroupedShrinkage,CrossPeriod,Conservative,20,10,15,169,4062.1,243,594.48,412,4656.58
GroupedShrinkage,CrossPeriod,Conservative,20,10,0,169,4062.1,243,594.48,412,4656.58
GroupedShrinkage,LeaveOneMonthOut,Conservative,20,5,15,620,3014.0,365,1521.68,985,4535.68
GroupedShrinkage,LeaveOneMonthOut,Conservative,20,5,0,620,3014.0,365,1521.68,985,4535.68
GroupedShrinkage,CrossPeriod,Conservative,10,15,15,184,4131.26,207,197.96,391,4329.22
GroupedShrinkage,CrossPeriod,Conservative,10,15,0,184,4131.26,207,197.96,391,4329.22
GroupedShrinkage,CrossPeriod,Conservative,20,5,15,354,3780.48,372,299.36,726,4079.84
GroupedShrinkage,CrossPeriod,Conservative,20,5,0,354,3780.48,372,299.36,726,4079.84
Ridge,LeaveOneMonthOut,Conservative,100,15,15,307,3716.4,116,64.02,423,3780.42
Ridge,LeaveOneMonthOut,Conservative,100,15,0,307,3716.4,116,64.02,423,3780.42
Ridge,LeaveOneMonthOut,Conservative,1000,10,15,233,3403.42,60,-286.28,293,3117.14
Ridge,LeaveOneMonthOut,Conservative,1000,10,0,233,3403.42,60,-286.28,293,3117.14
GroupedShrinkage,CrossPeriod,Conservative,10,10,15,298,3378.92,276,-269.41,574,3109.51
GroupedShrinkage,CrossPeriod,Conservative,10,10,0,298,3378.92,276,-269.41,574,3109.51
GroupedShrinkage,LeaveOneMonthOut,Conservative,10,10,15,405,3057.48,260,17.0,665,3074.48
GroupedShrinkage,LeaveOneMonthOut,Conservative,10,10,0,405,3057.48,260,17.0,665,3074.48
Ridge,CrossPeriod,Conservative,10000,0,15,381,1468.67,668,1153.58,1049,2622.25
Ridge,CrossPeriod,Conservative,10000,0,0,381,1468.67,678,962.58,1059,2431.25
GroupedShrinkage,LeaveOneMonthOut,Conservative,50,15,15,52,2778.44,53,-433.72,105,2344.72
GroupedShrinkage,LeaveOneMonthOut,Conservative,50,15,0,52,2778.44,53,-433.72,105,2344.72
Ridge,CrossPeriod,Conservative,100,5,0,537,2874.11,429,-572.4,966,2301.71
Ridge,CrossPeriod,Conservative,100,5,15,537,2874.11,428,-576.0,965,2298.11
GroupedShrinkage,CrossPeriod,Conservative,20,15,15,121,1204.7,173,909.56,294,2114.26
GroupedShrinkage,CrossPeriod,Conservative,20,15,0,121,1204.7,173,909.56,294,2114.26
GroupedShrinkage,LeaveOneMonthOut,Conservative,10,15,15,246,2272.76,170,-244.34,416,2028.42
GroupedShrinkage,LeaveOneMonthOut,Conservative,10,15,0,246,2272.76,170,-244.34,416,2028.42
Ridge,LeaveOneMonthOut,Conservative,1000,15,15,56,2135.32,12,-222.8,68,1912.52
Ridge,LeaveOneMonthOut,Conservative,1000,15,0,56,2135.32,12,-222.8,68,1912.52
GroupedShrinkage,LeaveOneMonthOut,Conservative,20,10,15,320,2338.18,228,-594.96,548,1743.22
GroupedShrinkage,LeaveOneMonthOut,Conservative,20,10,0,320,2338.18,228,-594.96,548,1743.22
Ridge,CrossPeriod,Conservative,1000,5,0,115,425.89,387,980.66,502,1406.55
GroupedShrinkage,LeaveOneMonthOut,Conservative,50,10,15,214,2309.2,156,-954.48,370,1354.72
GroupedShrinkage,LeaveOneMonthOut,Conservative,50,10,0,214,2309.2,156,-954.48,370,1354.72
Ridge,CrossPeriod,Conservative,1000,5,15,115,425.89,386,900.06,501,1325.95
Ridge,CrossPeriod,Conservative,1000,10,15,2,-4.8,176,1092.72,178,1087.92
Ridge,CrossPeriod,Conservative,1000,10,0,2,-4.8,176,1092.72,178,1087.92
GroupedShrinkage,LeaveOneMonthOut,Conservative,20,15,15,176,1664.06,110,-623.92,286,1040.14
GroupedShrinkage,LeaveOneMonthOut,Conservative,20,15,0,176,1664.06,110,-623.92,286,1040.14
GroupedShrinkage,CrossPeriod,Conservative,50,10,15,30,114.14,214,745.32,244,859.46
GroupedShrinkage,CrossPeriod,Conservative,50,10,0,30,114.14,214,745.32,244,859.46
Ridge,LeaveOneMonthOut,Conservative,10000,5,15,179,561.74,73,-168.72,252,393.02
Ridge,LeaveOneMonthOut,Conservative,10000,5,0,179,561.74,73,-168.72,252,393.02
Ridge,CrossPeriod,Conservative,10000,10,15,0,0.0,3,123.8,3,123.8
Ridge,CrossPeriod,Conservative,10000,10,0,0,0.0,3,123.8,3,123.8
Ridge,CrossPeriod,Conservative,1000,15,15,0,0.0,58,37.24,58,37.24
Ridge,CrossPeriod,Conservative,1000,15,0,0,0.0,58,37.24,58,37.24
Ridge,CrossPeriod,Conservative,10000,15,15,0,0.0,0,0.0,0,0.0
Ridge,CrossPeriod,Conservative,10000,15,0,0,0.0,0,0.0,0,0.0
Ridge,LeaveOneMonthOut,Conservative,10000,10,15,0,0.0,0,0.0,0,0.0
Ridge,LeaveOneMonthOut,Conservative,10000,10,0,0,0.0,0,0.0,0,0.0
Ridge,LeaveOneMonthOut,Conservative,10000,15,15,0,0.0,0,0.0,0,0.0
Ridge,LeaveOneMonthOut,Conservative,10000,15,0,0,0.0,0,0.0,0,0.0
GroupedShrinkage,CrossPeriod,Conservative,50,15,15,0,0.0,128,-126.36,128,-126.36
GroupedShrinkage,CrossPeriod,Conservative,50,15,0,0,0.0,128,-126.36,128,-126.36
Ridge,CrossPeriod,Conservative,10000,5,15,0,0.0,378,-233.32,378,-233.32
Ridge,CrossPeriod,Conservative,10000,5,0,0,0.0,378,-233.32,378,-233.32
Ridge,CrossPeriod,Conservative,100,15,15,146,-620.38,232,-101.48,378,-721.86
Ridge,CrossPeriod,Conservative,100,15,0,146,-620.38,232,-101.48,378,-721.86
Ridge,CrossPeriod,Conservative,100,10,15,300,-893.7,323,-969.84,623,-1863.54
Ridge,CrossPeriod,Conservative,100,10,0,300,-893.7,323,-969.84,623,-1863.54
Ridge,LeaveOneMonthOut,Observed,10000,0,0,1158,11471.13,679,1176.18,1837,12647.31
Ridge,LeaveOneMonthOut,Observed,10000,0,15,1137,11263.03,669,1367.18,1806,12630.21
Ridge,LeaveOneMonthOut,Observed,1000,0,0,1064,10329.63,501,690.57,1565,11020.2
Ridge,LeaveOneMonthOut,Observed,1000,0,15,1054,9797.13,499,649.37,1553,10446.5
GroupedShrinkage,CrossPeriod,Observed,50,0,15,779,8125.9,592,1826.52,1371,9952.42
GroupedShrinkage,CrossPeriod,Observed,50,0,0,779,8125.9,594,1783.72,1373,9909.62
GroupedShrinkage,LeaveOneMonthOut,Observed,50,0,15,936,8426.36,568,881.66,1504,9308.02
GroupedShrinkage,CrossPeriod,Observed,10,0,0,743,8351.22,535,943.56,1278,9294.78
GroupedShrinkage,CrossPeriod,Observed,10,0,15,743,8351.22,534,939.96,1277,9291.18
Ridge,LeaveOneMonthOut,Observed,100,0,15,936,9881.25,448,-637.45,1384,9243.8
GroupedShrinkage,LeaveOneMonthOut,Observed,50,0,0,940,8424.26,572,770.06,1512,9194.32
Ridge,LeaveOneMonthOut,Observed,100,0,0,937,9800.85,449,-633.85,1386,9167.0
GroupedShrinkage,CrossPeriod,Observed,20,0,0,766,7518.46,553,1349.02,1319,8867.48
GroupedShrinkage,CrossPeriod,Observed,20,0,15,766,7518.46,551,1307.82,1317,8826.28
Ridge,CrossPeriod,Observed,1000,0,15,823,6935.07,609,1126.09,1432,8061.16
Ridge,CrossPeriod,Observed,10000,0,15,882,6664.21,669,1367.18,1551,8031.39
Ridge,CrossPeriod,Observed,1000,0,0,823,6935.07,614,1064.61,1437,7999.68
Ridge,CrossPeriod,Observed,10000,0,0,882,6664.21,679,1176.18,1561,7840.39
GroupedShrinkage,LeaveOneMonthOut,Observed,20,0,0,863,6810.48,541,629.96,1404,7440.44
GroupedShrinkage,LeaveOneMonthOut,Observed,10,0,0,840,6809.5,517,539.8,1357,7349.3
GroupedShrinkage,LeaveOneMonthOut,Observed,10,0,15,840,6809.5,516,536.2,1356,7345.7
GroupedShrinkage,LeaveOneMonthOut,Observed,20,0,15,861,6726.78,539,588.76,1400,7315.54
Ridge,LeaveOneMonthOut,Observed,1000,5,15,717,7241.14,245,55.88,962,7297.02
Ridge,LeaveOneMonthOut,Observed,1000,5,0,717,7241.14,245,55.88,962,7297.02
Ridge,CrossPeriod,Observed,100,0,15,780,6388.0,524,503.95,1304,6891.95
GroupedShrinkage,LeaveOneMonthOut,Observed,50,5,15,554,5960.58,338,914.96,892,6875.54
GroupedShrinkage,LeaveOneMonthOut,Observed,50,5,0,554,5960.58,338,914.96,892,6875.54
Ridge,CrossPeriod,Observed,100,0,0,780,6388.0,528,435.35,1308,6823.35
Ridge,LeaveOneMonthOut,Observed,100,5,15,738,6697.3,350,-184.0,1088,6513.3
Ridge,LeaveOneMonthOut,Observed,100,5,0,738,6697.3,350,-184.0,1088,6513.3
GroupedShrinkage,LeaveOneMonthOut,Observed,10,5,15,665,5153.08,407,1050.68,1072,6203.76
GroupedShrinkage,LeaveOneMonthOut,Observed,10,5,0,665,5153.08,407,1050.68,1072,6203.76
GroupedShrinkage,CrossPeriod,Observed,10,5,15,516,6354.9,383,-211.96,899,6142.94
GroupedShrinkage,CrossPeriod,Observed,10,5,0,516,6354.9,383,-211.96,899,6142.94
GroupedShrinkage,LeaveOneMonthOut,Observed,20,5,15,647,4535.36,387,1455.3,1034,5990.66
GroupedShrinkage,LeaveOneMonthOut,Observed,20,5,0,647,4535.36,387,1455.3,1034,5990.66
Ridge,LeaveOneMonthOut,Observed,100,10,15,507,5359.98,222,-252.08,729,5107.9
Ridge,LeaveOneMonthOut,Observed,100,10,0,507,5359.98,222,-252.08,729,5107.9
GroupedShrinkage,CrossPeriod,Observed,20,15,15,141,4143.7,175,841.56,316,4985.26
GroupedShrinkage,CrossPeriod,Observed,20,15,0,141,4143.7,175,841.56,316,4985.26
GroupedShrinkage,CrossPeriod,Observed,10,15,15,195,4242.5,218,669.86,413,4912.36
GroupedShrinkage,CrossPeriod,Observed,10,15,0,195,4242.5,218,669.86,413,4912.36
GroupedShrinkage,CrossPeriod,Observed,20,5,15,389,4191.48,390,529.68,779,4721.16
GroupedShrinkage,CrossPeriod,Observed,20,5,0,389,4191.48,390,529.68,779,4721.16
GroupedShrinkage,CrossPeriod,Observed,50,5,15,258,4178.38,358,276.09,616,4454.47
GroupedShrinkage,CrossPeriod,Observed,50,5,0,258,4178.38,358,276.09,616,4454.47
GroupedShrinkage,CrossPeriod,Observed,20,10,15,201,3647.46,260,684.18,461,4331.64
GroupedShrinkage,CrossPeriod,Observed,20,10,0,201,3647.46,260,684.18,461,4331.64
Ridge,LeaveOneMonthOut,Observed,1000,10,15,264,4171.04,73,-118.4,337,4052.64
Ridge,LeaveOneMonthOut,Observed,1000,10,0,264,4171.04,73,-118.4,337,4052.64
GroupedShrinkage,CrossPeriod,Observed,10,10,15,306,3486.2,293,-67.23,599,3418.97
GroupedShrinkage,CrossPeriod,Observed,10,10,0,306,3486.2,293,-67.23,599,3418.97
GroupedShrinkage,LeaveOneMonthOut,Observed,10,10,15,434,3227.04,273,188.78,707,3415.82
GroupedShrinkage,LeaveOneMonthOut,Observed,10,10,0,434,3227.04,273,188.78,707,3415.82
Ridge,LeaveOneMonthOut,Observed,100,15,15,314,3266.8,128,-168.02,442,3098.78
Ridge,LeaveOneMonthOut,Observed,100,15,0,314,3266.8,128,-168.02,442,3098.78
Ridge,LeaveOneMonthOut,Observed,10000,5,15,314,3247.32,124,-355.68,438,2891.64
Ridge,LeaveOneMonthOut,Observed,10000,5,0,314,3247.32,124,-355.68,438,2891.64
Ridge,CrossPeriod,Observed,100,5,0,581,3259.97,441,-475.62,1022,2784.35
Ridge,CrossPeriod,Observed,100,5,15,581,3259.97,439,-516.82,1020,2743.15
GroupedShrinkage,LeaveOneMonthOut,Observed,10,15,15,289,2518.58,183,24.76,472,2543.34
GroupedShrinkage,LeaveOneMonthOut,Observed,10,15,0,289,2518.58,183,24.76,472,2543.34
GroupedShrinkage,LeaveOneMonthOut,Observed,50,15,15,52,2778.44,56,-631.92,108,2146.52
GroupedShrinkage,LeaveOneMonthOut,Observed,50,15,0,52,2778.44,56,-631.92,108,2146.52
GroupedShrinkage,LeaveOneMonthOut,Observed,20,10,15,367,2077.52,252,-339.58,619,1737.94
GroupedShrinkage,LeaveOneMonthOut,Observed,20,10,0,367,2077.52,252,-339.58,619,1737.94
Ridge,LeaveOneMonthOut,Observed,1000,15,15,64,1668.64,13,-299.2,77,1369.44
Ridge,LeaveOneMonthOut,Observed,1000,15,0,64,1668.64,13,-299.2,77,1369.44
GroupedShrinkage,LeaveOneMonthOut,Observed,50,10,15,236,2273.1,166,-903.98,402,1369.12
GroupedShrinkage,LeaveOneMonthOut,Observed,50,10,0,236,2273.1,166,-903.98,402,1369.12
GroupedShrinkage,LeaveOneMonthOut,Observed,20,15,15,192,1510.16,126,-393.02,318,1117.14
GroupedShrinkage,LeaveOneMonthOut,Observed,20,15,0,192,1510.16,126,-393.02,318,1117.14
Ridge,CrossPeriod,Observed,1000,10,15,2,-4.8,189,882.56,191,877.76
Ridge,CrossPeriod,Observed,1000,10,0,2,-4.8,189,882.56,191,877.76
GroupedShrinkage,CrossPeriod,Observed,50,10,15,30,114.14,216,721.52,246,835.66
GroupedShrinkage,CrossPeriod,Observed,50,10,0,30,114.14,216,721.52,246,835.66
Ridge,CrossPeriod,Observed,1000,5,0,164,1039.73,402,-423.22,566,616.51
Ridge,CrossPeriod,Observed,1000,5,15,164,1039.73,401,-503.82,565,535.91
Ridge,CrossPeriod,Observed,1000,15,15,0,0.0,65,110.96,65,110.96
Ridge,CrossPeriod,Observed,1000,15,0,0,0.0,65,110.96,65,110.96
Ridge,CrossPeriod,Observed,10000,15,15,0,0.0,0,0.0,0,0.0
Ridge,CrossPeriod,Observed,10000,15,0,0,0.0,0,0.0,0,0.0
Ridge,LeaveOneMonthOut,Observed,10000,10,15,0,0.0,0,0.0,0,0.0
Ridge,LeaveOneMonthOut,Observed,10000,10,0,0,0.0,0,0.0,0,0.0
Ridge,LeaveOneMonthOut,Observed,10000,15,15,0,0.0,0,0.0,0,0.0
Ridge,LeaveOneMonthOut,Observed,10000,15,0,0,0.0,0,0.0,0,0.0
GroupedShrinkage,CrossPeriod,Observed,50,15,15,0,0.0,134,-44.44,134,-44.44
GroupedShrinkage,CrossPeriod,Observed,50,15,0,0,0.0,134,-44.44,134,-44.44
Ridge,CrossPeriod,Observed,10000,10,15,0,0.0,7,-363.8,7,-363.8
Ridge,CrossPeriod,Observed,10000,10,0,0,0.0,7,-363.8,7,-363.8
Ridge,CrossPeriod,Observed,100,10,15,333,-45.24,333,-612.54,666,-657.78
Ridge,CrossPeriod,Observed,100,10,0,333,-45.24,333,-612.54,666,-657.78
Ridge,CrossPeriod,Observed,10000,5,15,0,0.0,464,-866.86,464,-866.86
Ridge,CrossPeriod,Observed,10000,5,0,0,0.0,464,-866.86,464,-866.86
Ridge,CrossPeriod,Observed,100,15,15,160,-1051.48,244,-560.92,404,-1612.4
Ridge,CrossPeriod,Observed,100,15,0,160,-1051.48,244,-560.92,404,-1612.4
