Scope,Trades,ActualNetDollars,ShadowNetDollars,ShadowBiasDollars,BiasPerTrade,MedianBiasPerTrade,MeanAbsEntryDrift,MeanAbsRiskDrift,SignMismatchTrades,AmbiguousShadowTrades
H1,1029.0,5788.9,4278.53,-1510.37,-1.4678,2.0,0.5356,0.5362,177.0,43.0
Q4,624.0,-3000.1,-1597.79,1402.31,2.2473,2.0,0.4946,0.495,88.0,17.0
H1|Long|AlmostConfirmed,27.0,648.7,-10.8,-659.5,-24.4259,4.0,0.6343,0.6343,6.0,3.0
H1|Long|BreakawayFvg_Qualified,4.0,-31.1,12.4,43.5,10.875,0.0,0.375,0.375,0.0,0.0
H1|Long|FailureReverse_ObservationInvalidated,19.0,136.4,-187.6,-324.0,-17.0526,2.0,0.5197,0.5197,3.0,1.0
H1|Long|FailureReverse_ObservationInvalidated_WideStop1_5R,4.0,136.9,186.92,50.02,12.505,0.26,0.3125,0.3125,0.0,0.0
H1|Long|FailureReverse_RetestFailed,7.0,-115.3,-13.8,101.5,14.5,6.0,0.5714,0.5714,0.0,0.0
H1|Long|ObservationConfirm,237.0,741.2,1372.2,631.0,2.6624,2.0,0.5026,0.5026,42.0,13.0
H1|Long|ObservationConfirm_WideStop1_5R,49.0,164.9,-464.28,-629.18,-12.8404,0.0,0.4184,0.4282,15.0,1.0
H1|Long|ObservationStrict_BullFresh_WideStop1_5R,10.0,-193.5,27.08,220.58,22.058,3.51,0.375,0.387,0.0,0.0
H1|Long|ObservationStrict_Other,30.0,608.5,-44.0,-652.5,-21.75,2.25,0.5833,0.5833,6.0,1.0
H1|Long|ObservationStrict_Other_WideStop1_5R,3.0,-116.2,-53.68,62.52,20.84,1.52,0.6667,0.6667,0.0,1.0
H1|Short|BreakawayFvg,54.0,2115.9,2796.4,680.5,12.6019,15.25,0.5856,0.5856,9.0,0.0
H1|Short|FailureReverse_ObservationInvalidated,21.0,66.1,410.6,344.5,16.4048,9.0,0.6131,0.6131,1.0,0.0
H1|Short|FailureReverse_ObservationInvalidated_WideStop1_5R,29.0,1250.9,471.92,-778.98,-26.8614,0.0,0.569,0.5855,5.0,0.0
H1|Short|FailureReverse_RetestFailed,10.0,-35.5,-50.0,-14.5,-1.45,0.0,0.25,0.25,3.0,3.0
H1|Short|FailureReverse_RetestFailed_WideStop1_5R,14.0,-388.1,-182.16,205.94,14.71,3.48,0.4821,0.4307,0.0,3.0
H1|Short|ObservationConfirm,255.0,1570.0,794.0,-776.0,-3.0431,2.0,0.5113,0.5113,74.0,5.0
H1|Short|ObservationConfirm_WideStop1_5R,10.0,-246.0,-391.52,-145.52,-14.552,-0.5,0.75,0.774,3.0,1.0
H1|Short|ShadowCandidate,16.0,-180.9,-329.4,-148.5,-9.2812,3.0,0.6406,0.6406,2.0,3.0
H1|Short|TrendPullbackConfirmed,1.0,-63.4,-61.4,2.0,2.0,2.0,0.0,0.0,0.0,0.0
H1|Short|UnknownRegimeZoneTouch,15.0,260.5,313.0,52.5,3.5,0.0,0.5667,0.5667,1.0,3.0
H1|Short|ZoneBirthResearch,214.0,-541.1,-317.35,223.75,1.0456,1.0,0.5964,0.5964,7.0,5.0
Q4|Long|AlmostConfirmed,13.0,143.8,149.8,6.0,0.4615,0.0,0.3365,0.3365,1.0,1.0
Q4|Long|BreakawayFvg_Qualified,5.0,-106.0,-65.0,41.0,8.2,1.0,0.45,0.45,0.0,1.0
Q4|Long|FailureReverse_ObservationInvalidated,5.0,-252.5,-168.0,84.5,16.9,3.0,0.675,0.675,0.0,0.0
Q4|Long|FailureReverse_ObservationInvalidated_WideStop1_5R,3.0,-166.7,-152.72,13.98,4.66,1.5,0.0417,0.0017,0.0,0.0
Q4|Long|FailureReverse_RetestFailed,7.0,13.7,43.2,29.5,4.2143,5.0,0.6607,0.6607,2.0,1.0
Q4|Long|ObservationConfirm,177.0,-1171.8,-215.8,956.0,5.4011,2.0,0.4541,0.4541,25.0,4.0
Q4|Long|ObservationConfirm_WideStop1_5R,33.0,181.3,-394.64,-575.94,-17.4527,0.0,0.6098,0.6026,9.0,1.0
Q4|Long|ObservationStrict_BullFresh_WideStop1_5R,7.0,159.2,184.24,25.04,3.5771,1.5,0.1607,0.2121,0.0,0.0
Q4|Long|ObservationStrict_Other,14.0,-388.1,99.4,487.5,34.8214,3.0,0.4821,0.4821,2.0,1.0
Q4|Long|ObservationStrict_Other_WideStop1_5R,1.0,-26.4,-24.88,1.52,1.52,1.52,0.25,0.37,0.0,1.0
Q4|Short|BreakawayFvg,33.0,-2.2,59.8,62.0,1.8788,3.0,0.4394,0.4394,5.0,0.0
Q4|Short|FailureReverse_ObservationInvalidated,11.0,-183.4,-209.4,-26.0,-2.3636,3.0,0.6136,0.6136,2.0,1.0
Q4|Short|FailureReverse_ObservationInvalidated_WideStop1_5R,21.0,-281.9,-428.4,-146.5,-6.9762,0.52,0.3214,0.3214,2.0,2.0
Q4|Short|FailureReverse_RetestFailed,9.0,50.4,-120.6,-171.0,-19.0,-27.0,0.3889,0.3889,5.0,0.0
Q4|Short|FailureReverse_RetestFailed_WideStop1_5R,12.0,-312.3,-225.32,86.98,7.2483,15.0,0.5,0.5,1.0,0.0
Q4|Short|ObservationConfirm,155.0,-842.5,-366.0,476.5,3.0742,2.0,0.5169,0.5169,31.0,1.0
Q4|Short|ObservationConfirm_WideStop1_5R,6.0,275.6,437.08,161.48,26.9133,40.24,0.625,0.645,1.0,1.0
Q4|Short|ShadowCandidate,5.0,-103.5,-139.0,-35.5,-7.1,5.5,0.75,0.75,1.0,0.0
Q4|Short|TrendPullbackConfirmed,1.0,191.6,192.6,1.0,1.0,1.0,0.0,0.0,0.0,0.0
Q4|Short|UnknownRegimeZoneTouch,9.0,322.9,215.4,-107.5,-11.9444,2.0,0.6111,0.6111,1.0,0.0
Q4|Short|ZoneBirthResearch,97.0,-501.3,-469.55,31.75,0.3273,1.0,0.5631,0.5631,0.0,2.0
Combined,1653.0,2788.8,2680.74,-108.06,-0.0654,2.0,0.5201,0.5206,265.0,60.0
