Sample,PolicyLabel,Week,Trades,Gross,Net
H1,Baseline,2025-12-29/2026-01-04,14,336.0,285.6
H1,Baseline,2026-01-05/2026-01-11,62,151.51,-71.68999999999983
H1,Baseline,2026-01-12/2026-01-18,58,1277.5,1068.7000000000003
H1,Baseline,2026-01-19/2026-01-25,33,-214.01,-332.80999999999995
H1,Baseline,2026-01-26/2026-02-01,54,1352.5,1158.1000000000001
H1,Baseline,2026-02-02/2026-02-08,28,561.5,460.70000000000005
H1,Baseline,2026-02-09/2026-02-15,47,2093.0,1923.8000000000002
H1,Baseline,2026-02-16/2026-02-22,35,529.5,403.50000000000006
H1,Baseline,2026-02-23/2026-03-01,28,-1149.5,-1250.3
H1,Baseline,2026-03-02/2026-03-08,25,-406.49,-496.4899999999999
H1,Baseline,2026-03-09/2026-03-15,30,282.5,174.50000000000009
H1,Baseline,2026-03-16/2026-03-22,55,2838.5,2640.5
H1,Baseline,2026-03-23/2026-03-29,32,159.5,44.30000000000007
H1,Baseline,2026-03-30/2026-04-05,29,2091.99,1987.59
H1,Baseline,2026-04-06/2026-04-12,34,-875.5,-997.8999999999999
H1,Baseline,2026-04-13/2026-04-19,38,472.5,335.7
H1,Baseline,2026-04-20/2026-04-26,57,2768.0,2562.8
H1,Baseline,2026-04-27/2026-05-03,49,1806.0,1629.6000000000001
H1,Baseline,2026-05-04/2026-05-10,47,993.5,824.3000000000001
H1,Baseline,2026-05-11/2026-05-17,46,2775.0,2609.4
H1,Baseline,2026-05-18/2026-05-24,20,1676.5,1604.5
H1,Baseline,2026-05-25/2026-05-31,27,1.0,-96.19999999999996
H1,Baseline,2026-06-01/2026-06-07,40,1056.49,912.4900000000001
H1,Baseline,2026-06-08/2026-06-14,14,991.0,940.6
H1,Baseline,2026-06-15/2026-06-21,26,1427.5,1333.9
H1,Baseline,2026-06-22/2026-06-28,26,1901.0,1807.3999999999999
H1,Baseline,2026-06-29/2026-07-05,10,-657.01,-693.01
H1,WeeklyAllLong500,2025-12-29/2026-01-04,14,336.0,285.6
H1,WeeklyAllLong500,2026-01-05/2026-01-11,62,151.51,-71.68999999999983
H1,WeeklyAllLong500,2026-01-12/2026-01-18,58,1277.5,1068.7000000000003
H1,WeeklyAllLong500,2026-01-19/2026-01-25,33,-214.01,-332.80999999999995
H1,WeeklyAllLong500,2026-01-26/2026-02-01,54,1352.5,1158.1000000000001
H1,WeeklyAllLong500,2026-02-02/2026-02-08,28,561.5,460.70000000000005
H1,WeeklyAllLong500,2026-02-09/2026-02-15,47,2093.0,1923.8000000000002
H1,WeeklyAllLong500,2026-02-16/2026-02-22,35,529.5,403.50000000000006
H1,WeeklyAllLong500,2026-02-23/2026-03-01,21,-948.0,-1023.6
H1,WeeklyAllLong500,2026-03-02/2026-03-08,25,-406.49,-496.4899999999999
H1,WeeklyAllLong500,2026-03-09/2026-03-15,30,282.5,174.50000000000009
H1,WeeklyAllLong500,2026-03-16/2026-03-22,55,2838.5,2640.5
H1,WeeklyAllLong500,2026-03-23/2026-03-29,32,159.5,44.30000000000007
H1,WeeklyAllLong500,2026-03-30/2026-04-05,29,2091.99,1987.59
H1,WeeklyAllLong500,2026-04-06/2026-04-12,38,-78.03,-214.8299999999998
H1,WeeklyAllLong500,2026-04-13/2026-04-19,38,472.5,335.7
H1,WeeklyAllLong500,2026-04-20/2026-04-26,57,2768.0,2562.8
H1,WeeklyAllLong500,2026-04-27/2026-05-03,49,1806.0,1629.6000000000001
H1,WeeklyAllLong500,2026-05-04/2026-05-10,47,993.5,824.3000000000001
H1,WeeklyAllLong500,2026-05-11/2026-05-17,46,2775.0,2609.4
H1,WeeklyAllLong500,2026-05-18/2026-05-24,20,1676.5,1604.5
H1,WeeklyAllLong500,2026-05-25/2026-05-31,27,1.0,-96.19999999999996
H1,WeeklyAllLong500,2026-06-01/2026-06-07,40,1056.49,912.4900000000001
H1,WeeklyAllLong500,2026-06-08/2026-06-14,14,991.0,940.6
H1,WeeklyAllLong500,2026-06-15/2026-06-21,26,1427.5,1333.9
H1,WeeklyAllLong500,2026-06-22/2026-06-28,26,1901.0,1807.3999999999999
H1,WeeklyAllLong500,2026-06-29/2026-07-05,10,-657.01,-693.01
H1,WeeklyAllLong600,2025-12-29/2026-01-04,14,336.0,285.6
H1,WeeklyAllLong600,2026-01-05/2026-01-11,62,151.51,-71.68999999999983
H1,WeeklyAllLong600,2026-01-12/2026-01-18,58,1277.5,1068.7000000000003
H1,WeeklyAllLong600,2026-01-19/2026-01-25,33,-214.01,-332.80999999999995
H1,WeeklyAllLong600,2026-01-26/2026-02-01,54,1352.5,1158.1000000000001
H1,WeeklyAllLong600,2026-02-02/2026-02-08,28,561.5,460.70000000000005
H1,WeeklyAllLong600,2026-02-09/2026-02-15,47,2093.0,1923.8000000000002
H1,WeeklyAllLong600,2026-02-16/2026-02-22,35,529.5,403.50000000000006
H1,WeeklyAllLong600,2026-02-23/2026-03-01,21,-948.0,-1023.6
H1,WeeklyAllLong600,2026-03-02/2026-03-08,25,-406.49,-496.4899999999999
H1,WeeklyAllLong600,2026-03-09/2026-03-15,30,282.5,174.50000000000009
H1,WeeklyAllLong600,2026-03-16/2026-03-22,55,2838.5,2640.5
H1,WeeklyAllLong600,2026-03-23/2026-03-29,32,159.5,44.30000000000007
H1,WeeklyAllLong600,2026-03-30/2026-04-05,29,2091.99,1987.59
H1,WeeklyAllLong600,2026-04-06/2026-04-12,39,-139.03,-279.42999999999984
H1,WeeklyAllLong600,2026-04-13/2026-04-19,38,472.5,335.7
H1,WeeklyAllLong600,2026-04-20/2026-04-26,57,2768.0,2562.8
H1,WeeklyAllLong600,2026-04-27/2026-05-03,49,1806.0,1629.6000000000001
H1,WeeklyAllLong600,2026-05-04/2026-05-10,47,993.5,824.3000000000001
H1,WeeklyAllLong600,2026-05-11/2026-05-17,46,2775.0,2609.4
H1,WeeklyAllLong600,2026-05-18/2026-05-24,20,1676.5,1604.5
H1,WeeklyAllLong600,2026-05-25/2026-05-31,27,1.0,-96.19999999999996
H1,WeeklyAllLong600,2026-06-01/2026-06-07,40,1056.49,912.4900000000001
H1,WeeklyAllLong600,2026-06-08/2026-06-14,14,991.0,940.6
H1,WeeklyAllLong600,2026-06-15/2026-06-21,26,1427.5,1333.9
H1,WeeklyAllLong600,2026-06-22/2026-06-28,26,1901.0,1807.3999999999999
H1,WeeklyAllLong600,2026-06-29/2026-07-05,10,-657.01,-693.01
H1,WeeklyEitherLossAllLong500,2025-12-29/2026-01-04,14,336.0,285.6
H1,WeeklyEitherLossAllLong500,2026-01-05/2026-01-11,57,277.01,71.81000000000014
H1,WeeklyEitherLossAllLong500,2026-01-12/2026-01-18,58,1277.5,1068.7000000000003
H1,WeeklyEitherLossAllLong500,2026-01-19/2026-01-25,26,413.49,319.89000000000004
H1,WeeklyEitherLossAllLong500,2026-01-26/2026-02-01,54,1352.5,1158.1000000000001
H1,WeeklyEitherLossAllLong500,2026-02-02/2026-02-08,28,561.5,460.70000000000005
H1,WeeklyEitherLossAllLong500,2026-02-09/2026-02-15,47,2093.0,1923.8000000000002
H1,WeeklyEitherLossAllLong500,2026-02-16/2026-02-22,35,529.5,403.50000000000006
H1,WeeklyEitherLossAllLong500,2026-02-23/2026-03-01,21,-948.0,-1023.6
H1,WeeklyEitherLossAllLong500,2026-03-02/2026-03-08,25,-406.49,-496.4899999999999
H1,WeeklyEitherLossAllLong500,2026-03-09/2026-03-15,30,282.5,174.50000000000009
H1,WeeklyEitherLossAllLong500,2026-03-16/2026-03-22,55,2838.5,2640.5
H1,WeeklyEitherLossAllLong500,2026-03-23/2026-03-29,32,159.5,44.30000000000007
H1,WeeklyEitherLossAllLong500,2026-03-30/2026-04-05,29,2091.99,1987.59
H1,WeeklyEitherLossAllLong500,2026-04-06/2026-04-12,29,140.75,36.35000000000016
H1,WeeklyEitherLossAllLong500,2026-04-13/2026-04-19,38,472.5,335.7
H1,WeeklyEitherLossAllLong500,2026-04-20/2026-04-26,57,2768.0,2562.8
H1,WeeklyEitherLossAllLong500,2026-04-27/2026-05-03,49,1806.0,1629.6000000000001
H1,WeeklyEitherLossAllLong500,2026-05-04/2026-05-10,47,993.5,824.3000000000001
H1,WeeklyEitherLossAllLong500,2026-05-11/2026-05-17,46,2775.0,2609.4
H1,WeeklyEitherLossAllLong500,2026-05-18/2026-05-24,20,1676.5,1604.5
H1,WeeklyEitherLossAllLong500,2026-05-25/2026-05-31,27,1.0,-96.19999999999996
H1,WeeklyEitherLossAllLong500,2026-06-01/2026-06-07,40,1056.49,912.4900000000001
H1,WeeklyEitherLossAllLong500,2026-06-08/2026-06-14,14,991.0,940.6
H1,WeeklyEitherLossAllLong500,2026-06-15/2026-06-21,26,1427.5,1333.9
H1,WeeklyEitherLossAllLong500,2026-06-22/2026-06-28,26,1901.0,1807.3999999999999
H1,WeeklyEitherLossAllLong500,2026-06-29/2026-07-05,10,-657.01,-693.01
July1,Baseline,2026-06-29/2026-07-05,11,216.5,176.90000000000003
July1,Baseline,2026-07-06/2026-07-12,20,-1514.5,-1586.5
July1,Baseline,2026-07-13/2026-07-19,19,199.5,131.10000000000002
July1,Baseline,2026-07-20/2026-07-26,23,489.0,406.20000000000005
July1,WeeklyAllLong500,2026-06-29/2026-07-05,11,216.5,176.90000000000003
July1,WeeklyAllLong500,2026-07-06/2026-07-12,19,-942.58,-1010.9799999999999
July1,WeeklyAllLong500,2026-07-13/2026-07-19,16,446.5,388.90000000000003
July1,WeeklyAllLong500,2026-07-20/2026-07-26,23,489.0,406.20000000000005
July1,WeeklyAllLong600,2026-06-29/2026-07-05,11,216.5,176.90000000000003
July1,WeeklyAllLong600,2026-07-06/2026-07-12,19,-882.58,-950.9799999999999
July1,WeeklyAllLong600,2026-07-13/2026-07-19,17,380.0,318.8
July1,WeeklyAllLong600,2026-07-20/2026-07-26,23,489.0,406.20000000000005
July1,WeeklyEitherLossAllLong500,2026-06-29/2026-07-05,11,216.5,176.90000000000003
July1,WeeklyEitherLossAllLong500,2026-07-06/2026-07-12,19,-942.58,-1010.9799999999999
July1,WeeklyEitherLossAllLong500,2026-07-13/2026-07-19,16,446.5,388.90000000000003
July1,WeeklyEitherLossAllLong500,2026-07-20/2026-07-26,23,489.0,406.20000000000005
July2,Baseline,2026-06-29/2026-07-05,11,230.0,190.40000000000003
July2,Baseline,2026-07-06/2026-07-12,19,-1376.5,-1444.8999999999999
July2,Baseline,2026-07-13/2026-07-19,18,200.0,135.20000000000005
July2,Baseline,2026-07-20/2026-07-26,23,513.0,430.20000000000005
July2,WeeklyAllLong500,2026-06-29/2026-07-05,11,230.0,190.40000000000003
July2,WeeklyAllLong500,2026-07-06/2026-07-12,21,-752.33,-827.93
July2,WeeklyAllLong500,2026-07-13/2026-07-19,15,446.0,392.00000000000006
July2,WeeklyAllLong500,2026-07-20/2026-07-26,23,513.0,430.20000000000005
July2,WeeklyAllLong600,2026-06-29/2026-07-05,11,230.0,190.40000000000003
July2,WeeklyAllLong600,2026-07-06/2026-07-12,21,-690.83,-766.43
July2,WeeklyAllLong600,2026-07-13/2026-07-19,16,379.5,321.90000000000003
July2,WeeklyAllLong600,2026-07-20/2026-07-26,23,513.0,430.20000000000005
July2,WeeklyEitherLossAllLong500,2026-06-29/2026-07-05,11,230.0,190.40000000000003
July2,WeeklyEitherLossAllLong500,2026-07-06/2026-07-12,21,-752.33,-827.93
July2,WeeklyEitherLossAllLong500,2026-07-13/2026-07-19,15,446.0,392.00000000000006
July2,WeeklyEitherLossAllLong500,2026-07-20/2026-07-26,23,513.0,430.20000000000005
