TradingDate,CollectionRole,Status
2026-01-02,V400_FullSample,Run
2026-01-05,V400_FullSample,Run
2026-01-06,V400_FullSample,Run
2026-01-07,V400_FullSample,Run
2026-01-08,V400_FullSample,Run
2026-01-09,V400_FullSample,Run
2026-01-12,V400_FullSample,Run
2026-01-13,V400_FullSample,Run
2026-01-14,V400_FullSample,Run
2026-01-15,V400_FullSample,Run
2026-01-16,V400_GateAccepted,ReuseArchived
2026-01-20,V400_FullSample,Run
2026-01-21,V400_FullSample,Run
2026-01-22,V400_FullSample,Run
2026-01-23,V400_FullSample,Run
2026-01-26,V400_FullSample,Run
2026-01-27,V400_FullSample,Run
2026-01-28,V400_FullSample,Run
2026-01-29,V400_FullSample,Run
2026-01-30,V400_FullSample,Run
2026-02-02,V400_FullSample,Run
2026-02-03,V400_FullSample,Run
2026-02-04,V400_FullSample,Run
2026-02-05,V400_FullSample,Run
2026-02-06,V400_FullSample,Run
2026-02-09,V400_FullSample,Run
2026-02-10,V400_FullSample,Run
2026-02-11,V400_GateAccepted,ReuseArchived
2026-02-12,V400_FullSample,Run
2026-02-13,V400_FullSample,Run
2026-02-17,V400_FullSample,Run
2026-02-18,V400_FullSample,Run
2026-02-19,V400_FullSample,Run
2026-02-20,V400_FullSample,Run
2026-02-23,V400_FullSample,Run
2026-02-24,V400_FullSample,Run
2026-02-25,V400_FullSample,Run
2026-02-26,V400_FullSample,Run
2026-02-27,V400_FullSample,Run
2026-03-02,V400_FullSample,Run
2026-03-03,V400_FullSample,Run
2026-03-04,V400_FullSample,Run
2026-03-05,V400_FullSample,Run
2026-03-06,V400_FullSample,Run
2026-03-09,V400_FullSample,Run
2026-03-10,V400_FullSample,Run
2026-03-11,V400_FullSample,Run
2026-03-12,V400_FullSample,Run
2026-03-13,V400_FullSample,Run
2026-03-16,V400_FullSample,Run
2026-03-17,V400_FullSample,Run
2026-03-18,V400_FullSample,Run
2026-03-19,V400_FullSample,Run
2026-03-20,V400_FullSample,Run
2026-03-23,V400_FullSample,Run
2026-03-24,V400_FullSample,Run
2026-03-25,V400_FullSample,Run
2026-03-26,V400_FullSample,Run
2026-03-27,V400_FullSample,Run
2026-03-30,V400_FullSample,Run
2026-03-31,V400_FullSample,Run
2026-04-01,V400_FullSample,Run
2026-04-02,V400_FullSample,Run
2026-04-06,V400_FullSample,Run
2026-04-07,V400_FullSample,Run
2026-04-08,V400_FullSample,Run
2026-04-09,V400_FullSample,Run
2026-04-10,V400_FullSample,Run
2026-04-13,V400_GateAccepted,ReuseArchived
2026-04-14,V400_FullSample,Run
2026-04-15,V400_FullSample,Run
2026-04-16,V400_FullSample,Run
2026-04-17,V400_FullSample,Run
2026-04-20,V400_FullSample,Run
2026-04-21,V400_FullSample,Run
2026-04-22,V400_FullSample,Run
2026-04-23,V400_FullSample,Run
2026-04-24,V400_FullSample,Run
2026-04-27,V400_FullSample,Run
2026-04-28,V400_FullSample,Run
2026-04-29,V400_FullSample,Run
2026-04-30,V400_FullSample,Run
2026-05-01,V400_FullSample,Run
2026-05-04,V400_FullSample,Run
2026-05-05,V400_FullSample,Run
2026-05-06,V400_FullSample,Run
2026-05-07,V400_FullSample,Run
2026-05-08,V400_FullSample,Run
2026-05-11,V400_FullSample,Run
2026-05-12,V400_FullSample,Run
2026-05-13,V400_FullSample,Run
2026-05-14,V400_FullSample,Run
2026-05-15,V400_FullSample,Run
2026-05-18,V400_FullSample,Run
2026-05-19,V400_FullSample,Run
2026-05-20,V400_FullSample,Run
2026-05-21,V400_FullSample,Run
2026-05-22,V400_FullSample,Run
2026-05-26,V400_FullSample,Run
2026-05-27,V400_FullSample,Run
2026-05-28,V400_FullSample,Run
2026-05-29,V400_FullSample,Run
2026-06-01,V400_FullSample,Run
2026-06-02,V400_FullSample,Run
2026-06-03,V400_FullSample,Run
2026-06-04,V400_FullSample,Run
2026-06-05,V400_FullSample,Run
2026-06-08,V400_FullSample,Run
2026-06-09,V400_FullSample,Run
2026-06-10,V400_FullSample,Run
2026-06-11,V400_FullSample,Run
2026-06-12,V400_FullSample,Run
2026-06-15,V400_FullSample,Run
2026-06-16,V400_FullSample,Run
2026-06-17,V400_FullSample,Run
2026-06-18,V400_FullSample,Run
2026-06-22,V400_FullSample,Run
2026-06-23,V400_FullSample,Run
2026-06-24,V400_FullSample,Run
2026-06-25,V400_FullSample,Run
2026-06-26,V400_FullSample,Run
2026-06-29,V400_FullSample,Run
2026-06-30,V400_FullSample,Run
2026-07-01,V400_FullSample,Run
2026-07-02,V400_FullSample,Run
2026-07-06,V400_FullSample,Run
2026-07-07,V400_GateAccepted,ReuseArchived
2026-07-08,V400_FullSample,Run
2026-07-09,V400_FullSample,Run
2026-07-10,V400_FullSample,Run
2026-07-13,V400_FullSample,Run
2026-07-14,V400_FullSample,Run
2026-07-15,V400_FullSample,Run
2026-07-16,V400_FullSample,Run
2026-07-17,V400_FullSample,Run
2026-07-20,V400_FullSample,Run
2026-07-21,V400_FullSample,Run
2026-07-22,V400_FullSample,Run
2026-07-23,V400_FullSample,Run
2026-07-24,V400_FullSample,Run
2026-07-27,V400_FullSample,Run
