SnapshotID,StrategyVersion,ResearchSchemaVersion,InstrumentProfileName,ExecutionProfileName,ProfileCatalogVersion,SignalID,EntryTime,EntryBar,ExitTime,ExitBar,Side,ResearchPath,Entry,Stop,InitialRiskPoints,Policy,ExitReason,ExitPrice,PnLPoints,PnL_R,GrossDollars,CommissionDollars,NetDollars,BarsHeld,Ambiguous,OriginalDecision,OriginalReason,OriginalTradeID
"OPF-20260725-170210","OPF_0.1","OPF_RESEARCH_2.17","MNQ_0.1","MNQ_1Contract_Target150_200","OPF_PROFILE_0.1","20260210-2330-BEAR-OBS-001110-Z001110-OC","2026-02-10T23:35:00.0000000",1111,"2026-02-10T23:40:00.0000000",1112,"Short","ObservationConfirm",25274.75,25280.50,5.75,"ProtectBE1R_Then3R","Stop",25280.50,-5.75,-1,-11.50,1.2,-12.70,1,False,"Skip","SecondaryStaticG2Blocked:path=ObservationConfirm|side=Short|band=R10",""
"OPF-20260725-170210","OPF_0.1","OPF_RESEARCH_2.17","MNQ_0.1","MNQ_1Contract_Target150_200","OPF_PROFILE_0.1","20260210-2330-BEAR-OBS-001110-Z001110","2026-02-10T23:30:00.0000000",1110,"2026-02-10T23:40:00.0000000",1112,"Short","ZoneBirthResearch",25273.75,25280.50,6.75,"ZoneBirthSplit2_5R_4R_BEAfterBase","Base:Stop|Runner:Stop",25280.50,-6.75,-1,-13.50,1.2,-14.70,2,False,"Execute","TradeID:20260210-2330-Short-1110|LegacyV174PolicyV204:targetR=1.5|dailyCap=18|ActualExitPolicyV209:targetR=1.5|beTriggerR=0|timeStopBars=12|ZoneBirthVolumeV122:risk=6.75,score=45,rr=0.7407,dailyTrades=0|AggressiveExpansionV164:ZoneBirthShortV168,risk=6.75,score=45,eligibilityRr=0.7407,targetR=1.5|DynamicExpansionV168:ZoneBirthShortV168,targetR=1.5|ZoneBirthShortDualRiskBandV170:LowRiskLe8,risk=6.75|ZoneBirthSplitRunnerV208:baseQty=2,runnerQty=1,baseTargetR=1.5,runnerTargetR=4,runnerBeAfter=BaseTP","20260210-2330-Short-1110"
"OPF-20260725-170210","OPF_0.1","OPF_RESEARCH_2.17","MNQ_0.1","MNQ_1Contract_Target150_200","OPF_PROFILE_0.1","20260211-0200-BEAR-OBS-001140-Z001140-OC","2026-02-11T02:05:00.0000000",1141,"2026-02-11T02:10:00.0000000",1142,"Short","ObservationConfirm",25312.25,25318.75,6.50,"ProtectBE1R_Then3R","Stop",25318.75,-6.50,-1,-13.00,1.2,-14.20,1,False,"Skip","SecondaryDirectionMismatch:primary=Long|candidate=Short",""
"OPF-20260725-170210","OPF_0.1","OPF_RESEARCH_2.17","MNQ_0.1","MNQ_1Contract_Target150_200","OPF_PROFILE_0.1","20260211-0200-BULL-OBS-001140-Z001137-OC","2026-02-11T02:10:00.0000000",1142,"2026-02-11T02:25:00.0000000",1145,"Long","ObservationConfirm",25318.50,25307.75,10.75,"ProtectBE1R_Then3R","ProtectBE",25318.50,0.00,0,0.00,1.2,-1.20,3,False,"Execute","TradeID:20260211-0210-Long-1142-S2|LegacyV174PolicyV204:targetR=4|dailyCap=18|ActualExitPolicyV209:targetR=4|beTriggerR=0|timeStopBars=36|ObservationConfirmLongTarget2RV161:targetR=4,plannedRisk=10.75|ActualTargetOverride:targetR=4,risk=10.75,path=ObservationConfirm","20260211-0210-Long-1142-S2"
"OPF-20260725-170210","OPF_0.1","OPF_RESEARCH_2.17","MNQ_0.1","MNQ_1Contract_Target150_200","OPF_PROFILE_0.1","20260211-0145-BULL-OBS-001137-Z001137-OC","2026-02-11T01:50:00.0000000",1138,"2026-02-11T02:40:00.0000000",1148,"Long","ObservationConfirm",25319.75,25307.75,12.00,"ProtectBE1R_Then3R","Stop",25307.75,-12.00,-1,-24.00,1.2,-25.20,10,False,"Execute","TradeID:20260211-0150-Long-1138|LegacyV174PolicyV204:targetR=4|dailyCap=18|ActualExitPolicyV209:targetR=4|beTriggerR=0|timeStopBars=36|ObservationRiskExpansion:risk=12,base=11,max=20,dailyTrades=1/7|DailyVolumeBaseRisk18|ObservationLongVolumeV123:risk=12,score=93,rr=4,dailyTrades=1|ObservationConfirmLongRisk12V137:risk=12,score=93|ActualTargetOverride:targetR=4,risk=12,path=ObservationConfirm","20260211-0150-Long-1138"
"OPF-20260725-170210","OPF_0.1","OPF_RESEARCH_2.17","MNQ_0.1","MNQ_1Contract_Target150_200","OPF_PROFILE_0.1","20260211-0240-BEAR-OBS-001148-Z001148-OC","2026-02-11T02:45:00.0000000",1149,"2026-02-11T02:50:00.0000000",1150,"Short","ObservationConfirm",25315.25,25319.00,3.75,"ProtectBE1R_Then3R","Stop",25319.00,-3.75,-1,-7.50,1.2,-8.70,1,False,"Skip","SecondaryDirectionMismatch:primary=Long|candidate=Short",""
"OPF-20260725-170210","OPF_0.1","OPF_RESEARCH_2.17","MNQ_0.1","MNQ_1Contract_Target150_200","OPF_PROFILE_0.1","20260211-0305-BEAR-OBS-001153-Z001153-OC","2026-02-11T03:10:00.0000000",1154,"2026-02-11T03:20:00.0000000",1156,"Short","ObservationConfirm",25313.75,25320.75,7.00,"ProtectBE1R_Then3R","ProtectBE",25313.75,0.00,0,0.00,1.2,-1.20,2,False,"Execute","TradeID:20260211-0310-Short-1154|LegacyV174PolicyV204:targetR=1.5|dailyCap=18","20260211-0310-Short-1154"
"OPF-20260725-170210","OPF_0.1","OPF_RESEARCH_2.17","MNQ_0.1","MNQ_1Contract_Target150_200","OPF_PROFILE_0.1","20260211-0330-BULL-OBS-001158-Z001158-OC","2026-02-11T03:35:00.0000000",1159,"2026-02-11T03:55:00.0000000",1163,"Long","ObservationConfirm",25321.50,25314.00,7.50,"ProtectBE1R_Then3R","Target",25344.00,22.50,3,45.00,1.2,43.80,4,False,"Execute","TradeID:20260211-0335-Long-1159|LegacyV174PolicyV204:targetR=1.5|dailyCap=18|ActualExitPolicyV209:targetR=1.5|beTriggerR=0|timeStopBars=12","20260211-0335-Long-1159"
"OPF-20260725-170210","OPF_0.1","OPF_RESEARCH_2.17","MNQ_0.1","MNQ_1Contract_Target150_200","OPF_PROFILE_0.1","20260211-0330-BULL-OBS-001158-Z001158-OC","2026-02-11T03:35:00.0000000",1159,"2026-02-11T04:10:00.0000000",1166,"Long","ObservationConfirm_WideStop1_5R",25321.50,25310.25,11.25,"ProtectBE1R_Then3R","ProtectBE",25321.50,0.00,0,0.00,1.2,-1.20,7,False,"Execute","TradeID:20260211-0335-Long-1159-S2|LegacyV174PolicyV204:targetR=3|dailyCap=18|ActualExitPolicyV209:targetR=3|beTriggerR=0|timeStopBars=12|DailyVolumeFloor:ObservationConfirm_WideStop1_5R,dailyTrades=5/7|OCWideStopLowRiskV132:side=Long,risk=11.75,score=60,rr=3,dailyTrades=5|ActualTargetOverride:targetR=3,risk=11.75,path=ObservationConfirm_WideStop1_5R","20260211-0335-Long-1159-S2"
"OPF-20260725-170210","OPF_0.1","OPF_RESEARCH_2.17","MNQ_0.1","MNQ_1Contract_Target150_200","OPF_PROFILE_0.1","20260211-0200-BULL-OBS-001140-Z001137-OC","2026-02-11T02:10:00.0000000",1142,"2026-02-11T04:25:00.0000000",1169,"Long","ObservationConfirm_WideStop1_5R",25318.50,25302.38,16.12,"ProtectBE1R_Then3R","ProtectBE",25318.50,0.00,0,0.00,1.2,-1.20,27,False,"Skip","ActiveTradeLimit:20260211-0150-Long-1138,20260211-0210-Long-1142-S2",""
"OPF-20260725-170210","OPF_0.1","OPF_RESEARCH_2.17","MNQ_0.1","MNQ_1Contract_Target150_200","OPF_PROFILE_0.1","20260211-0145-BULL-OBS-001137-Z001137-OC","2026-02-11T01:50:00.0000000",1138,"2026-02-11T04:25:00.0000000",1169,"Long","ObservationConfirm_WideStop1_5R",25319.75,25301.75,18.00,"ProtectBE1R_Then3R","ProtectBE",25319.75,0.00,0,0.00,1.2,-1.20,31,False,"Execute","TradeID:20260211-0150-Long-1138|LegacyV174PolicyV204:targetR=3|dailyCap=18|ActualExitPolicyV209:targetR=3|beTriggerR=0|timeStopBars=12|DailyVolumeFloor:ObservationConfirm_WideStop1_5R,dailyTrades=1/7|OCWideStopLongRisk18V131:risk=18,score=93,rr=3,dailyTrades=1|ActualTargetOverride:targetR=3,risk=18,path=ObservationConfirm_WideStop1_5R","20260211-0150-Long-1138"
"OPF-20260725-170210","OPF_0.1","OPF_RESEARCH_2.17","MNQ_0.1","MNQ_1Contract_Target150_200","OPF_PROFILE_0.1","20260211-0440-BEAR-OBS-001172-Z001172","2026-02-11T04:40:00.0000000",1172,"2026-02-11T04:45:00.0000000",1173,"Short","ZoneBirthResearch",25302.50,25310.00,7.50,"ZoneBirthSplit2_5R_4R_BEAfterBase","Base:Stop|Runner:Stop",25310.00,-7.50,-1,-15.00,1.2,-16.20,1,False,"Execute","TradeID:20260211-0440-Short-1172|LegacyV174PolicyV204:targetR=1.5|dailyCap=18|ActualExitPolicyV209:targetR=1.5|beTriggerR=0|timeStopBars=12|AggressiveExpansionV164:ZoneBirthShortV168,risk=7.5,score=35,eligibilityRr=0.9333,targetR=1.5|DynamicExpansionV168:ZoneBirthShortV168,targetR=1.5|ZoneBirthShortDualRiskBandV170:LowRiskLe8,risk=7.5|ZoneBirthSplitRunnerV208:baseQty=2,runnerQty=1,baseTargetR=1.5,runnerTargetR=4,runnerBeAfter=BaseTP","20260211-0440-Short-1172"
"OPF-20260725-170210","OPF_0.1","OPF_RESEARCH_2.17","MNQ_0.1","MNQ_1Contract_Target150_200","OPF_PROFILE_0.1","20260211-0510-BULL-OBS-001178-Z001178-OC","2026-02-11T05:15:00.0000000",1179,"2026-02-11T05:25:00.0000000",1181,"Long","ObservationConfirm",25316.25,25309.00,7.25,"ProtectBE1R_Then3R","Stop",25309.00,-7.25,-1,-14.50,1.2,-15.70,2,False,"Execute","TradeID:20260211-0515-Long-1179|LegacyV174PolicyV204:targetR=1.5|dailyCap=18|ActualExitPolicyV209:targetR=1.5|beTriggerR=0|timeStopBars=12","20260211-0515-Long-1179"
"OPF-20260725-170210","OPF_0.1","OPF_RESEARCH_2.17","MNQ_0.1","MNQ_1Contract_Target150_200","OPF_PROFILE_0.1","20260211-0545-BEAR-OBS-001185-Z001185-OC","2026-02-11T05:55:00.0000000",1187,"2026-02-11T06:00:00.0000000",1188,"Short","ObservationConfirm",25286.75,25293.00,6.25,"ProtectBE1R_Then3R","Stop",25293.00,-6.25,-1,-12.50,1.2,-13.70,1,False,"Execute","TradeID:20260211-0555-Short-1187|LegacyV174PolicyV204:targetR=1.5|dailyCap=18","20260211-0555-Short-1187"
"OPF-20260725-170210","OPF_0.1","OPF_RESEARCH_2.17","MNQ_0.1","MNQ_1Contract_Target150_200","OPF_PROFILE_0.1","20260211-0420-BEAR-OBS-001168-Z001167-OC","2026-02-11T04:25:00.0000000",1169,"2026-02-11T06:05:00.0000000",1189,"Short","ObservationConfirm",25313.50,25332.50,19.00,"ProtectBE1R_Then3R","ProtectBE",25313.50,0.00,0,0.00,1.2,-1.20,20,False,"Skip","SecondaryDirectionMismatch:primary=Long|candidate=Short",""
"OPF-20260725-170210","OPF_0.1","OPF_RESEARCH_2.17","MNQ_0.1","MNQ_1Contract_Target150_200","OPF_PROFILE_0.1","20260211-1210-BULL-OBS-001262-Z001262-OC","2026-02-11T12:20:00.0000000",1264,"2026-02-11T12:30:00.0000000",1266,"Long","ObservationConfirm_WideStop1_5R",25266.00,25243.50,22.50,"ProtectBE1R_Then3R","Stop",25243.50,-22.50,-1,-45.00,1.2,-46.20,2,False,"Execute","TradeID:20260211-1220-Long-1264|LegacyV174PolicyV204:targetR=3|dailyCap=18|ActualExitPolicyV209:targetR=3|beTriggerR=0|timeStopBars=12|OCWideStopLongRisk22V131:risk=22.5,score=80,rr=3,dailyTrades=9|OCWideStopLongExpansionV157:risk=22.5,score=80,count=1/1|ActualTargetOverride:targetR=3,risk=22.5,path=ObservationConfirm_WideStop1_5R","20260211-1220-Long-1264"
"OPF-20260725-170210","OPF_0.1","OPF_RESEARCH_2.17","MNQ_0.1","MNQ_1Contract_Target150_200","OPF_PROFILE_0.1","20260211-1930-BULL-OBS-001350-Z001349-OC","2026-02-11T19:40:00.0000000",1352,"2026-02-11T19:45:00.0000000",1353,"Long","ObservationConfirm_WideStop1_5R",25341.75,25323.00,18.75,"ProtectBE1R_Then3R","Stop",25323.00,-18.75,-1,-37.50,1.2,-38.70,1,False,"Execute","TradeID:20260211-1940-Long-1352|LegacyV174PolicyV204:targetR=3|dailyCap=18|ActualExitPolicyV209:targetR=3|beTriggerR=0|timeStopBars=12|OCWideStopLongRisk22V131:risk=18.75,score=72,rr=3,dailyTrades=10|ActualTargetOverride:targetR=3,risk=18.75,path=ObservationConfirm_WideStop1_5R","20260211-1940-Long-1352"
