Date,Month,SnapshotID,SignalID,DecisionTime,DecisionBar,Side,ResearchPath,Decision,ReasonPrefix,CandidateTradeID,PrimaryTradeID,PrimaryProtectionReadyTime,PrimaryExitTime,ExistingOutcomeLabelReady,HardBlock
2026-01-02,202601,OPF-20260727-224829,20260102-0205-BULL-OBS-000865-Z000865-OC,2026-01-02T02:10:00.0000000,866,Long,ObservationConfirm_WideStop1_5R,Execute,TradeID,20260102-0210-Long-866-S2,20260102-0205-Long-865,2026-01-02T02:05:00,2026-01-02T03:00:00,True,None
2026-01-02,202601,OPF-20260727-224829,20260102-0600-BULL-OBS-000912-Z000911-OC,2026-01-02T06:05:00.0000000,913,Long,ObservationConfirm,Execute,TradeID,20260102-0605-Long-913-S2,20260102-0600-Long-912,2026-01-02T06:00:00,2026-01-02T06:55:00,True,None
2026-01-02,202601,OPF-20260727-224829,20260102-0855-BULL-OBS-000947-Z000947-OC,2026-01-02T09:00:00.0000000,948,Long,ObservationConfirm_WideStop1_5R,Execute,TradeID,20260102-0900-Long-948-S2,20260102-0855-Long-947,2026-01-02T08:55:00,2026-01-02T09:50:00,True,None
2026-01-09,202601,OPF-20260727-225049,20260109-0400-BULL-OBS-001164-Z001144-OC-STR,2026-01-09T04:10:00.0000000,1166,Long,ObservationStrict_Other,Skip,SecondaryStaticG2Blocked,,20260109-0410-Long-1166,2026-01-09T04:10:00,2026-01-09T04:15:00,True,SecondaryStaticG2Blocked
2026-01-09,202601,OPF-20260727-225049,20260109-0635-BULL-OBS-001195-Z001195-OC,2026-01-09T06:40:00.0000000,1196,Long,ObservationConfirm,Execute,TradeID,20260109-0640-Long-1196-S2,20260109-0635-Long-1195,2026-01-09T06:35:00,2026-01-09T07:15:00,True,None
2026-01-09,202601,OPF-20260727-225049,20260109-0750-BULL-OBS-001210-Z001209-OC-STR,2026-01-09T07:55:00.0000000,1211,Long,ObservationStrict_Other,Skip,SecondaryStaticG2Blocked,,20260109-0735-Long-1207,2026-01-09T07:35:00,2026-01-09T09:25:00,True,SecondaryStaticG2Blocked
2026-01-09,202601,OPF-20260727-225049,20260109-0750-BULL-OBS-001210-Z001209-OC-STR,2026-01-09T07:55:00.0000000,1211,Long,ObservationStrict_Other_WideStop1_5R,Skip,SecondaryStaticG2Blocked,,20260109-0735-Long-1207,2026-01-09T07:35:00,2026-01-09T09:25:00,True,SecondaryStaticG2Blocked
2026-01-09,202601,OPF-20260727-225049,20260109-1220-BEAR-OBS-001264-Z001264-OC,2026-01-09T12:25:00.0000000,1265,Short,ObservationConfirm,Skip,SecondaryStaticG2Blocked,,20260109-1220-Short-1264,2026-01-09T12:20:00,2026-01-09T12:30:00,True,SecondaryStaticG2Blocked
2026-01-13,202601,OPF-20260727-225248,20260113-0040-BEAR-OBS-001124-Z001123,2026-01-13T00:40:00.0000000,1124,Short,UnknownRegimeZoneTouch,Execute,TradeID,20260113-0040-Short-1124-S2,20260113-0000-Short-1116,2026-01-13T00:00:00,2026-01-13T01:30:00,True,None
2026-01-13,202601,OPF-20260727-225248,20260113-0240-BULL-OBS-001148-Z001148-OC,2026-01-13T02:45:00.0000000,1149,Long,ObservationConfirm,Execute,TradeID,20260113-0245-Long-1149,20260113-0245-Long-1149-S2,2026-01-13T02:45:00,2026-01-13T02:50:00,True,None
2026-01-13,202601,OPF-20260727-225248,20260113-0545-BULL-OBS-001185-Z001185-OC,2026-01-13T05:50:00.0000000,1186,Long,ObservationConfirm_WideStop1_5R,Execute,TradeID,20260113-0550-Long-1186-S2,20260113-0540-Long-1184,2026-01-13T05:40:00,2026-01-13T06:35:00,True,None
2026-01-13,202601,OPF-20260727-225248,20260113-1010-BEAR-OBS-001238-Z001238-OC,2026-01-13T10:15:00.0000000,1239,Short,ObservationConfirm,Skip,SecondaryStaticG2Blocked,,20260113-1010-Short-1238,2026-01-13T10:10:00,2026-01-13T11:55:00,True,SecondaryStaticG2Blocked
2026-01-13,202601,OPF-20260727-225248,20260113-1015-BEAR-BRK-001239-Z001239,2026-01-13T10:15:00.0000000,1239,Short,BreakawayFvg,Skip,SecondaryStaticG2Blocked,,20260113-1010-Short-1238,2026-01-13T10:10:00,2026-01-13T11:55:00,True,SecondaryStaticG2Blocked
2026-01-13,202601,OPF-20260727-225248,20260113-1020-BEAR-OBS-001240-Z001239,2026-01-13T10:20:00.0000000,1240,Short,UnknownRegimeZoneTouch,Execute,TradeID,20260113-1020-Short-1240-S2,20260113-1010-Short-1238,2026-01-13T10:10:00,2026-01-13T11:55:00,True,None
2026-01-16,202601,OPF-20260727-225458,20260116-0140-BULL-OBS-001136-Z001135-OC,2026-01-16T01:50:00.0000000,1138,Long,ObservationConfirm_WideStop1_5R,Execute,TradeID,20260116-0150-Long-1138,20260116-0150-Long-1138-S2,2026-01-16T01:50:00,2026-01-16T01:55:00,True,None
2026-01-16,202601,OPF-20260727-225458,20260116-0135-BULL-OBS-001135-Z001135-OC,2026-01-16T01:50:00.0000000,1138,Long,ObservationConfirm,Execute,TradeID,20260116-0150-Long-1138-S2,20260116-0150-Long-1138,2026-01-16T01:50:00,2026-01-16T02:45:00,True,None
2026-01-16,202601,OPF-20260727-225458,20260116-0210-BULL-OBS-001142-Z001142-OC,2026-01-16T02:15:00.0000000,1143,Long,ObservationConfirm,Skip,SecondaryStaticG2Blocked,,20260116-0150-Long-1138,2026-01-16T01:50:00,2026-01-16T02:45:00,True,SecondaryStaticG2Blocked
2026-01-16,202601,OPF-20260727-225458,20260116-0215-BULL-OBS-001143-Z001142-OC,2026-01-16T02:20:00.0000000,1144,Long,ObservationConfirm_WideStop1_5R,Execute,TradeID,20260116-0220-Long-1144-S2,20260116-0150-Long-1138,2026-01-16T01:50:00,2026-01-16T02:45:00,True,None
2026-01-16,202601,OPF-20260727-225458,20260116-0255-BULL-OBS-001151-Z001146-OC,2026-01-16T03:00:00.0000000,1152,Long,ObservationConfirm_WideStop1_5R,Execute,TradeID,20260116-0300-Long-1152-S2,20260116-0220-Long-1144-S2,2026-01-16T02:20:00,2026-01-16T03:15:00,True,None
2026-01-16,202601,OPF-20260727-225458,20260116-0455-BULL-OBS-001175-Z001175-OC,2026-01-16T05:00:00.0000000,1176,Long,ObservationConfirm_WideStop1_5R,Execute,TradeID,20260116-0500-Long-1176-S2,20260116-0425-Long-1169,2026-01-16T04:25:00,2026-01-16T05:15:00,True,None
2026-02-02,202602,OPF-20260727-225656,20260202-0315-BEAR-OBS-001155-Z001155-OC,2026-02-02T03:20:00.0000000,1156,Short,ObservationConfirm,Execute,TradeID,20260202-0320-Short-1156,20260202-0320-Short-1156-S2,2026-02-02T03:20:00,2026-02-02T03:25:00,True,None
2026-02-02,202602,OPF-20260727-225656,20260202-0320-BEAR-OBS-001156-Z001155,2026-02-02T03:20:00.0000000,1156,Short,UnknownRegimeZoneTouch,Skip,SecondaryStaticG2Blocked,,20260202-0320-Short-1156-S2,2026-02-02T03:20:00,2026-02-02T03:25:00,True,SecondaryStaticG2Blocked
2026-02-02,202602,OPF-20260727-225656,20260202-1410-BULL-OBS-001286-Z001284-OC-STR,2026-02-02T14:15:00.0000000,1287,Long,ObservationStrict_Other,Execute,TradeID,20260202-1415-Long-1287,20260202-1415-Long-1287-S2,2026-02-02T14:15:00,2026-02-02T14:25:00,True,None
2026-02-02,202602,OPF-20260727-225656,20260202-1410-BULL-OBS-001286-Z001284-OC-STR,2026-02-02T14:15:00.0000000,1287,Long,ObservationStrict_Other_WideStop1_5R,Execute,TradeID,20260202-1415-Long-1287-S2,20260202-1415-Long-1287,2026-02-02T14:15:00,2026-02-02T14:20:00,True,None
2026-02-11,202602,OPF-20260727-225854,20260211-0200-BULL-OBS-001140-Z001137-OC,2026-02-11T02:10:00.0000000,1142,Long,ObservationConfirm,Execute,TradeID,20260211-0210-Long-1142-S2,20260211-0150-Long-1138,2026-02-11T01:50:00,2026-02-11T02:45:00,True,None
2026-02-11,202602,OPF-20260727-225854,20260211-0330-BULL-OBS-001158-Z001158-OC,2026-02-11T03:35:00.0000000,1159,Long,ObservationConfirm,Execute,TradeID,20260211-0335-Long-1159,20260211-0335-Long-1159-S2,2026-02-11T03:35:00,2026-02-11T04:25:00,True,None
2026-03-06,202603,OPF-20260727-230310,20260306-0400-BULL-OBS-001164-Z001164-OC,2026-03-06T04:05:00.0000000,1165,Long,ObservationConfirm,Execute,TradeID,20260306-0405-Long-1165,20260306-0405-Long-1165-S2,2026-03-06T04:05:00,2026-03-06T04:15:00,True,None
2026-03-06,202603,OPF-20260727-230310,20260306-0505-BEAR-OBS-001177-Z001175-FR,2026-03-06T05:10:00.0000000,1178,Long,FailureReverse_ObservationInvalidated,Skip,SecondaryStaticG2Blocked,,20260306-0505-Long-1177,2026-03-06T05:05:00,2026-03-06T05:15:00,True,SecondaryStaticG2Blocked
2026-03-12,202603,OPF-20260727-230533,20260312-0650-BULL-OBS-001210-Z001210-OC,2026-03-12T06:55:00.0000000,1211,Long,ObservationConfirm_WideStop1_5R,Execute,TradeID,20260312-0655-Long-1211-S2,20260312-0635-Long-1207,2026-03-12T06:35:00,2026-03-12T07:20:00,True,None
2026-04-13,202604,OPF-20260727-231148,20260413-0630-BULL-OBS-001206-Z001204-OC-STR,2026-04-13T06:35:00.0000000,1207,Long,ObservationStrict_Other_WideStop1_5R,Execute,TradeID,20260413-0635-Long-1207-S2,20260413-0605-Long-1201,2026-04-13T06:05:00,2026-04-13T07:55:00,True,None
2026-04-13,202604,OPF-20260727-231148,20260413-0805-BULL-OBS-001225-Z001225-OC,2026-04-13T08:10:00.0000000,1226,Long,ObservationConfirm_WideStop1_5R,Execute,TradeID,20260413-0810-Long-1226-S2,20260413-0635-Long-1207-S2,2026-04-13T06:35:00,2026-04-13T10:55:00,True,None
2026-04-13,202604,OPF-20260727-231148,20260413-0920-BULL-OBS-001240-Z001240-OC,2026-04-13T09:25:00.0000000,1241,Long,ObservationConfirm,Skip,SecondaryStaticG2Blocked,,20260413-0635-Long-1207-S2,2026-04-13T06:35:00,2026-04-13T10:55:00,True,SecondaryStaticG2Blocked
2026-04-13,202604,OPF-20260727-231148,20260413-1050-BULL-BRK-001258-Z001258-Q,2026-04-13T10:50:00.0000000,1258,Long,BreakawayFvg_Qualified,Execute,TradeID,20260413-1050-Long-1258-S2,20260413-0635-Long-1207-S2,2026-04-13T06:35:00,2026-04-13T10:55:00,True,None
2026-04-28,202604,OPF-20260727-231343,20260428-2320-BULL-OBS-001119-Z001119-OC,2026-04-28T23:25:00.0000000,1120,Long,ObservationConfirm,Execute,TradeID,20260428-2325-Long-1120,20260428-2325-Long-1120-S2,2026-04-28T23:25:00,2026-04-28T23:50:00,True,None
2026-04-29,202604,OPF-20260727-231343,20260429-0050-BEAR-OBS-001137-Z001137,2026-04-29T00:50:00.0000000,1137,Short,ZoneBirthResearch,Execute,TradeID,20260429-0050-Short-1137-S2,20260429-0035-Short-1134,2026-04-29T00:35:00,2026-04-29T01:00:00,True,None
2026-04-29,202604,OPF-20260727-231343,20260429-0305-BULL-OBS-001164-Z001164-OC,2026-04-29T03:10:00.0000000,1165,Long,ObservationConfirm_WideStop1_5R,Execute,TradeID,20260429-0310-Long-1165-S2,20260429-0255-Long-1162,2026-04-29T02:55:00,2026-04-29T05:50:00,True,None
2026-04-29,202604,OPF-20260727-231343,20260429-0405-BULL-OBS-001176-Z001176-OC,2026-04-29T04:10:00.0000000,1177,Long,ObservationConfirm,Skip,SecondaryStaticG2Blocked,,20260429-0255-Long-1162,2026-04-29T02:55:00,2026-04-29T05:50:00,True,SecondaryStaticG2Blocked
2026-04-29,202604,OPF-20260727-231343,20260429-0510-BULL-OBS-001189-Z001175-OC,2026-04-29T05:15:00.0000000,1190,Long,ObservationConfirm,Skip,SecondaryStaticG2Blocked,,20260429-0255-Long-1162,2026-04-29T02:55:00,2026-04-29T05:50:00,True,SecondaryStaticG2Blocked
2026-04-29,202604,OPF-20260727-231343,20260429-0810-BEAR-OBS-001225-Z001225-OC,2026-04-29T08:15:00.0000000,1226,Short,ObservationConfirm,Skip,SecondaryStaticG2Blocked,,20260429-0805-Short-1224,2026-04-29T08:05:00,2026-04-29T08:20:00,True,SecondaryStaticG2Blocked
2026-05-01,202605,OPF-20260727-231546,20260501-0905-BEAR-BRK-001236-Z001236,2026-05-01T09:05:00.0000000,1236,Short,BreakawayFvg,Skip,SecondaryStaticG2Blocked,,20260501-0840-Short-1231,2026-05-01T08:40:00,2026-05-01T10:35:00,True,SecondaryStaticG2Blocked
2026-05-01,202605,OPF-20260727-231546,20260501-0905-BEAR-OBS-001236-Z001236-OC,2026-05-01T09:10:00.0000000,1237,Short,ObservationConfirm,Skip,SecondaryStaticG2Blocked,,20260501-0840-Short-1231,2026-05-01T08:40:00,2026-05-01T10:35:00,True,SecondaryStaticG2Blocked
2026-05-05,202605,OPF-20260727-231744,20260505-0125-BULL-PB-001145-Z001143,2026-05-05T01:25:00.0000000,1145,Long,AlmostConfirmed,Execute,TradeID,20260505-0125-Long-1145-S2,20260505-0105-Long-1141,2026-05-05T01:05:00,2026-05-05T01:30:00,True,None
2026-05-05,202605,OPF-20260727-231744,20260505-0330-BULL-OBS-001170-Z001170-OC,2026-05-05T03:35:00.0000000,1171,Long,ObservationConfirm_WideStop1_5R,Execute,TradeID,20260505-0335-Long-1171-S2,20260505-0315-Long-1167,2026-05-05T03:15:00,2026-05-05T04:10:00,True,None
2026-05-05,202605,OPF-20260727-231744,20260505-0450-BULL-OBS-001186-Z001186-FR-RT,2026-05-05T05:05:00.0000000,1189,Short,FailureReverse_RetestFailed,Skip,SecondaryStaticG2Blocked,,20260505-0505-Short-1189,2026-05-05T05:05:00,2026-05-05T05:10:00,True,SecondaryStaticG2Blocked
2026-05-05,202605,OPF-20260727-231744,20260505-0640-BULL-OBS-001208-Z001208-OC,2026-05-05T06:45:00.0000000,1209,Long,ObservationConfirm,Execute,TradeID,20260505-0645-Long-1209-S2,20260505-0625-Long-1205,2026-05-05T06:25:00,2026-05-05T06:55:00,True,None
2026-05-05,202605,OPF-20260727-231744,20260505-0700-BULL-OBS-001212-Z001211-OC-STR,2026-05-05T07:05:00.0000000,1213,Long,ObservationStrict_Other,Execute,TradeID,20260505-0705-Long-1213-S2,20260505-0645-Long-1209-S2,2026-05-05T06:45:00,2026-05-05T07:30:00,True,None
2026-05-05,202605,OPF-20260727-231744,20260505-1705-BULL-PB-001333-Z001330,2026-05-05T17:05:00.0000000,1333,Long,AlmostConfirmed,Execute,TradeID,20260505-1705-Long-1333-S2,20260505-1655-Long-1331,2026-05-05T16:55:00,2026-05-05T17:50:00,True,None
2026-06-03,202606,OPF-20260727-232154,20260603-0450-BEAR-OBS-001186-Z001186-OC,2026-06-03T04:55:00.0000000,1187,Short,ObservationConfirm,Skip,SecondaryStaticG2Blocked,,20260603-0415-Short-1179,2026-06-03T04:15:00,2026-06-03T05:00:00,True,SecondaryStaticG2Blocked
2026-06-03,202606,OPF-20260727-232154,20260603-0510-BEAR-OBS-001190-Z001186-FR,2026-06-03T05:20:00.0000000,1192,Long,FailureReverse_ObservationInvalidated,Skip,SecondaryStaticG2Blocked,,20260603-0515-Long-1191,2026-06-03T05:15:00,2026-06-03T05:25:00,True,SecondaryStaticG2Blocked
2026-06-23,202606,OPF-20260727-232655,20260623-0335-BEAR-BRK-001123-Z001123,2026-06-23T03:35:00.0000000,1123,Short,BreakawayFvg,Skip,SecondaryRiskCap,,20260623-0310-Short-1118,2026-06-23T03:10:00,2026-06-23T03:45:00,True,SecondaryRiskCap
2026-06-23,202606,OPF-20260727-232655,20260623-0425-BEAR-OBS-001133-Z001132-OC,2026-06-23T04:30:00.0000000,1134,Short,ObservationConfirm,Execute,TradeID,20260623-0430-Short-1134,20260623-0430-Short-1134-S2,2026-06-23T04:30:00,2026-06-23T04:50:00,True,None
2026-06-23,202606,OPF-20260727-232655,20260623-0420-BEAR-OBS-001132-Z001132-OC,2026-06-23T04:30:00.0000000,1134,Short,ObservationConfirm,Execute,TradeID,20260623-0430-Short-1134-S2,20260623-0430-Short-1134,2026-06-23T04:30:00,2026-06-23T04:45:00,True,None
2026-07-07,202607,OPF-20260727-233425,20260707-0455-BEAR-OBS-001139-Z001138,2026-07-07T04:55:00.0000000,1139,Short,UnknownRegimeZoneTouch,Execute,TradeID,20260707-0455-Short-1139-S2,20260707-0450-Short-1138,2026-07-07T04:50:00,2026-07-07T05:25:00,True,None
2026-07-07,202607,OPF-20260727-233425,20260707-0505-BEAR-OBS-001141-Z001141-OC,2026-07-07T05:10:00.0000000,1142,Short,ObservationConfirm,Execute,TradeID,20260707-0510-Short-1142-S2,20260707-0450-Short-1138,2026-07-07T04:50:00,2026-07-07T05:25:00,True,None
2026-07-07,202607,OPF-20260727-233425,20260707-0930-BEAR-BRK-001194-Z001194,2026-07-07T09:30:00.0000000,1194,Short,BreakawayFvg,Skip,SecondaryRiskCap,,20260707-0925-Short-1193,2026-07-07T09:25:00,2026-07-07T09:55:00,True,SecondaryRiskCap
2026-07-07,202607,OPF-20260727-233425,20260707-0930-BEAR-OBS-001194-Z001194-OC,2026-07-07T09:35:00.0000000,1195,Short,ObservationConfirm,Skip,SecondaryStaticG2Blocked,,20260707-0925-Short-1193,2026-07-07T09:25:00,2026-07-07T09:55:00,True,SecondaryStaticG2Blocked
2026-07-07,202607,OPF-20260727-233425,20260707-0935-BEAR-BRK-001195-Z001195,2026-07-07T09:35:00.0000000,1195,Short,BreakawayFvg,Skip,SecondaryStaticG2Blocked,,20260707-0925-Short-1193,2026-07-07T09:25:00,2026-07-07T09:55:00,True,SecondaryStaticG2Blocked
2026-07-07,202607,OPF-20260727-233425,20260707-0935-BEAR-OBS-001195-Z001195-OC,2026-07-07T09:45:00.0000000,1197,Short,ObservationConfirm,Execute,TradeID,20260707-0945-Short-1197-S2,20260707-0925-Short-1193,2026-07-07T09:25:00,2026-07-07T09:55:00,True,None
2026-07-17,202607,OPF-20260727-233902,20260717-0225-BEAR-OBS-001157-Z001157,2026-07-17T02:25:00.0000000,1157,Short,ZoneBirthResearch,Skip,SecondaryStaticG2Blocked,,20260717-0225-Short-1157,2026-07-17T02:25:00,2026-07-17T02:35:00,True,SecondaryStaticG2Blocked
