Period,Source,Side,ResearchPath,Trades,Gross,AccountNet
H1,Core,Short,BreakawayFvg,42,3750.0,3598.7999999999997
H1,Core,Short,ObservationConfirm,196,2990.25,2284.650000000001
H1,Core,Short,FailureReverse_ObservationInvalidated_WideStop1_5R,22,2259.0,2179.7999999999997
H1,Core,Long,ObservationConfirm,219,1989.75,1201.3500000000006
H1,Core,Short,ZoneBirthResearch,154,1725.519230769231,1171.1192307692309
H1,Core,Long,AlmostConfirmed,24,1423.5,1337.1000000000001
H1,Core,Long,ObservationStrict_Other,18,984.0,919.1999999999999
H1,DeferredContinuation,Short,ZoneBirthResearch,6,748.5,726.8999999999999
H1,Core,Long,FailureReverse_ObservationInvalidated,15,600.75,546.75
H1,Core,Long,ObservationConfirm_WideStop1_5R,47,557.25,388.0500000000003
H1,DeferredContinuation,Short,FailureReverse_ObservationInvalidated_WideStop1_5R,3,535.5,524.7
H1,DeferredContinuation,Long,ObservationStrict_Other_WideStop1_5R,6,515.3399999999965,493.7399999999965
H1,DeferredContinuation,Long,ObservationStrict_BullFresh_WideStop1_5R,2,445.5,438.29999999999995
H1,DeferredContinuation,Long,ObservationStrict_Other,2,418.5,411.3
H1,DeferredContinuation,Short,BreakawayFvg,1,418.5,414.9
H1,DeferredContinuation,Long,ObservationConfirm,6,408.0,386.40000000000003
H1,DailyTradeLimit,Short,ObservationConfirm,1,324.0,320.4
H1,DeferredContinuation,Short,ObservationConfirm_WideStop1_5R,3,294.9599999999991,284.1599999999992
H1,Core,Long,FailureReverse_ObservationInvalidated_WideStop1_5R,3,294.75,283.95000000000005
H1,Core,Short,FailureReverse_ObservationInvalidated,18,254.25,189.45000000000007
H1,Core,Short,UnknownRegimeZoneTouch,12,129.0,85.80000000000001
H1,Core,Short,FailureReverse_RetestFailed,8,117.0,88.20000000000002
H1,Core,Long,BreakawayFvg_Qualified,3,60.0,49.199999999999996
H1,DeferredContinuation,Short,FailureReverse_RetestFailed_WideStop1_5R,2,22.440000000009604,15.240000000009609
H1,Core,Short,ShadowCandidate,13,8.25,-38.55000000000001
H1,DeferredContinuation,Long,FailureReverse_RetestFailed,1,-42.0,-45.6
H1,DeferredContinuation,Short,ObservationConfirm,14,-126.0,-176.39999999999998
H1,Core,Long,FailureReverse_RetestFailed,5,-150.75,-168.75
H1,Core,Short,ObservationConfirm_WideStop1_5R,8,-156.75,-185.54999999999995
H1,Core,Short,FailureReverse_RetestFailed_WideStop1_5R,11,-259.5,-299.09999999999997
H1,Core,Long,ObservationStrict_BullFresh_WideStop1_5R,8,-447.0,-475.79999999999995
