Period,Week,Trades,NormalTrades,Gross,AccountNet
H1,2026-W01,11,10,-129.75,-178.35
H1,2026-W02,44,44,387.25,228.85000000000014
H1,2026-W03,44,43,1081.7884615384614,920.3884615384616
H1,2026-W04,34,34,157.75,35.350000000000094
H1,2026-W05,34,32,818.7692307692307,690.3692307692309
H1,2026-W06,23,23,397.5,314.7
H1,2026-W07,43,43,1929.45923076924,1774.6592307692404
H1,2026-W08,38,37,702.9230769230769,561.623076923077
H1,2026-W09,37,36,1282.75,1145.05
H1,2026-W10,22,22,95.88461538461536,16.684615384615427
H1,2026-W11,24,24,867.5192307692307,781.1192307692309
H1,2026-W12,48,46,1149.2884615384614,967.4884615384617
H1,2026-W13,35,35,673.7307692307693,547.7307692307693
H1,2026-W14,32,31,2631.7246153846118,2513.524615384612
H1,2026-W15,28,28,-387.02538461538813,-487.82538461538803
H1,2026-W16,39,38,15.730769230769269,-127.66923076923072
H1,2026-W17,46,45,1271.051538461535,1105.451538461535
H1,2026-W18,46,45,251.6069230769292,80.00692307692924
H1,2026-W19,36,35,1005.5,875.9000000000001
H1,2026-W20,44,44,2866.673076923077,2708.273076923077
H1,2026-W21,24,23,1093.076923076923,1006.6769230769232
H1,2026-W22,24,24,-460.3269230769231,-546.726923076923
H1,2026-W23,41,39,192.5,38.900000000000034
H1,2026-W24,12,12,-130.5,-173.69999999999996
H1,2026-W25,22,21,876.8076923076924,797.6076923076924
H1,2026-W26,27,26,890.5,789.5500000000001
H1,2026-W27,15,14,618.0769230769231,564.0769230769231
