SnapshotID,Time,Bar,Regime,BullScore,BearScore
"OPF-20260725-151004","2025-12-31T21:55:00.0000000",827,"Unknown",0,0
"OPF-20260725-151004","2026-01-02T01:05:00.0000000",853,"BullTrend",70,0
"OPF-20260725-151004","2026-01-02T01:15:00.0000000",855,"Unknown",50,0
"OPF-20260725-151004","2026-01-02T01:45:00.0000000",861,"BullTrend",80,0
"OPF-20260725-151004","2026-01-02T01:50:00.0000000",862,"Unknown",60,0
"OPF-20260725-151004","2026-01-02T02:00:00.0000000",864,"BullTrend",80,0
"OPF-20260725-151004","2026-01-02T02:05:00.0000000",865,"Unknown",60,0
"OPF-20260725-151004","2026-01-02T02:30:00.0000000",870,"BullTrend",70,0
"OPF-20260725-151004","2026-01-02T02:35:00.0000000",871,"Unknown",50,0
"OPF-20260725-151004","2026-01-02T02:40:00.0000000",872,"BullTrend",80,0
"OPF-20260725-151004","2026-01-02T02:55:00.0000000",875,"Unknown",50,0
"OPF-20260725-151004","2026-01-02T06:05:00.0000000",913,"BullTrend",70,0
"OPF-20260725-151004","2026-01-02T06:10:00.0000000",914,"Unknown",50,0
"OPF-20260725-151004","2026-01-02T06:50:00.0000000",922,"BullTrend",70,0
"OPF-20260725-151004","2026-01-02T06:55:00.0000000",923,"Unknown",50,0
"OPF-20260725-151004","2026-01-02T08:00:00.0000000",936,"BullTrend",70,10
"OPF-20260725-151004","2026-01-02T08:05:00.0000000",937,"Unknown",60,10
"OPF-20260725-151004","2026-01-02T08:10:00.0000000",938,"BullTrend",90,10
"OPF-20260725-151004","2026-01-02T09:00:00.0000000",948,"Unknown",60,10
"OPF-20260725-151004","2026-01-02T09:25:00.0000000",953,"BullTrend",80,10
"OPF-20260725-151004","2026-01-02T09:30:00.0000000",954,"Unknown",60,10
"OPF-20260725-151004","2026-01-02T16:05:00.0000000",1033,"BearTrend",10,70
"OPF-20260725-151004","2026-01-02T17:00:00.0000000",1044,"Unknown",10,50
