SnapshotID,SignalID,Time,Bar,Open,High,Low,Close,ZoneLow,ZoneHigh,ZoneWidth,PrevHigh,PrevLow,Stage,Result,Reason
"OPF-20260725-151220","20260210-2305-BULL-OBS-001105-Z001105","2026-02-10T23:10:00.0000000",1106,25275.50,25278.75,25268.75,25278.75,25260.00,25268.50,8.50,25277.75,25268.50,"ObservationConfirm","Confirmed","ReclaimZoneHigh"
"OPF-20260725-151220","20260210-2330-BEAR-OBS-001110-Z001110","2026-02-10T23:35:00.0000000",1111,25273.75,25276.75,25268.50,25274.75,25279.50,25280.00,0.50,25279.50,25271.50,"ObservationConfirm","Confirmed","ReclaimZoneLow"
"OPF-20260725-151220","20260210-2335-BULL-OBS-001111-Z001105","2026-02-10T23:40:00.0000000",1112,25275.00,25282.50,25270.50,25279.75,25260.00,25268.50,8.50,25276.75,25268.50,"ObservationConfirm","Confirmed","ReclaimZoneHigh"
"OPF-20260725-151220","20260210-2340-BEAR-OBS-001112-Z001110","2026-02-10T23:45:00.0000000",1113,25279.50,25285.00,25276.50,25277.50,25279.50,25280.00,0.50,25282.50,25270.50,"ObservationConfirm","Confirmed","ReclaimZoneLow"
"OPF-20260725-151220","20260211-0105-BULL-OBS-001129-Z001129","2026-02-11T01:10:00.0000000",1130,25304.75,25312.75,25302.25,25309.75,25296.50,25298.50,2.00,25307.50,25298.50,"ObservationConfirm","Confirmed","ReclaimZoneHigh"
"OPF-20260725-151220","20260211-0145-BULL-OBS-001137-Z001137","2026-02-11T01:50:00.0000000",1138,25322.00,25326.25,25318.25,25319.75,25308.25,25313.25,5.00,25322.75,25313.25,"ObservationConfirm","Confirmed","ReclaimZoneHigh"
"OPF-20260725-151220","20260211-0200-BULL-PB-001140-Z001137","2026-02-11T02:05:00.0000000",1141,25309.00,25317.00,25308.00,25312.25,25308.25,25313.25,5.00,25317.00,25308.00,"Candidate","Waiting","WaitingReclaimOrBreakPrevHigh"
"OPF-20260725-151220","20260211-0200-BEAR-OBS-001140-Z001140","2026-02-11T02:05:00.0000000",1141,25309.00,25317.00,25308.00,25312.25,25317.00,25318.25,1.25,25317.00,25308.00,"ObservationConfirm","Confirmed","ReclaimZoneLow"
"OPF-20260725-151220","20260211-0200-BULL-OBS-001140-Z001137","2026-02-11T02:05:00.0000000",1141,25309.00,25317.00,25308.00,25312.25,25308.25,25313.25,5.00,25317.00,25308.00,"ObservationConfirm","Waiting","WaitingReclaimOrBreakPrevHigh"
"OPF-20260725-151220","20260211-0200-BULL-PB-001140-Z001137","2026-02-11T02:10:00.0000000",1142,25312.25,25322.00,25312.25,25318.50,25308.25,25313.25,5.00,25317.00,25308.00,"Confirmed","Confirmed","ReclaimZoneHigh"
"OPF-20260725-151220","20260211-0200-BULL-OBS-001140-Z001137","2026-02-11T02:10:00.0000000",1142,25312.25,25322.00,25312.25,25318.50,25308.25,25313.25,5.00,25317.00,25308.00,"ObservationConfirm","Confirmed","ReclaimZoneHigh"
"OPF-20260725-151220","20260211-0200-BULL-PB-001140-Z001137","2026-02-11T02:15:00.0000000",1143,25318.25,25323.75,25316.25,25321.75,25308.25,25313.25,5.00,25322.00,25312.25,"Confirmed","WaitingRetrace","WaitingConservativeRetrace"
"OPF-20260725-151220","20260211-0200-BULL-PB-001140-Z001137","2026-02-11T02:20:00.0000000",1144,25321.50,25330.00,25321.25,25326.50,25308.25,25313.25,5.00,25323.75,25316.25,"Confirmed","WaitingRetrace","WaitingConservativeRetrace"
"OPF-20260725-151220","20260211-0200-BULL-PB-001140-Z001137","2026-02-11T02:20:00.0000000",1144,25321.50,25330.00,25321.25,25326.50,25308.25,25313.25,5.00,25323.75,25316.25,"Skipped","Expired","NoRetraceAfterConfirm"
"OPF-20260725-151220","20260211-0240-BEAR-OBS-001148-Z001148","2026-02-11T02:45:00.0000000",1149,25310.25,25315.50,25309.75,25315.25,25315.75,25318.50,2.75,25315.75,25306.00,"ObservationConfirm","Confirmed","ReclaimZoneLow"
"OPF-20260725-151220","20260211-0255-BULL-OBS-001151-Z001151","2026-02-11T03:00:00.0000000",1152,25321.50,25325.00,25315.00,25315.50,25315.50,25320.25,4.75,25327.50,25320.25,"ObservationConfirm","Waiting","WaitingReclaimOrBreakPrevHigh"
"OPF-20260725-151220","20260211-0305-BEAR-OBS-001153-Z001153","2026-02-11T03:10:00.0000000",1154,25314.75,25317.75,25313.25,25313.75,25318.50,25320.25,1.75,25318.50,25309.75,"ObservationConfirm","Confirmed","ReclaimZoneLow"
"OPF-20260725-151220","20260211-0330-BULL-OBS-001158-Z001158","2026-02-11T03:35:00.0000000",1159,25319.50,25322.25,25316.75,25321.50,25314.50,25319.50,5.00,25324.25,25319.50,"ObservationConfirm","Confirmed","ReclaimZoneHigh"
"OPF-20260725-151220","20260211-0335-BULL-OBS-001159-Z001158","2026-02-11T03:40:00.0000000",1160,25321.75,25336.00,25321.25,25332.75,25314.50,25319.50,5.00,25322.25,25316.75,"ObservationConfirm","Confirmed","ReclaimZoneHigh"
"OPF-20260725-151220","20260211-0345-BULL-OBS-001161-Z001161","2026-02-11T03:50:00.0000000",1162,25335.00,25342.75,25334.00,25341.75,25322.25,25331.00,8.75,25342.00,25331.00,"ObservationConfirm","Confirmed","ReclaimZoneHigh"
"OPF-20260725-151220","20260211-0410-BULL-OBS-001166-Z001161","2026-02-11T04:15:00.0000000",1167,25324.00,25329.50,25320.75,25329.00,25322.25,25331.00,8.75,25334.25,25321.00,"ObservationConfirm","Waiting","WaitingReclaimOrBreakPrevHigh"
"OPF-20260725-151220","20260211-0415-BEAR-OBS-001167-Z001167","2026-02-11T04:20:00.0000000",1168,25328.75,25332.50,25322.00,25323.00,25329.50,25332.00,2.50,25329.50,25320.75,"ObservationConfirm","Confirmed","ReclaimZoneLow"
"OPF-20260725-151220","20260211-0410-BULL-OBS-001166-Z001161","2026-02-11T04:20:00.0000000",1168,25328.75,25332.50,25322.00,25323.00,25322.25,25331.00,8.75,25329.50,25320.75,"ObservationConfirm","Waiting","WaitingReclaimOrBreakPrevHigh"
"OPF-20260725-151220","20260211-0420-BEAR-OBS-001168-Z001167","2026-02-11T04:25:00.0000000",1169,25322.75,25325.75,25312.00,25313.50,25329.50,25332.00,2.50,25332.50,25322.00,"ObservationConfirm","Confirmed","ReclaimZoneLow"
"OPF-20260725-151220","20260211-0430-BEAR-OBS-001170-Z001170","2026-02-11T04:35:00.0000000",1171,25311.75,25314.25,25295.50,25296.75,25317.50,25322.00,4.50,25317.50,25309.50,"ObservationConfirm","Confirmed","ReclaimZoneLow"
"OPF-20260725-151220","20260211-0435-BULL-OBS-001171-Z001129","2026-02-11T04:40:00.0000000",1172,25296.25,25304.50,25295.75,25302.50,25296.50,25298.50,2.00,25314.25,25295.50,"ObservationConfirm","Confirmed","ReclaimZoneHigh"
"OPF-20260725-151220","20260211-0450-BULL-OBS-001174-Z001174","2026-02-11T04:55:00.0000000",1175,25309.50,25312.25,25303.50,25307.00,25304.50,25308.25,3.75,25314.25,25308.25,"ObservationConfirm","Waiting","WaitingReclaimOrBreakPrevHigh"
"OPF-20260725-151220","20260211-0455-BULL-OBS-001175-Z001174","2026-02-11T05:00:00.0000000",1176,25306.25,25309.50,25302.75,25306.50,25304.50,25308.25,3.75,25312.25,25303.50,"ObservationConfirm","Waiting","WaitingReclaimOrBreakPrevHigh"
"OPF-20260725-151220","20260211-0450-BULL-OBS-001174-Z001174","2026-02-11T05:00:00.0000000",1176,25306.25,25309.50,25302.75,25306.50,25304.50,25308.25,3.75,25312.25,25303.50,"ObservationConfirm","Waiting","WaitingReclaimOrBreakPrevHigh"
"OPF-20260725-151220","20260211-0455-BULL-OBS-001175-Z001174","2026-02-11T05:05:00.0000000",1177,25305.75,25316.75,25304.75,25316.25,25304.50,25308.25,3.75,25309.50,25302.75,"ObservationConfirm","Confirmed","ReclaimZoneHigh"
"OPF-20260725-151220","20260211-0450-BULL-OBS-001174-Z001174","2026-02-11T05:05:00.0000000",1177,25305.75,25316.75,25304.75,25316.25,25304.50,25308.25,3.75,25309.50,25302.75,"ObservationConfirm","Confirmed","ReclaimZoneHigh"
"OPF-20260725-151220","20260211-0510-BULL-OBS-001178-Z001178","2026-02-11T05:15:00.0000000",1179,25314.25,25325.50,25314.25,25316.25,25309.50,25311.75,2.25,25319.75,25311.75,"ObservationConfirm","Confirmed","ReclaimZoneHigh"
"OPF-20260725-151220","20260211-0510-BEAR-OBS-001178-Z001170","2026-02-11T05:15:00.0000000",1179,25314.25,25325.50,25314.25,25316.25,25317.50,25322.00,4.50,25319.75,25311.75,"ObservationConfirm","Confirmed","ReclaimZoneLow"
"OPF-20260725-151220","20260211-0530-BEAR-OBS-001182-Z001182","2026-02-11T05:35:00.0000000",1183,25297.50,25303.25,25292.50,25300.25,25307.00,25311.00,4.00,25307.00,25290.25,"ObservationConfirm","Confirmed","ReclaimZoneLow"
"OPF-20260725-151220","20260211-0545-BEAR-OBS-001185-Z001185","2026-02-11T05:50:00.0000000",1186,25284.50,25292.25,25284.00,25290.25,25287.00,25292.50,5.50,25287.00,25278.75,"ObservationConfirm","Waiting","WaitingReclaimOrBreakPrevLow"
"OPF-20260725-151220","20260211-0545-BEAR-OBS-001185-Z001185","2026-02-11T05:55:00.0000000",1187,25290.00,25290.00,25284.25,25286.75,25287.00,25292.50,5.50,25292.25,25284.00,"ObservationConfirm","Confirmed","ReclaimZoneLow"
"OPF-20260725-151220","20260211-0600-BEAR-OBS-001188-Z001182","2026-02-11T06:05:00.0000000",1189,25309.00,25316.50,25306.50,25310.25,25307.00,25311.00,4.00,25312.00,25286.50,"ObservationConfirm","Waiting","WaitingReclaimOrBreakPrevLow"
"OPF-20260725-151220","20260211-0600-BEAR-OBS-001188-Z001182","2026-02-11T06:10:00.0000000",1190,25310.00,25310.25,25288.50,25291.25,25307.00,25311.00,4.00,25316.50,25306.50,"ObservationConfirm","Confirmed","ReclaimZoneLow"
"OPF-20260725-151220","20260211-0735-BEAR-OBS-001207-Z001207","2026-02-11T07:40:00.0000000",1208,25264.25,25274.25,25260.50,25272.75,25273.50,25282.00,8.50,25273.50,25262.50,"ObservationConfirm","Confirmed","ReclaimZoneLow"
"OPF-20260725-151220","20260211-0740-BEAR-OBS-001208-Z001207","2026-02-11T07:45:00.0000000",1209,25273.00,25285.50,25272.00,25275.00,25273.50,25282.00,8.50,25274.25,25260.50,"ObservationConfirm","Waiting","WaitingReclaimOrBreakPrevLow"
"OPF-20260725-151220","20260211-0740-BEAR-OBS-001208-Z001207","2026-02-11T07:50:00.0000000",1210,25275.25,25276.50,25270.75,25273.00,25273.50,25282.00,8.50,25285.50,25272.00,"ObservationConfirm","Confirmed","ReclaimZoneLow"
"OPF-20260725-151220","20260211-0810-BEAR-OBS-001214-Z001214","2026-02-11T08:15:00.0000000",1215,25228.00,25232.50,25209.50,25211.50,25251.50,25262.00,10.50,25251.50,25225.00,"ObservationConfirm","Confirmed","ReclaimZoneLow"
"OPF-20260725-151220","20260211-0815-BEAR-OBS-001215-Z001215","2026-02-11T08:20:00.0000000",1216,25211.75,25227.50,25209.75,25223.00,25232.50,25237.00,4.50,25232.50,25209.50,"ObservationConfirm","Confirmed","ReclaimZoneLow"
"OPF-20260725-151220","20260211-0830-BULL-OBS-001218-Z001218","2026-02-11T08:35:00.0000000",1219,25256.00,25266.50,25252.75,25255.50,25227.50,25237.50,10.00,25260.75,25237.50,"ObservationConfirm","Confirmed","ReclaimZoneHigh"
"OPF-20260725-151220","20260211-0835-BULL-OBS-001219-Z001219","2026-02-11T08:40:00.0000000",1220,25256.00,25259.50,25246.00,25257.75,25247.00,25252.75,5.75,25266.50,25252.75,"ObservationConfirm","Confirmed","ReclaimZoneHigh"
"OPF-20260725-151220","20260211-0900-BULL-OBS-001224-Z001219","2026-02-11T09:05:00.0000000",1225,25266.25,25278.50,25266.00,25273.25,25247.00,25252.75,5.75,25271.50,25241.50,"ObservationConfirm","Confirmed","ReclaimZoneHigh"
"OPF-20260725-151220","20260211-0905-BULL-OBS-001225-Z001225","2026-02-11T09:10:00.0000000",1226,25274.00,25279.00,25255.75,25259.50,25258.00,25266.00,8.00,25278.50,25266.00,"ObservationConfirm","Waiting","WaitingReclaimOrBreakPrevHigh"
"OPF-20260725-151220","20260211-0915-BEAR-OBS-001227-Z001227","2026-02-11T09:20:00.0000000",1228,25248.25,25251.25,25236.25,25240.50,25262.75,25266.00,3.25,25262.75,25243.00,"ObservationConfirm","Confirmed","ReclaimZoneLow"
"OPF-20260725-151220","20260211-0920-BEAR-OBS-001228-Z001228","2026-02-11T09:25:00.0000000",1229,25241.75,25256.75,25240.50,25254.00,25251.25,25255.75,4.50,25251.25,25236.25,"ObservationConfirm","Waiting","WaitingReclaimOrBreakPrevLow"
"OPF-20260725-151220","20260211-0920-BULL-OBS-001228-Z001218","2026-02-11T09:25:00.0000000",1229,25241.75,25256.75,25240.50,25254.00,25227.50,25237.50,10.00,25251.25,25236.25,"ObservationConfirm","Confirmed","ReclaimZoneHigh"
"OPF-20260725-151220","20260211-0925-BEAR-OBS-001229-Z001228","2026-02-11T09:30:00.0000000",1230,25254.75,25257.25,25227.00,25231.75,25251.25,25255.75,4.50,25256.75,25240.50,"ObservationConfirm","Confirmed","ReclaimZoneLow"
"OPF-20260725-151220","20260211-0920-BEAR-OBS-001228-Z001228","2026-02-11T09:30:00.0000000",1230,25254.75,25257.25,25227.00,25231.75,25251.25,25255.75,4.50,25256.75,25240.50,"ObservationConfirm","Confirmed","ReclaimZoneLow"
"OPF-20260725-151220","20260211-0935-BEAR-OBS-001231-Z001231","2026-02-11T09:40:00.0000000",1232,25208.25,25216.25,25204.25,25213.75,25237.75,25240.50,2.75,25237.75,25206.00,"ObservationConfirm","Confirmed","ReclaimZoneLow"
"OPF-20260725-151220","20260211-0940-BEAR-OBS-001232-Z001232","2026-02-11T09:45:00.0000000",1233,25214.00,25226.00,25212.00,25214.50,25216.25,25227.00,10.75,25216.25,25204.25,"ObservationConfirm","Confirmed","ReclaimZoneLow"
"OPF-20260725-151220","20260211-0945-BEAR-OBS-001233-Z001232","2026-02-11T09:50:00.0000000",1234,25215.00,25230.25,25211.25,25227.00,25216.25,25227.00,10.75,25226.00,25212.00,"ObservationConfirm","Waiting","WaitingReclaimOrBreakPrevLow"
"OPF-20260725-151220","20260211-0945-BEAR-OBS-001233-Z001232","2026-02-11T09:55:00.0000000",1235,25226.75,25229.50,25204.00,25204.75,25216.25,25227.00,10.75,25230.25,25211.25,"ObservationConfirm","Confirmed","ReclaimZoneLow"
"OPF-20260725-151220","20260211-1000-BEAR-OBS-001236-Z001236","2026-02-11T10:05:00.0000000",1237,25161.25,25173.00,25148.75,25155.75,25206.75,25211.25,4.50,25206.75,25147.00,"ObservationConfirm","Confirmed","ReclaimZoneLow"
"OPF-20260725-151220","20260211-1025-BULL-OBS-001241-Z001241","2026-02-11T10:30:00.0000000",1242,25191.50,25192.00,25179.75,25183.25,25176.25,25179.75,3.50,25198.00,25179.75,"ObservationConfirm","Confirmed","ReclaimZoneHigh"
"OPF-20260725-151220","20260211-1055-BEAR-PB-001247-Z001236","2026-02-11T11:00:00.0000000",1248,25207.25,25229.00,25205.50,25228.50,25206.75,25211.25,4.50,25207.50,25176.50,"Candidate","Waiting","WaitingReclaimOrBreakPrevLow"
"OPF-20260725-151220","20260211-1055-BEAR-PB-001247-Z001236","2026-02-11T11:05:00.0000000",1249,25228.00,25233.25,25219.00,25222.75,25206.75,25211.25,4.50,25229.00,25205.50,"Candidate","Waiting","WaitingReclaimOrBreakPrevLow"
"OPF-20260725-151220","20260211-1055-BEAR-PB-001247-Z001236","2026-02-11T11:05:00.0000000",1249,25228.00,25233.25,25219.00,25222.75,25206.75,25211.25,4.50,25229.00,25205.50,"Skipped","Expired","NoSecondConfirmExpired"
"OPF-20260725-151220","20260211-1105-BULL-OBS-001249-Z001249","2026-02-11T11:10:00.0000000",1250,25223.25,25224.75,25215.25,25216.25,25207.50,25219.00,11.50,25233.25,25219.00,"ObservationConfirm","Waiting","WaitingReclaimOrBreakPrevHigh"
"OPF-20260725-151220","20260211-1110-BULL-OBS-001250-Z001249","2026-02-11T11:15:00.0000000",1251,25216.50,25237.50,25215.25,25233.50,25207.50,25219.00,11.50,25224.75,25215.25,"ObservationConfirm","Confirmed","ReclaimZoneHigh"
"OPF-20260725-151220","20260211-1105-BULL-OBS-001249-Z001249","2026-02-11T11:15:00.0000000",1251,25216.50,25237.50,25215.25,25233.50,25207.50,25219.00,11.50,25224.75,25215.25,"ObservationConfirm","Confirmed","ReclaimZoneHigh"
"OPF-20260725-151220","20260211-1120-BULL-OBS-001252-Z001252","2026-02-11T11:25:00.0000000",1253,25235.75,25248.50,25233.50,25248.25,25224.75,25230.50,5.75,25242.50,25230.50,"ObservationConfirm","Confirmed","ReclaimZoneHigh"
"OPF-20260725-151220","20260211-1140-BEAR-OBS-001256-Z001256","2026-02-11T11:45:00.0000000",1257,25222.00,25236.75,25213.50,25225.75,25239.50,25241.50,2.00,25239.50,25213.50,"ObservationConfirm","Confirmed","ReclaimZoneLow"
"OPF-20260725-151220","20260211-1210-BULL-OBS-001262-Z001262","2026-02-11T12:15:00.0000000",1263,25273.75,25274.50,25251.25,25252.00,25251.50,25254.50,3.00,25276.75,25254.50,"ObservationConfirm","Waiting","WaitingReclaimOrBreakPrevHigh"
"OPF-20260725-151220","20260211-1215-BULL-OBS-001263-Z001262","2026-02-11T12:20:00.0000000",1264,25252.00,25269.50,25251.75,25266.00,25251.50,25254.50,3.00,25274.50,25251.25,"ObservationConfirm","Confirmed","ReclaimZoneHigh"
"OPF-20260725-151220","20260211-1210-BULL-OBS-001262-Z001262","2026-02-11T12:20:00.0000000",1264,25252.00,25269.50,25251.75,25266.00,25251.50,25254.50,3.00,25274.50,25251.25,"ObservationConfirm","Confirmed","ReclaimZoneHigh"
"OPF-20260725-151220","20260211-1410-BEAR-OBS-001286-Z001286","2026-02-11T14:15:00.0000000",1287,25419.50,25423.25,25408.00,25412.50,25422.75,25425.50,2.75,25422.75,25410.00,"ObservationConfirm","Confirmed","ReclaimZoneLow"
"OPF-20260725-151220","20260211-1415-BEAR-OBS-001287-Z001286","2026-02-11T14:20:00.0000000",1288,25412.75,25417.25,25407.50,25415.25,25422.75,25425.50,2.75,25423.25,25408.00,"ObservationConfirm","Confirmed","ReclaimZoneLow"
"OPF-20260725-151220","20260211-1615-BULL-OBS-001311-Z001311","2026-02-11T16:20:00.0000000",1312,25248.75,25275.25,25238.25,25265.75,25220.25,25222.00,1.75,25261.75,25222.00,"ObservationConfirm","Confirmed","ReclaimZoneHigh"
"OPF-20260725-151220","20260211-1630-BEAR-OBS-001314-Z001314","2026-02-11T16:35:00.0000000",1315,25203.25,25226.00,25179.25,25225.75,25228.00,25238.25,10.25,25228.00,25175.00,"ObservationConfirm","Confirmed","ReclaimZoneLow"
"OPF-20260725-151220","20260211-1640-BEAR-OBS-001316-Z001314","2026-02-11T16:45:00.0000000",1317,25229.25,25241.75,25195.00,25204.00,25228.00,25238.25,10.25,25256.50,25214.75,"ObservationConfirm","Confirmed","ReclaimZoneLow"
"OPF-20260725-151220","20260211-1710-BULL-OBS-001322-Z001322","2026-02-11T17:15:00.0000000",1323,25212.50,25245.50,25198.00,25220.00,25184.00,25190.00,6.00,25224.25,25190.00,"ObservationConfirm","Confirmed","ReclaimZoneHigh"
"OPF-20260725-151220","20260211-1725-BULL-OBS-001325-Z001325","2026-02-11T17:30:00.0000000",1326,25289.75,25293.75,25271.75,25277.75,25245.50,25253.75,8.25,25297.00,25253.75,"ObservationConfirm","Confirmed","ReclaimZoneHigh"
"OPF-20260725-151220","20260211-1745-BULL-OBS-001329-Z001329","2026-02-11T17:50:00.0000000",1330,25303.00,25325.00,25291.50,25305.25,25282.00,25283.50,1.50,25309.50,25283.50,"ObservationConfirm","Confirmed","ReclaimZoneHigh"
"OPF-20260725-151220","20260211-1810-BEAR-OBS-001334-Z001334","2026-02-11T18:15:00.0000000",1335,25210.50,25256.50,25200.75,25238.75,25231.00,25242.00,11.00,25231.00,25205.00,"ObservationConfirm","Waiting","WaitingReclaimOrBreakPrevLow"
"OPF-20260725-151220","20260211-1925-BULL-OBS-001349-Z001349","2026-02-11T19:30:00.0000000",1350,25349.00,25351.25,25328.25,25344.25,25329.75,25339.75,10.00,25360.75,25339.75,"ObservationConfirm","Confirmed","ReclaimZoneHigh"
"OPF-20260725-151220","20260211-1930-BULL-OBS-001350-Z001349","2026-02-11T19:35:00.0000000",1351,25344.50,25356.50,25337.50,25337.50,25329.75,25339.75,10.00,25351.25,25328.25,"ObservationConfirm","Waiting","WaitingReclaimOrBreakPrevHigh"
"OPF-20260725-151220","20260211-1930-BULL-OBS-001350-Z001349","2026-02-11T19:40:00.0000000",1352,25337.25,25343.75,25327.75,25341.75,25329.75,25339.75,10.00,25356.50,25337.50,"ObservationConfirm","Confirmed","ReclaimZoneHigh"
"OPF-20260725-151220","20260211-2025-BEAR-OBS-001361-Z001361","2026-02-11T20:30:00.0000000",1362,25284.75,25291.50,25272.00,25278.25,25301.50,25303.50,2.00,25301.50,25283.75,"ObservationConfirm","Confirmed","ReclaimZoneLow"
"OPF-20260725-151220","20260211-2040-BULL-OBS-001364-Z001364","2026-02-11T20:45:00.0000000",1365,25304.75,25321.75,25302.25,25317.00,25291.50,25299.75,8.25,25320.00,25299.75,"ObservationConfirm","Confirmed","ReclaimZoneHigh"
