SnapshotID,Time,Bar,Open,High,Low,Close,Regime,ZoneID,ZoneType,ZoneDirection,ZoneLow,ZoneHigh,ZoneWidth,CreatedBar,ZoneFreshness,TouchCount,Mitigated,Result,Reason,PullbackEpisodeID,PullbackCountInRegime,PullbackStartBar,PullbackStatus
"OPF-20260725-151655","2026-05-04T22:35:00.0000000",1111,27775.00,27775.75,27768.75,27770.00,"Unknown","20260504-2235-BearFVG-001111","BearFVG","Bear",27775.75,27776.50,0.75,1111,"Fresh",0,False,"Skipped","ZoneJustCreated","",0,0,""
"OPF-20260725-151655","2026-05-04T22:45:00.0000000",1113,27763.75,27764.50,27756.00,27756.00,"Unknown","20260504-2245-BearFVG-001113","BearFVG","Bear",27764.50,27768.75,4.25,1113,"Fresh",0,False,"Skipped","ZoneJustCreated","",0,0,""
"OPF-20260725-151655","2026-05-04T22:50:00.0000000",1114,27755.75,27755.75,27741.25,27748.00,"Unknown","20260504-2250-BearFVG-001114","BearFVG","Bear",27755.75,27763.25,7.50,1114,"Fresh",0,False,"Skipped","ZoneJustCreated","",0,0,""
"OPF-20260725-151655","2026-05-04T22:55:00.0000000",1115,27747.75,27754.50,27746.25,27753.00,"Unknown","20260504-2255-BearFVG-001115","BearFVG","Bear",27754.50,27756.00,1.50,1115,"Fresh",0,False,"Skipped","ZoneJustCreated","",0,0,""
"OPF-20260725-151655","2026-05-04T23:10:00.0000000",1118,27747.75,27762.25,27741.25,27758.75,"Unknown","20260504-2250-BearFVG-001114","BearFVG","Bear",27755.75,27763.25,7.50,1114,"SecondTouch",1,True,"Skipped","RegimeUnknown","",0,0,""
"OPF-20260725-151655","2026-05-04T23:15:00.0000000",1119,27758.75,27763.50,27751.50,27755.00,"Unknown","20260504-2250-BearFVG-001114","BearFVG","Bear",27755.75,27763.25,7.50,1114,"ThirdTouch",2,True,"Skipped","RegimeUnknown","",0,0,""
"OPF-20260725-151655","2026-05-04T23:15:00.0000000",1119,27758.75,27763.50,27751.50,27755.00,"Unknown","20260504-2315-BullFVG-001119","BullFVG","Bull",27750.50,27751.50,1.00,1119,"Fresh",0,False,"Skipped","ZoneJustCreated","",0,0,""
"OPF-20260725-151655","2026-05-04T23:20:00.0000000",1120,27755.00,27760.00,27747.00,27751.25,"Unknown","20260504-2250-BearFVG-001114","BearFVG","Bear",27755.75,27763.25,7.50,1114,"Mitigated",3,True,"Skipped","RegimeUnknown","",0,0,""
"OPF-20260725-151655","2026-05-04T23:20:00.0000000",1120,27755.00,27760.00,27747.00,27751.25,"Unknown","20260504-2315-BullFVG-001119","BullFVG","Bull",27750.50,27751.50,1.00,1119,"SecondTouch",1,True,"Skipped","RegimeUnknown","",0,0,""
"OPF-20260725-151655","2026-05-04T23:25:00.0000000",1121,27751.75,27754.00,27745.75,27754.00,"Unknown","20260504-2315-BullFVG-001119","BullFVG","Bull",27750.50,27751.50,1.00,1119,"ThirdTouch",2,True,"Skipped","RegimeUnknown","",0,0,""
"OPF-20260725-151655","2026-05-04T23:30:00.0000000",1122,27752.75,27760.25,27745.00,27752.25,"Unknown","20260504-2250-BearFVG-001114","BearFVG","Bear",27755.75,27763.25,7.50,1114,"Mitigated",4,True,"Skipped","RegimeUnknown","",0,0,""
"OPF-20260725-151655","2026-05-04T23:30:00.0000000",1122,27752.75,27760.25,27745.00,27752.25,"Unknown","20260504-2315-BullFVG-001119","BullFVG","Bull",27750.50,27751.50,1.00,1119,"Mitigated",3,True,"Skipped","RegimeUnknown","",0,0,""
"OPF-20260725-151655","2026-05-04T23:35:00.0000000",1123,27753.00,27758.50,27751.50,27756.50,"Unknown","20260504-2250-BearFVG-001114","BearFVG","Bear",27755.75,27763.25,7.50,1114,"Mitigated",5,True,"Skipped","RegimeUnknown","",0,0,""
"OPF-20260725-151655","2026-05-04T23:35:00.0000000",1123,27753.00,27758.50,27751.50,27756.50,"Unknown","20260504-2315-BullFVG-001119","BullFVG","Bull",27750.50,27751.50,1.00,1119,"Mitigated",4,True,"Skipped","RegimeUnknown","",0,0,""
"OPF-20260725-151655","2026-05-04T23:40:00.0000000",1124,27756.75,27757.00,27744.00,27746.00,"Unknown","20260504-2250-BearFVG-001114","BearFVG","Bear",27755.75,27763.25,7.50,1114,"Mitigated",6,True,"Skipped","RegimeUnknown","",0,0,""
"OPF-20260725-151655","2026-05-04T23:45:00.0000000",1125,27746.00,27749.75,27742.00,27746.75,"Unknown","20260504-2345-BearFVG-001125","BearFVG","Bear",27749.75,27751.50,1.75,1125,"Fresh",0,False,"Skipped","ZoneJustCreated","",0,0,""
"OPF-20260725-151655","2026-05-04T23:55:00.0000000",1127,27738.25,27754.25,27735.75,27746.00,"Unknown","20260504-2345-BearFVG-001125","BearFVG","Bear",27749.75,27751.50,1.75,1125,"SecondTouch",1,True,"Skipped","RegimeUnknown","",0,0,""
"OPF-20260725-151655","2026-05-05T00:20:00.0000000",1132,27761.50,27763.75,27743.00,27751.50,"Unknown","20260505-0020-BearFVG-001132","BearFVG","Bear",27763.75,27772.25,8.50,1132,"Fresh",0,False,"Skipped","ZoneJustCreated","",0,0,""
"OPF-20260725-151655","2026-05-05T00:30:00.0000000",1134,27753.75,27766.25,27750.75,27765.25,"Unknown","20260505-0020-BearFVG-001132","BearFVG","Bear",27763.75,27772.25,8.50,1132,"SecondTouch",1,False,"Skipped","RegimeUnknown","",0,0,""
"OPF-20260725-151655","2026-05-05T00:35:00.0000000",1135,27764.75,27779.00,27759.25,27771.50,"Unknown","20260505-0020-BearFVG-001132","BearFVG","Bear",27763.75,27772.25,8.50,1132,"ThirdTouch",2,True,"Skipped","RegimeUnknown","",0,0,""
"OPF-20260725-151655","2026-05-05T00:35:00.0000000",1135,27764.75,27779.00,27759.25,27771.50,"Unknown","20260505-0035-BullFVG-001135","BullFVG","Bull",27754.25,27759.25,5.00,1135,"Fresh",0,False,"Skipped","ZoneJustCreated","",0,0,""
"OPF-20260725-151655","2026-05-05T00:40:00.0000000",1136,27772.00,27773.50,27751.00,27758.50,"Unknown","20260505-0020-BearFVG-001132","BearFVG","Bear",27763.75,27772.25,8.50,1132,"Mitigated",3,True,"Skipped","RegimeUnknown","",0,0,""
"OPF-20260725-151655","2026-05-05T00:40:00.0000000",1136,27772.00,27773.50,27751.00,27758.50,"Unknown","20260505-0035-BullFVG-001135","BullFVG","Bull",27754.25,27759.25,5.00,1135,"SecondTouch",1,True,"Skipped","RegimeUnknown","",0,0,""
"OPF-20260725-151655","2026-05-05T00:45:00.0000000",1137,27758.75,27774.75,27758.00,27773.75,"Unknown","20260505-0035-BullFVG-001135","BullFVG","Bull",27754.25,27759.25,5.00,1135,"ThirdTouch",2,True,"Skipped","RegimeUnknown","",0,0,""
"OPF-20260725-151655","2026-05-05T00:55:00.0000000",1139,27791.50,27793.50,27783.00,27784.25,"Unknown","20260505-0055-BullFVG-001139","BullFVG","Bull",27774.75,27783.00,8.25,1139,"Fresh",0,False,"Skipped","ZoneJustCreated","",0,0,""
"OPF-20260725-151655","2026-05-05T01:00:00.0000000",1140,27784.50,27787.25,27768.00,27780.00,"Unknown","20260505-0055-BullFVG-001139","BullFVG","Bull",27774.75,27783.00,8.25,1139,"SecondTouch",1,True,"Skipped","RegimeUnknown","",0,0,""
"OPF-20260725-151655","2026-05-05T01:05:00.0000000",1141,27779.50,27790.50,27776.50,27784.50,"Unknown","20260505-0055-BullFVG-001139","BullFVG","Bull",27774.75,27783.00,8.25,1139,"ThirdTouch",2,True,"Skipped","RegimeUnknown","",0,0,""
"OPF-20260725-151655","2026-05-05T01:10:00.0000000",1142,27785.00,27807.25,27782.75,27800.25,"Unknown","20260505-0055-BullFVG-001139","BullFVG","Bull",27774.75,27783.00,8.25,1139,"Mitigated",3,True,"Skipped","RegimeUnknown","",0,0,""
"OPF-20260725-151655","2026-05-05T01:15:00.0000000",1143,27800.00,27814.50,27799.50,27810.75,"Unknown","20260505-0115-BullFVG-001143","BullFVG","Bull",27790.50,27799.50,9.00,1143,"Fresh",0,False,"Skipped","ZoneJustCreated","",0,0,""
"OPF-20260725-151655","2026-05-05T01:25:00.0000000",1145,27809.50,27809.75,27796.50,27802.50,"BullTrend","20260505-0115-BullFVG-001143","BullFVG","Bull",27790.50,27799.50,9.00,1143,"SecondTouch",1,False,"Candidate","WaitSecondConfirm","20260505-0125-BULL-PB-01",1,1145,"Active"
"OPF-20260725-151655","2026-05-05T01:30:00.0000000",1146,27802.75,27807.75,27791.00,27796.25,"Unknown","20260505-0115-BullFVG-001143","BullFVG","Bull",27790.50,27799.50,9.00,1143,"ThirdTouch",2,True,"Skipped","RegimeUnknown","",0,0,""
"OPF-20260725-151655","2026-05-05T01:35:00.0000000",1147,27796.75,27833.00,27796.50,27813.75,"Unknown","20260505-0115-BullFVG-001143","BullFVG","Bull",27790.50,27799.50,9.00,1143,"Mitigated",3,True,"Skipped","RegimeUnknown","",0,0,""
"OPF-20260725-151655","2026-05-05T02:15:00.0000000",1155,27811.75,27817.25,27810.00,27814.00,"Unknown","20260505-0215-BearFVG-001155","BearFVG","Bear",27817.25,27817.75,0.50,1155,"Fresh",0,False,"Skipped","ZoneJustCreated","",0,0,""
"OPF-20260725-151655","2026-05-05T02:25:00.0000000",1157,27822.00,27834.00,27820.50,27831.50,"Unknown","20260505-0225-BullFVG-001157","BullFVG","Bull",27817.25,27820.50,3.25,1157,"Fresh",0,False,"Skipped","ZoneJustCreated","",0,0,""
"OPF-20260725-151655","2026-05-05T02:30:00.0000000",1158,27831.50,27838.25,27829.25,27836.75,"Unknown","20260505-0230-BullFVG-001158","BullFVG","Bull",27822.00,27829.25,7.25,1158,"Fresh",0,False,"Skipped","ZoneJustCreated","",0,0,""
"OPF-20260725-151655","2026-05-05T02:35:00.0000000",1159,27836.75,27840.75,27829.25,27840.00,"Unknown","20260505-0230-BullFVG-001158","BullFVG","Bull",27822.00,27829.25,7.25,1158,"SecondTouch",1,False,"Skipped","RegimeUnknown","",0,0,""
"OPF-20260725-151655","2026-05-05T03:05:00.0000000",1165,27820.25,27828.00,27819.25,27826.00,"Unknown","20260505-0305-BullFVG-001165","BullFVG","Bull",27817.25,27819.25,2.00,1165,"Fresh",0,False,"Skipped","ZoneJustCreated","",0,0,""
"OPF-20260725-151655","2026-05-05T03:10:00.0000000",1166,27826.00,27834.75,27825.25,27831.50,"Unknown","20260505-0310-BullFVG-001166","BullFVG","Bull",27820.00,27825.25,5.25,1166,"Fresh",0,False,"Skipped","ZoneJustCreated","",0,0,""
"OPF-20260725-151655","2026-05-05T03:30:00.0000000",1170,27841.25,27842.00,27835.75,27838.00,"Unknown","20260505-0330-BullFVG-001170","BullFVG","Bull",27833.00,27835.75,2.75,1170,"Fresh",0,False,"Skipped","ZoneJustCreated","",0,0,""
"OPF-20260725-151655","2026-05-05T03:35:00.0000000",1171,27838.25,27842.75,27834.50,27839.75,"Unknown","20260505-0330-BullFVG-001170","BullFVG","Bull",27833.00,27835.75,2.75,1170,"SecondTouch",1,False,"Skipped","RegimeUnknown","",0,0,""
"OPF-20260725-151655","2026-05-05T03:45:00.0000000",1173,27837.50,27845.50,27835.75,27844.00,"Unknown","20260505-0330-BullFVG-001170","BullFVG","Bull",27833.00,27835.75,2.75,1170,"ThirdTouch",2,False,"Skipped","RegimeUnknown","",0,0,""
"OPF-20260725-151655","2026-05-05T04:05:00.0000000",1177,27853.25,27856.00,27847.25,27847.50,"Unknown","20260505-0405-BullFVG-001177","BullFVG","Bull",27843.00,27847.25,4.25,1177,"Fresh",0,False,"Skipped","ZoneJustCreated","",0,0,""
"OPF-20260725-151655","2026-05-05T04:10:00.0000000",1178,27847.25,27850.75,27844.75,27845.50,"Unknown","20260505-0405-BullFVG-001177","BullFVG","Bull",27843.00,27847.25,4.25,1177,"SecondTouch",1,True,"Skipped","RegimeUnknown","",0,0,""
"OPF-20260725-151655","2026-05-05T04:15:00.0000000",1179,27846.00,27846.25,27834.75,27841.50,"Unknown","20260505-0330-BullFVG-001170","BullFVG","Bull",27833.00,27835.75,2.75,1170,"Mitigated",3,False,"Skipped","RegimeUnknown","",0,0,""
"OPF-20260725-151655","2026-05-05T04:15:00.0000000",1179,27846.00,27846.25,27834.75,27841.50,"Unknown","20260505-0415-BearFVG-001179","BearFVG","Bear",27846.25,27847.25,1.00,1179,"Fresh",0,False,"Skipped","ZoneJustCreated","",0,0,""
"OPF-20260725-151655","2026-05-05T04:30:00.0000000",1182,27838.50,27840.50,27831.75,27835.00,"Unknown","20260505-0330-BullFVG-001170","BullFVG","Bull",27833.00,27835.75,2.75,1170,"Mitigated",4,True,"Skipped","RegimeUnknown","",0,0,""
"OPF-20260725-151655","2026-05-05T04:35:00.0000000",1183,27835.25,27836.25,27830.75,27833.00,"Unknown","20260505-0330-BullFVG-001170","BullFVG","Bull",27833.00,27835.75,2.75,1170,"Mitigated",5,True,"Skipped","RegimeUnknown","",0,0,""
"OPF-20260725-151655","2026-05-05T04:40:00.0000000",1184,27832.75,27836.50,27830.25,27834.00,"Unknown","20260505-0330-BullFVG-001170","BullFVG","Bull",27833.00,27835.75,2.75,1170,"Mitigated",6,True,"Skipped","RegimeUnknown","",0,0,""
"OPF-20260725-151655","2026-05-05T04:45:00.0000000",1185,27833.75,27850.00,27833.00,27848.50,"Unknown","20260505-0330-BullFVG-001170","BullFVG","Bull",27833.00,27835.75,2.75,1170,"Mitigated",7,True,"Skipped","RegimeUnknown","",0,0,""
"OPF-20260725-151655","2026-05-05T04:50:00.0000000",1186,27848.50,27852.00,27841.00,27842.25,"Unknown","20260505-0450-BullFVG-001186","BullFVG","Bull",27836.50,27841.00,4.50,1186,"Fresh",0,False,"Skipped","ZoneJustCreated","",0,0,""
"OPF-20260725-151655","2026-05-05T05:00:00.0000000",1188,27827.25,27837.25,27819.75,27832.00,"Unknown","20260505-0310-BullFVG-001166","BullFVG","Bull",27820.00,27825.25,5.25,1166,"SecondTouch",1,True,"Skipped","RegimeUnknown","",0,0,""
"OPF-20260725-151655","2026-05-05T05:00:00.0000000",1188,27827.25,27837.25,27819.75,27832.00,"Unknown","20260505-0500-BearFVG-001188","BearFVG","Bear",27837.25,27841.00,3.75,1188,"Fresh",0,False,"Skipped","ZoneJustCreated","",0,0,""
"OPF-20260725-151655","2026-05-05T05:05:00.0000000",1189,27832.75,27838.00,27830.25,27831.50,"Unknown","20260505-0500-BearFVG-001188","BearFVG","Bear",27837.25,27841.00,3.75,1188,"SecondTouch",1,False,"Skipped","RegimeUnknown","",0,0,""
"OPF-20260725-151655","2026-05-05T05:20:00.0000000",1192,27842.75,27846.00,27839.25,27846.00,"Unknown","20260505-0520-BullFVG-001192","BullFVG","Bull",27837.00,27839.25,2.25,1192,"Fresh",0,False,"Skipped","ZoneJustCreated","",0,0,""
"OPF-20260725-151655","2026-05-05T05:30:00.0000000",1194,27836.00,27848.75,27825.00,27847.50,"Unknown","20260505-0310-BullFVG-001166","BullFVG","Bull",27820.00,27825.25,5.25,1166,"ThirdTouch",2,True,"Skipped","RegimeUnknown","",0,0,""
"OPF-20260725-151655","2026-05-05T06:15:00.0000000",1203,27844.25,27847.00,27824.75,27834.50,"Unknown","20260505-0310-BullFVG-001166","BullFVG","Bull",27820.00,27825.25,5.25,1166,"Mitigated",3,True,"Skipped","RegimeUnknown","",0,0,""
"OPF-20260725-151655","2026-05-05T06:20:00.0000000",1204,27834.25,27836.50,27818.50,27821.50,"Unknown","20260505-0305-BullFVG-001165","BullFVG","Bull",27817.25,27819.25,2.00,1165,"SecondTouch",1,False,"Skipped","RegimeUnknown","",0,0,""
"OPF-20260725-151655","2026-05-05T06:20:00.0000000",1204,27834.25,27836.50,27818.50,27821.50,"Unknown","20260505-0310-BullFVG-001166","BullFVG","Bull",27820.00,27825.25,5.25,1166,"Mitigated",4,True,"Skipped","RegimeUnknown","",0,0,""
"OPF-20260725-151655","2026-05-05T06:20:00.0000000",1204,27834.25,27836.50,27818.50,27821.50,"Unknown","20260505-0620-BearFVG-001204","BearFVG","Bear",27836.50,27839.25,2.75,1204,"Fresh",0,False,"Skipped","ZoneJustCreated","",0,0,""
"OPF-20260725-151655","2026-05-05T06:25:00.0000000",1205,27821.25,27836.00,27820.25,27829.75,"Unknown","20260505-0310-BullFVG-001166","BullFVG","Bull",27820.00,27825.25,5.25,1166,"Mitigated",5,True,"Skipped","RegimeUnknown","",0,0,""
"OPF-20260725-151655","2026-05-05T06:40:00.0000000",1208,27864.00,27871.25,27857.50,27865.25,"Unknown","20260505-0640-BullFVG-001208","BullFVG","Bull",27853.75,27857.50,3.75,1208,"Fresh",0,False,"Skipped","ZoneJustCreated","",0,0,""
"OPF-20260725-151655","2026-05-05T06:55:00.0000000",1211,27880.00,27887.50,27874.75,27880.00,"Unknown","20260505-0655-BullFVG-001211","BullFVG","Bull",27867.75,27874.75,7.00,1211,"Fresh",0,False,"Skipped","ZoneJustCreated","",0,0,""
"OPF-20260725-151655","2026-05-05T07:00:00.0000000",1212,27880.50,27900.50,27874.25,27893.75,"Unknown","20260505-0655-BullFVG-001211","BullFVG","Bull",27867.75,27874.75,7.00,1211,"SecondTouch",1,False,"Skipped","RegimeUnknown","",0,0,""
"OPF-20260725-151655","2026-05-05T07:40:00.0000000",1220,27913.75,27926.50,27896.75,27896.75,"Unknown","20260505-0740-BullFVG-001220","BullFVG","Bull",27894.25,27896.75,2.50,1220,"Fresh",0,False,"Skipped","ZoneJustCreated","",0,0,""
"OPF-20260725-151655","2026-05-05T07:50:00.0000000",1222,27883.50,27889.50,27878.00,27881.75,"BullTrend","20260505-0750-BearFVG-001222","BearFVG","Bear",27889.50,27896.75,7.25,1222,"Fresh",0,False,"Skipped","ZoneJustCreated","",0,0,""
"OPF-20260725-151655","2026-05-05T08:10:00.0000000",1226,27906.00,27934.25,27905.75,27927.50,"Unknown","20260505-0810-BullFVG-001226","BullFVG","Bull",27901.25,27905.75,4.50,1226,"Fresh",0,False,"Skipped","ZoneJustCreated","",0,0,""
"OPF-20260725-151655","2026-05-05T08:15:00.0000000",1227,27926.50,27931.75,27918.00,27922.50,"Unknown","20260505-0815-BullFVG-001227","BullFVG","Bull",27911.50,27918.00,6.50,1227,"Fresh",0,False,"Skipped","ZoneJustCreated","",0,0,""
"OPF-20260725-151655","2026-05-05T08:30:00.0000000",1230,27918.75,27924.50,27911.75,27922.50,"Unknown","20260505-0815-BullFVG-001227","BullFVG","Bull",27911.50,27918.00,6.50,1227,"SecondTouch",1,True,"Skipped","RegimeUnknown","",0,0,""
"OPF-20260725-151655","2026-05-05T09:00:00.0000000",1236,27928.50,27930.50,27916.75,27922.75,"BullTrend","20260505-0815-BullFVG-001227","BullFVG","Bull",27911.50,27918.00,6.50,1227,"ThirdTouch",2,True,"Skipped","ZoneMitigated","20260505-0900-BULL-PB-01",1,1236,"Active"
"OPF-20260725-151655","2026-05-05T09:05:00.0000000",1237,27922.25,27937.00,27908.50,27931.75,"BullTrend","20260505-0815-BullFVG-001227","BullFVG","Bull",27911.50,27918.00,6.50,1227,"Mitigated",3,True,"Skipped","ZoneMitigated","20260505-0900-BULL-PB-01",1,1236,"Active"
"OPF-20260725-151655","2026-05-05T09:15:00.0000000",1239,27926.00,27930.50,27918.00,27922.00,"Unknown","20260505-0815-BullFVG-001227","BullFVG","Bull",27911.50,27918.00,6.50,1227,"Mitigated",4,True,"Skipped","RegimeUnknown","",0,0,""
"OPF-20260725-151655","2026-05-05T09:20:00.0000000",1240,27922.25,27926.75,27914.50,27925.75,"Unknown","20260505-0815-BullFVG-001227","BullFVG","Bull",27911.50,27918.00,6.50,1227,"Mitigated",5,True,"Skipped","RegimeUnknown","",0,0,""
"OPF-20260725-151655","2026-05-05T09:30:00.0000000",1242,27929.50,27948.50,27928.25,27942.25,"Unknown","20260505-0930-BullFVG-001242","BullFVG","Bull",27926.75,27928.25,1.50,1242,"Fresh",0,False,"Skipped","ZoneJustCreated","",0,0,""
"OPF-20260725-151655","2026-05-05T09:55:00.0000000",1247,27932.00,27936.50,27929.25,27935.50,"Unknown","20260505-0955-BearFVG-001247","BearFVG","Bear",27936.50,27937.25,0.75,1247,"Fresh",0,False,"Skipped","ZoneJustCreated","",0,0,""
"OPF-20260725-151655","2026-05-05T10:00:00.0000000",1248,27936.50,27938.50,27929.00,27932.00,"Unknown","20260505-0955-BearFVG-001247","BearFVG","Bear",27936.50,27937.25,0.75,1247,"SecondTouch",1,True,"Skipped","RegimeUnknown","",0,0,""
"OPF-20260725-151655","2026-05-05T10:10:00.0000000",1250,27924.50,27945.25,27922.25,27935.75,"Unknown","20260505-0955-BearFVG-001247","BearFVG","Bear",27936.50,27937.25,0.75,1247,"ThirdTouch",2,True,"Skipped","RegimeUnknown","",0,0,""
"OPF-20260725-151655","2026-05-05T10:15:00.0000000",1251,27935.00,27941.00,27927.00,27932.00,"Unknown","20260505-0955-BearFVG-001247","BearFVG","Bear",27936.50,27937.25,0.75,1247,"Mitigated",3,True,"Skipped","RegimeUnknown","",0,0,""
"OPF-20260725-151655","2026-05-05T10:20:00.0000000",1252,27932.50,27940.75,27931.75,27936.50,"Unknown","20260505-0955-BearFVG-001247","BearFVG","Bear",27936.50,27937.25,0.75,1247,"Mitigated",4,True,"Skipped","RegimeUnknown","",0,0,""
"OPF-20260725-151655","2026-05-05T10:45:00.0000000",1257,27932.50,27939.00,27928.00,27935.75,"Unknown","20260505-1045-BearFVG-001257","BearFVG","Bear",27939.00,27944.00,5.00,1257,"Fresh",0,False,"Skipped","ZoneJustCreated","",0,0,""
"OPF-20260725-151655","2026-05-05T11:00:00.0000000",1260,27934.50,27939.50,27906.00,27908.25,"Unknown","20260505-1045-BearFVG-001257","BearFVG","Bear",27939.00,27944.00,5.00,1257,"SecondTouch",1,False,"Skipped","RegimeUnknown","",0,0,""
"OPF-20260725-151655","2026-05-05T11:15:00.0000000",1263,27914.00,27921.50,27899.75,27904.25,"Unknown","20260505-0810-BullFVG-001226","BullFVG","Bull",27901.25,27905.75,4.50,1226,"SecondTouch",1,True,"Skipped","RegimeUnknown","",0,0,""
"OPF-20260725-151655","2026-05-05T11:20:00.0000000",1264,27904.75,27914.00,27901.75,27914.00,"Unknown","20260505-0810-BullFVG-001226","BullFVG","Bull",27901.25,27905.75,4.50,1226,"ThirdTouch",2,True,"Skipped","RegimeUnknown","",0,0,""
"OPF-20260725-151655","2026-05-05T11:30:00.0000000",1266,27927.75,27940.75,27927.00,27934.00,"Unknown","20260505-1045-BearFVG-001257","BearFVG","Bear",27939.00,27944.00,5.00,1257,"ThirdTouch",2,False,"Skipped","RegimeUnknown","",0,0,""
"OPF-20260725-151655","2026-05-05T11:35:00.0000000",1267,27933.50,27943.25,27931.50,27938.50,"Unknown","20260505-1045-BearFVG-001257","BearFVG","Bear",27939.00,27944.00,5.00,1257,"Mitigated",3,True,"Skipped","RegimeUnknown","",0,0,""
"OPF-20260725-151655","2026-05-05T11:40:00.0000000",1268,27938.50,27945.50,27935.00,27939.00,"Unknown","20260505-1045-BearFVG-001257","BearFVG","Bear",27939.00,27944.00,5.00,1257,"Mitigated",4,True,"Skipped","RegimeUnknown","",0,0,""
"OPF-20260725-151655","2026-05-05T13:05:00.0000000",1285,27988.50,28005.75,27988.50,27996.75,"Unknown","20260505-1305-BullFVG-001285","BullFVG","Bull",27982.75,27988.50,5.75,1285,"Fresh",0,False,"Skipped","ZoneJustCreated","",0,0,""
"OPF-20260725-151655","2026-05-05T13:10:00.0000000",1286,27997.50,28001.50,27986.75,27991.25,"Unknown","20260505-1305-BullFVG-001285","BullFVG","Bull",27982.75,27988.50,5.75,1285,"SecondTouch",1,False,"Skipped","RegimeUnknown","",0,0,""
"OPF-20260725-151655","2026-05-05T13:15:00.0000000",1287,27990.50,27992.00,27978.75,27983.00,"Unknown","20260505-1305-BullFVG-001285","BullFVG","Bull",27982.75,27988.50,5.75,1285,"ThirdTouch",2,True,"Skipped","RegimeUnknown","",0,0,""
"OPF-20260725-151655","2026-05-05T13:40:00.0000000",1292,28046.00,28083.75,28042.50,28077.75,"Unknown","20260505-1340-BullFVG-001292","BullFVG","Bull",28031.00,28042.50,11.50,1292,"Fresh",0,False,"Skipped","ZoneJustCreated","",0,0,""
"OPF-20260725-151655","2026-05-05T13:45:00.0000000",1293,28082.25,28102.75,28070.00,28075.00,"Unknown","20260505-1345-BullFVG-001293","BullFVG","Bull",28060.50,28070.00,9.50,1293,"Fresh",0,False,"Skipped","ZoneJustCreated","",0,0,""
"OPF-20260725-151655","2026-05-05T13:50:00.0000000",1294,28074.50,28112.00,28067.00,28069.75,"Unknown","20260505-1345-BullFVG-001293","BullFVG","Bull",28060.50,28070.00,9.50,1293,"SecondTouch",1,False,"Skipped","RegimeUnknown","",0,0,""
"OPF-20260725-151655","2026-05-05T13:55:00.0000000",1295,28070.00,28097.00,28064.75,28080.50,"Unknown","20260505-1345-BullFVG-001293","BullFVG","Bull",28060.50,28070.00,9.50,1293,"ThirdTouch",2,True,"Skipped","RegimeUnknown","",0,0,""
"OPF-20260725-151655","2026-05-05T14:00:00.0000000",1296,28087.00,28104.00,28058.25,28098.75,"BullTrend","20260505-1345-BullFVG-001293","BullFVG","Bull",28060.50,28070.00,9.50,1293,"Mitigated",3,True,"Skipped","ZoneMitigated","20260505-1400-BULL-PB-01",1,1296,"Active"
"OPF-20260725-151655","2026-05-05T14:15:00.0000000",1299,28055.00,28087.00,28032.25,28053.00,"Unknown","20260505-1340-BullFVG-001292","BullFVG","Bull",28031.00,28042.50,11.50,1292,"SecondTouch",1,True,"Skipped","RegimeUnknown","",0,0,""
"OPF-20260725-151655","2026-05-05T14:15:00.0000000",1299,28055.00,28087.00,28032.25,28053.00,"Unknown","20260505-1415-BearFVG-001299","BearFVG","Bear",28087.00,28088.75,1.75,1299,"Fresh",0,False,"Skipped","ZoneJustCreated","",0,0,""
"OPF-20260725-151655","2026-05-05T16:10:00.0000000",1322,28141.75,28155.00,28141.75,28147.50,"Unknown","20260505-1610-BullFVG-001322","BullFVG","Bull",28138.00,28141.75,3.75,1322,"Fresh",0,False,"Skipped","ZoneJustCreated","",0,0,""
"OPF-20260725-151655","2026-05-05T16:15:00.0000000",1323,28147.50,28150.00,28130.75,28138.75,"Unknown","20260505-1610-BullFVG-001322","BullFVG","Bull",28138.00,28141.75,3.75,1322,"SecondTouch",1,True,"Skipped","RegimeUnknown","",0,0,""
"OPF-20260725-151655","2026-05-05T16:50:00.0000000",1330,28122.50,28126.00,28113.50,28123.75,"BullTrend","20260505-1650-BullFVG-001330","BullFVG","Bull",28110.25,28113.50,3.25,1330,"Fresh",0,False,"Skipped","ZoneJustCreated","20260505-1650-BULL-PB-01",1,1330,"Active"
"OPF-20260725-151655","2026-05-05T17:05:00.0000000",1333,28128.50,28131.75,28111.50,28116.50,"BullTrend","20260505-1650-BullFVG-001330","BullFVG","Bull",28110.25,28113.50,3.25,1330,"Fresh",0,False,"Candidate","WaitSecondConfirm","20260505-1705-BULL-PB-01",1,1333,"Active"
"OPF-20260725-151655","2026-05-05T17:05:00.0000000",1333,28128.50,28131.75,28111.50,28116.50,"Unknown","20260505-1650-BullFVG-001330","BullFVG","Bull",28110.25,28113.50,3.25,1330,"SecondTouch",1,True,"Skipped","RegimeUnknown","",0,0,""
"OPF-20260725-151655","2026-05-05T17:10:00.0000000",1334,28116.50,28123.25,28107.75,28122.25,"Unknown","20260505-1650-BullFVG-001330","BullFVG","Bull",28110.25,28113.50,3.25,1330,"ThirdTouch",2,True,"Skipped","RegimeUnknown","",0,0,""
"OPF-20260725-151655","2026-05-05T17:20:00.0000000",1336,28137.00,28141.75,28125.00,28131.25,"Unknown","20260505-1720-BullFVG-001336","BullFVG","Bull",28123.25,28125.00,1.75,1336,"Fresh",0,False,"Skipped","ZoneJustCreated","",0,0,""
"OPF-20260725-151655","2026-05-05T17:55:00.0000000",1343,28162.00,28167.50,28157.75,28159.00,"Unknown","20260505-1755-BullFVG-001343","BullFVG","Bull",28154.75,28157.75,3.00,1343,"Fresh",0,False,"Skipped","ZoneJustCreated","",0,0,""
"OPF-20260725-151655","2026-05-05T18:00:00.0000000",1344,28159.25,28177.00,28156.50,28171.25,"Unknown","20260505-1755-BullFVG-001343","BullFVG","Bull",28154.75,28157.75,3.00,1343,"SecondTouch",1,False,"Skipped","RegimeUnknown","",0,0,""
"OPF-20260725-151655","2026-05-05T18:05:00.0000000",1345,28170.75,28179.25,28168.50,28171.00,"Unknown","20260505-1805-BullFVG-001345","BullFVG","Bull",28167.50,28168.50,1.00,1345,"Fresh",0,False,"Skipped","ZoneJustCreated","",0,0,""
"OPF-20260725-151655","2026-05-05T18:50:00.0000000",1354,28174.25,28178.75,28154.25,28161.25,"Unknown","20260505-1755-BullFVG-001343","BullFVG","Bull",28154.75,28157.75,3.00,1343,"ThirdTouch",2,True,"Skipped","RegimeUnknown","",0,0,""
"OPF-20260725-151655","2026-05-05T19:35:00.0000000",1363,28161.75,28167.50,28151.50,28163.00,"Unknown","20260505-1755-BullFVG-001343","BullFVG","Bull",28154.75,28157.75,3.00,1343,"Mitigated",3,True,"Skipped","RegimeUnknown","",0,0,""
"OPF-20260725-151655","2026-05-05T19:40:00.0000000",1364,28163.00,28168.50,28147.75,28158.75,"Unknown","20260505-1755-BullFVG-001343","BullFVG","Bull",28154.75,28157.75,3.00,1343,"Mitigated",4,True,"Skipped","RegimeUnknown","",0,0,""
"OPF-20260725-151655","2026-05-05T19:50:00.0000000",1366,28148.50,28148.50,28111.25,28119.75,"Unknown","20260505-1650-BullFVG-001330","BullFVG","Bull",28110.25,28113.50,3.25,1330,"Mitigated",3,True,"Skipped","RegimeUnknown","",0,0,""
"OPF-20260725-151655","2026-05-05T19:55:00.0000000",1367,28119.75,28139.50,28108.50,28134.75,"Unknown","20260505-1650-BullFVG-001330","BullFVG","Bull",28110.25,28113.50,3.25,1330,"Mitigated",4,True,"Skipped","RegimeUnknown","",0,0,""
"OPF-20260725-151655","2026-05-05T19:55:00.0000000",1367,28119.75,28139.50,28108.50,28134.75,"Unknown","20260505-1955-BearFVG-001367","BearFVG","Bear",28139.50,28146.00,6.50,1367,"Fresh",0,False,"Skipped","ZoneJustCreated","",0,0,""
"OPF-20260725-151655","2026-05-05T20:00:00.0000000",1368,28134.75,28148.00,28128.00,28145.75,"Unknown","20260505-1955-BearFVG-001367","BearFVG","Bear",28139.50,28146.00,6.50,1367,"SecondTouch",1,True,"Skipped","RegimeUnknown","",0,0,""
"OPF-20260725-151655","2026-05-05T20:15:00.0000000",1371,28155.25,28179.75,28104.75,28166.75,"Unknown","20260505-1650-BullFVG-001330","BullFVG","Bull",28110.25,28113.50,3.25,1330,"Mitigated",5,True,"Skipped","RegimeUnknown","",0,0,""
"OPF-20260725-151655","2026-05-05T20:20:00.0000000",1372,28167.25,28200.00,28158.25,28196.75,"Unknown","20260505-2020-BullFVG-001372","BullFVG","Bull",28157.75,28158.25,0.50,1372,"Fresh",0,False,"Skipped","ZoneJustCreated","",0,0,""
