Rule,Side,ResearchPath,Feature,Operator,Threshold,H1Net,H1NetDelta,H1Gross,H1PF,H1Trades,PositiveWeeks,WorstWeek,MaxDD,PositiveDeltaMonths,NegativeDeltaMonths,LomoNet,LomoNetDelta,LomoPF,LomoSelectedMonths,Delta_2026-01,Delta_2026-02,Delta_2026-03,Delta_2026-04,Delta_2026-05,Delta_2026-06
Short_BreakawayFvg_RichAlignedVWAPSidePassed_min1,Short,BreakawayFvg,RichAlignedVWAPSidePassed,min,1.0,24115.32,841.0,27240.12,1.7438,868,22,-665.1,1986.3,4,0,24115.32,841.0,1.7438,5.0,0.0,62.3,256.2,0.0,293.3,229.2
Long_ObservationConfirm_RichRegimeBars_min4,Long,ObservationConfirm,RichRegimeBars,min,4.0,23714.92,440.6,26872.12,1.7199,877,22,-634.4,2021.8,4,0,23714.92,440.6,1.7199,6.0,220.2,152.5,0.1,0.0,67.8,0.0
Long_ObservationConfirm_WideStop1_5R_RichRegimeBars_min12,Long,ObservationConfirm_WideStop1_5R,RichRegimeBars,min,12.0,24083.92,809.6,27061.12,1.7955,827,23,-672.4,2006.2,4,2,23233.77,-40.55,1.7501,5.0,737.75,178.6,8.6,-866.0,-99.5,850.15
Long_ObservationConfirm_RichRegimeBars_min8,Long,ObservationConfirm,RichRegimeBars,min,8.0,23755.14,480.82,26858.34,1.7286,862,22,-634.4,2061.8,3,3,23181.62,-92.7,1.7059,5.0,573.52,112.5,-45.5,-71.2,-155.6,67.1
Long_ObservationConfirm_RichRegimeBars_min2,Long,ObservationConfirm,RichRegimeBars,min,2.0,23698.42,424.1,26873.62,1.717,882,22,-634.4,2021.8,3,0,,,,,191.1,232.9,0.1,0.0,0.0,0.0
Short_ObservationConfirm_RichRegimeBars_min2,Short,ObservationConfirm,RichRegimeBars,min,2.0,23689.82,415.5,26832.62,1.7247,873,21,-665.1,1829.3,1,5,,,,,-7.8,-114.3,718.2,-96.4,-12.9,-71.3
Short_BreakawayFvg_RichAlignedVwapDistanceAtr_min0,Short,BreakawayFvg,RichAlignedVwapDistanceAtr,min,0.0,23545.82,271.5,26652.62,1.7283,863,22,-665.1,1979.8,3,2,,,,,-2.9,64.7,-258.4,0.0,296.3,171.8
Long_ObservationConfirm_WideStop1_5R_RichRegimeBars_min8,Long,ObservationConfirm_WideStop1_5R,RichRegimeBars,min,8.0,23502.67,228.35,26497.87,1.7709,832,23,-625.8,1924.3,3,3,,,,,-39.6,260.5,8.6,-697.7,-99.5,796.05
Long_ObservationConfirm_WideStop1_5R_RichRegimeBars_min4,Long,ObservationConfirm_WideStop1_5R,RichRegimeBars,min,4.0,23421.37,147.05,26481.37,1.7519,850,22,-951.3,2293.7,2,3,,,,,-311.2,166.7,0.0,-109.3,-13.6,414.45
Short_BreakawayFvg_RichAlignedScore_min60,Short,BreakawayFvg,RichAlignedScore,min,60.0,23385.92,111.6,26543.12,1.7111,877,22,-665.1,2121.1,1,0,,,,,0.0,0.0,0.0,0.0,111.6,0.0
Short_BreakawayFvg_RichAlignedSwingProgressionPassed_min1,Short,BreakawayFvg,RichAlignedSwingProgressionPassed,min,1.0,23385.92,111.6,26543.12,1.7111,877,22,-665.1,2121.1,1,0,,,,,0.0,0.0,0.0,0.0,111.6,0.0
Long_ObservationConfirm_RichAbsoluteVwapDistanceAtr_max1,Long,ObservationConfirm,RichAbsoluteVwapDistanceAtr,max,1.0,23274.32,0.0,26435.12,1.7062,878,22,-665.1,2121.1,0,0,,,,,0.0,0.0,0.0,0.0,0.0,0.0
Long_ObservationConfirm_RichAbsoluteVwapDistanceAtr_max1.5,Long,ObservationConfirm,RichAbsoluteVwapDistanceAtr,max,1.5,23274.32,0.0,26435.12,1.7062,878,22,-665.1,2121.1,0,0,,,,,0.0,0.0,0.0,0.0,0.0,0.0
Long_ObservationConfirm_RichAbsoluteVwapDistanceAtr_max2,Long,ObservationConfirm,RichAbsoluteVwapDistanceAtr,max,2.0,23274.32,0.0,26435.12,1.7062,878,22,-665.1,2121.1,0,0,,,,,0.0,0.0,0.0,0.0,0.0,0.0
Long_ObservationConfirm_WideStop1_5R_RichAbsoluteVwapDistanceAtr_max1,Long,ObservationConfirm_WideStop1_5R,RichAbsoluteVwapDistanceAtr,max,1.0,23274.32,0.0,26435.12,1.7062,878,22,-665.1,2121.1,0,0,,,,,0.0,0.0,0.0,0.0,0.0,0.0
Long_ObservationConfirm_WideStop1_5R_RichAbsoluteVwapDistanceAtr_max1.5,Long,ObservationConfirm_WideStop1_5R,RichAbsoluteVwapDistanceAtr,max,1.5,23274.32,0.0,26435.12,1.7062,878,22,-665.1,2121.1,0,0,,,,,0.0,0.0,0.0,0.0,0.0,0.0
Long_ObservationConfirm_WideStop1_5R_RichAbsoluteVwapDistanceAtr_max2,Long,ObservationConfirm_WideStop1_5R,RichAbsoluteVwapDistanceAtr,max,2.0,23274.32,0.0,26435.12,1.7062,878,22,-665.1,2121.1,0,0,,,,,0.0,0.0,0.0,0.0,0.0,0.0
Short_BreakawayFvg_RichAlignedScore_min40,Short,BreakawayFvg,RichAlignedScore,min,40.0,23274.32,0.0,26435.12,1.7062,878,22,-665.1,2121.1,0,0,,,,,0.0,0.0,0.0,0.0,0.0,0.0
Short_BreakawayFvg_RichScoreDelta_min0,Short,BreakawayFvg,RichScoreDelta,min,0.0,23274.32,0.0,26435.12,1.7062,878,22,-665.1,2121.1,0,0,,,,,0.0,0.0,0.0,0.0,0.0,0.0
Short_BreakawayFvg_RichScoreDelta_min20,Short,BreakawayFvg,RichScoreDelta,min,20.0,23274.32,0.0,26435.12,1.7062,878,22,-665.1,2121.1,0,0,,,,,0.0,0.0,0.0,0.0,0.0,0.0
Short_BreakawayFvg_RichScoreDelta_min40,Short,BreakawayFvg,RichScoreDelta,min,40.0,23274.32,0.0,26435.12,1.7062,878,22,-665.1,2121.1,0,0,,,,,0.0,0.0,0.0,0.0,0.0,0.0
Short_BreakawayFvg_RichAbsoluteVwapDistanceAtr_max1,Short,BreakawayFvg,RichAbsoluteVwapDistanceAtr,max,1.0,23274.32,0.0,26435.12,1.7062,878,22,-665.1,2121.1,0,0,,,,,0.0,0.0,0.0,0.0,0.0,0.0
Short_BreakawayFvg_RichAbsoluteVwapDistanceAtr_max1.5,Short,BreakawayFvg,RichAbsoluteVwapDistanceAtr,max,1.5,23274.32,0.0,26435.12,1.7062,878,22,-665.1,2121.1,0,0,,,,,0.0,0.0,0.0,0.0,0.0,0.0
Short_BreakawayFvg_RichAbsoluteVwapDistanceAtr_max2,Short,BreakawayFvg,RichAbsoluteVwapDistanceAtr,max,2.0,23274.32,0.0,26435.12,1.7062,878,22,-665.1,2121.1,0,0,,,,,0.0,0.0,0.0,0.0,0.0,0.0
Short_ObservationConfirm_RichAbsoluteVwapDistanceAtr_max1,Short,ObservationConfirm,RichAbsoluteVwapDistanceAtr,max,1.0,23274.32,0.0,26435.12,1.7062,878,22,-665.1,2121.1,0,0,,,,,0.0,0.0,0.0,0.0,0.0,0.0
Short_ObservationConfirm_RichAbsoluteVwapDistanceAtr_max1.5,Short,ObservationConfirm,RichAbsoluteVwapDistanceAtr,max,1.5,23274.32,0.0,26435.12,1.7062,878,22,-665.1,2121.1,0,0,,,,,0.0,0.0,0.0,0.0,0.0,0.0
Short_ObservationConfirm_RichAbsoluteVwapDistanceAtr_max2,Short,ObservationConfirm,RichAbsoluteVwapDistanceAtr,max,2.0,23274.32,0.0,26435.12,1.7062,878,22,-665.1,2121.1,0,0,,,,,0.0,0.0,0.0,0.0,0.0,0.0
Long_ObservationConfirm_WideStop1_5R_RichRegimeBars_min2,Long,ObservationConfirm_WideStop1_5R,RichRegimeBars,min,2.0,23237.92,-36.4,26341.12,1.7277,862,23,-665.1,2121.1,2,3,,,,,-53.7,205.2,0.0,-200.8,233.1,-220.2
Long_ObservationConfirm_RichAbsoluteVwapDistanceAtr_max0.5,Long,ObservationConfirm,RichAbsoluteVwapDistanceAtr,max,0.5,23211.82,-62.5,26372.62,1.7034,878,22,-665.1,2183.6,0,1,,,,,0.0,0.0,-62.5,0.0,0.0,0.0
Long_ObservationConfirm_RichRegimeBars_min12,Long,ObservationConfirm,RichRegimeBars,min,12.0,22976.59,-297.73,26018.59,1.7121,845,22,-677.05,2195.55,2,4,,,,,533.72,44.35,-257.9,-129.0,-96.0,-392.9
Long_ObservationConfirm_WideStop1_5R_RichScoreDelta_min0,Long,ObservationConfirm_WideStop1_5R,RichScoreDelta,min,0.0,22970.52,-303.8,26088.12,1.7096,866,22,-665.1,2009.4,2,3,,,,,-266.4,-177.7,225.8,0.0,-152.9,67.4
Long_ObservationConfirm_RichAlignedVwapDistanceAtr_min0,Long,ObservationConfirm,RichAlignedVwapDistanceAtr,min,0.0,22927.52,-346.8,25865.12,1.7311,816,23,-634.4,1982.9,3,3,,,,,-70.85,316.9,491.4,58.05,-1064.0,-78.3
Short_ObservationConfirm_RichAbsoluteVwapDistanceAtr_max0.5,Short,ObservationConfirm,RichAbsoluteVwapDistanceAtr,max,0.5,22854.44,-419.88,26000.84,1.6977,874,22,-665.1,2121.1,1,4,,,,,-121.9,0.0,-164.9,119.22,-181.5,-70.8
Long_ObservationConfirm_WideStop1_5R_RichAbsoluteVwapDistanceAtr_max0.5,Long,ObservationConfirm_WideStop1_5R,RichAbsoluteVwapDistanceAtr,max,0.5,22745.62,-528.7,25859.62,1.6944,865,22,-665.1,2121.1,1,2,,,,,-456.0,0.0,0.0,0.0,-217.9,145.2
Short_ObservationConfirm_RichRegimeBars_min4,Short,ObservationConfirm,RichRegimeBars,min,4.0,22674.22,-600.1,25766.62,1.7056,859,21,-642.1,1806.3,2,4,,,,,-359.4,-178.5,789.6,134.5,-348.8,-637.5
Short_BreakawayFvg_RichAlignedOpeningRangeSidePassed_min1,Short,BreakawayFvg,RichAlignedOpeningRangeSidePassed,min,1.0,22422.92,-851.4,25544.12,1.6849,867,22,-665.1,2117.0,2,2,,,,,-259.3,0.0,-603.3,0.0,3.6,7.6
Long_ObservationConfirm_WideStop1_5R_RichAlignedScore_min40,Long,ObservationConfirm_WideStop1_5R,RichAlignedScore,min,40.0,22333.07,-941.25,25421.87,1.6959,858,22,-665.1,1916.4,1,5,,,,,-704.8,-188.2,-27.7,-78.33,-3.2,60.98
Short_BreakawayFvg_RichRelativeVolume20_min0.75,Short,BreakawayFvg,RichRelativeVolume20,min,0.75,22325.52,-948.8,25461.12,1.6842,871,21,-665.1,2019.8,3,2,,,,,-709.1,0.0,395.0,0.1,1.6,-636.4
Short_BreakawayFvg_RichRelativeVolume20_min1,Short,BreakawayFvg,RichRelativeVolume20,min,1.0,22199.62,-1074.7,25313.62,1.6888,865,21,-665.1,1886.7,4,2,,,,,-709.1,87.6,671.2,0.1,113.2,-1237.7
Long_ObservationConfirm_RichRelativeVolume20_min1,Long,ObservationConfirm,RichRelativeVolume20,min,1.0,22176.31,-1098.01,24966.31,1.7258,775,24,-690.1,1643.0,2,4,,,,,544.44,-108.8,814.4,-525.45,-1279.6,-543.0
Long_ObservationConfirm_RichRelativeVolume20_min1.25,Long,ObservationConfirm,RichRelativeVolume20,min,1.25,22103.99,-1170.33,24807.59,1.7372,751,24,-645.0,1597.9,2,4,,,,,302.32,-159.7,831.1,-519.95,-1286.4,-337.7
Long_ObservationConfirm_WideStop1_5R_RichScoreDelta_min20,Long,ObservationConfirm_WideStop1_5R,RichScoreDelta,min,20.0,21811.32,-1463.0,24882.12,1.6853,853,21,-665.1,1916.4,1,5,,,,,-538.9,-64.1,-27.7,-475.6,-424.1,67.4
Long_ObservationConfirm_RichAlignedAtrExpansionPassed_min1,Long,ObservationConfirm,RichAlignedAtrExpansionPassed,min,1.0,21763.39,-1510.93,24506.59,1.7197,762,23,-645.0,1656.0,2,4,,,,,343.12,-43.9,486.9,-596.25,-1623.5,-77.3
Long_ObservationConfirm_RichRelativeVolume20_min1.5,Long,ObservationConfirm,RichRelativeVolume20,min,1.5,21702.39,-1571.93,24391.59,1.7276,747,24,-645.0,1597.9,2,4,,,,,370.42,-159.7,621.8,-780.35,-1286.4,-337.7
Long_ObservationConfirm_RichAlignedVWAPSidePassed_min1,Long,ObservationConfirm,RichAlignedVWAPSidePassed,min,1.0,21694.99,-1579.33,24524.59,1.7058,786,23,-645.0,1710.6,1,5,,,,,944.82,-264.9,-381.7,-385.75,-1481.9,-9.9
Short_ObservationConfirm_RichAlignedAtrExpansionPassed_min1,Short,ObservationConfirm,RichAlignedAtrExpansionPassed,min,1.0,21689.44,-1584.88,24328.24,1.7754,733,21,-606.3,1040.7,3,3,,,,,-1979.86,291.66,949.4,328.72,-684.8,-490.0
Long_ObservationConfirm_WideStop1_5R_RichScoreDelta_min40,Long,ObservationConfirm_WideStop1_5R,RichScoreDelta,min,40.0,21656.47,-1617.85,24748.87,1.6827,859,22,-610.2,1899.4,1,5,,,,,-209.9,-171.2,-27.7,-650.83,-619.2,60.98
Long_ObservationConfirm_RichAlignedDirectionalDisplacementPassed_min1,Long,ObservationConfirm,RichAlignedDirectionalDisplacementPassed,min,1.0,21646.89,-1627.43,24462.09,1.7057,782,22,-576.3,1887.3,2,4,,,,,568.82,-90.1,7.8,-305.35,-1663.2,-145.4
Short_BreakawayFvg_RichAlignedScore_min80,Short,BreakawayFvg,RichAlignedScore,min,80.0,21634.02,-1640.3,24661.62,1.691,841,21,-665.1,1880.9,3,3,,,,,-1579.9,318.5,159.5,-700.8,404.2,-241.8
Short_ObservationConfirm_RichRegimeBars_min8,Short,ObservationConfirm,RichRegimeBars,min,8.0,21513.52,-1760.8,24523.12,1.6884,836,22,-642.1,1830.3,2,4,,,,,-493.2,-316.7,879.7,99.7,-1342.1,-588.2
Long_ObservationConfirm_RichRelativeVolume20_min0.75,Long,ObservationConfirm,RichRelativeVolume20,min,0.75,21425.74,-1848.58,24255.34,1.6974,786,23,-641.95,1644.95,1,5,,,,,488.12,-7.55,-466.9,-374.85,-1094.6,-392.8
Long_ObservationConfirm_WideStop1_5R_RichAlignedVwapDistanceAtr_min0,Long,ObservationConfirm_WideStop1_5R,RichAlignedVwapDistanceAtr,min,0.0,21299.27,-1975.05,24344.87,1.6807,846,21,-626.9,1895.5,2,4,,,,,-745.5,81.6,-7.1,-1386.6,-657.1,739.65
Short_BreakawayFvg_RichAlignedVwapDistanceAtr_min0.5,Short,BreakawayFvg,RichAlignedVwapDistanceAtr,min,0.5,21259.52,-2014.8,24269.12,1.6914,836,21,-665.1,1876.8,2,4,,,,,-707.0,-174.8,-174.9,9.1,404.2,-1371.4
Long_ObservationConfirm_WideStop1_5R_RichAlignedSwingProgressionPassed_min1,Long,ObservationConfirm_WideStop1_5R,RichAlignedSwingProgressionPassed,min,1.0,21220.92,-2053.4,24234.12,1.6823,837,21,-665.1,1963.3,0,6,,,,,-690.3,-102.0,-36.7,-519.08,-313.9,-391.42
Long_ObservationConfirm_WideStop1_5R_RichRelativeVolume20_min0.75,Long,ObservationConfirm_WideStop1_5R,RichRelativeVolume20,min,0.75,21205.52,-2068.8,24287.12,1.6769,856,22,-646.4,2096.5,2,4,,,,,35.37,-141.9,-253.9,-854.55,-947.9,94.08
Short_ObservationConfirm_RichAlignedDirectionalDisplacementPassed_min1,Short,ObservationConfirm,RichAlignedDirectionalDisplacementPassed,min,1.0,21120.45,-2153.87,23831.25,1.7393,753,23,-606.3,1153.8,2,4,,,,,-1283.15,-113.54,1518.3,10.04,-1579.0,-706.52
Short_BreakawayFvg_RichRelativeVolume20_min1.25,Short,BreakawayFvg,RichRelativeVolume20,min,1.25,21057.12,-2217.2,24117.12,1.6725,850,21,-665.1,1885.0,3,3,,,,,-709.1,-530.1,67.0,0.1,333.9,-1379.0
Long_ObservationConfirm_RichAlignedSwingProgressionPassed_min1,Long,ObservationConfirm,RichAlignedSwingProgressionPassed,min,1.0,20954.58,-2319.74,23715.78,1.6987,767,22,-585.2,1898.7,2,4,,,,,19.21,-200.5,30.4,-553.75,-1472.7,-142.4
Short_BreakawayFvg_RichAbsoluteVwapDistanceAtr_max0.5,Short,BreakawayFvg,RichAbsoluteVwapDistanceAtr,max,0.5,20905.32,-2369.0,24030.12,1.6443,868,22,-665.1,2121.1,0,3,,,,,-1530.6,0.0,0.0,-700.9,-137.5,0.0
Short_BreakawayFvg_RichRelativeVolume20_min1.5,Short,BreakawayFvg,RichRelativeVolume20,min,1.5,20841.82,-2432.5,23876.62,1.6745,843,21,-665.1,1885.0,2,4,,,,,-709.1,-347.5,305.3,-700.8,398.6,-1379.0
Short_ObservationConfirm_RichScoreDelta_min0,Short,ObservationConfirm,RichScoreDelta,min,0.0,20830.62,-2443.7,23710.62,1.6884,800,21,-663.6,1642.4,2,4,,,,,-1632.8,-146.6,-683.7,238.7,311.4,-530.7
Long_ObservationConfirm_RichScoreDelta_min20,Long,ObservationConfirm,RichScoreDelta,min,20.0,20818.66,-2455.66,23749.06,1.6611,814,22,-609.9,1869.2,2,4,,,,,586.19,-221.6,-746.0,-515.15,-1643.7,84.6
Long_ObservationConfirm_RichAlignedScore_min40,Long,ObservationConfirm,RichAlignedScore,min,40.0,20783.99,-2490.33,23649.59,1.6708,796,21,-634.4,1974.8,2,4,,,,,496.32,-251.1,-533.6,-656.45,-1606.9,61.4
Long_ObservationConfirm_RichAlignedScore_min60,Long,ObservationConfirm,RichAlignedScore,min,60.0,20699.39,-2574.93,23424.59,1.6915,757,22,-645.0,1976.5,1,5,,,,,358.92,-260.3,-112.2,-747.95,-1736.1,-77.3
Long_ObservationConfirm_WideStop1_5R_RichAlignedVWAPSidePassed_min1,Long,ObservationConfirm_WideStop1_5R,RichAlignedVWAPSidePassed,min,1.0,20662.17,-2612.15,23657.37,1.6694,832,20,-651.4,1902.7,2,4,,,,,-965.18,47.8,-27.7,-904.25,-823.1,60.28
Short_ObservationConfirm_RichRegimeBars_min12,Short,ObservationConfirm,RichRegimeBars,min,12.0,20602.57,-2671.75,23529.37,1.6713,813,22,-642.1,1711.2,2,4,,,,,-1034.85,-275.1,916.1,113.2,-1342.3,-1048.8
Long_ObservationConfirm_RichAlignedVwapCrossCountPassed_min1,Long,ObservationConfirm,RichAlignedVwapCrossCountPassed,min,1.0,20347.41,-2926.91,23007.81,1.6895,739,23,-645.0,1662.2,1,5,,,,,439.84,-159.7,-691.2,-698.45,-1543.8,-273.6
Long_ObservationConfirm_RichAlignedVwapDistanceAtr_min1,Long,ObservationConfirm,RichAlignedVwapDistanceAtr,min,1.0,20323.79,-2950.53,22962.59,1.6925,733,23,-645.0,1597.9,1,5,,,,,428.52,-159.7,-621.6,-780.35,-1543.8,-273.6
Short_BreakawayFvg_RichAlignedAtrExpansionPassed_min1,Short,BreakawayFvg,RichAlignedAtrExpansionPassed,min,1.0,20311.82,-2962.5,23382.62,1.6483,853,21,-665.1,2019.8,2,4,,,,,-1977.5,438.8,90.9,-691.8,-483.5,-339.4
Long_ObservationConfirm_RichAlignedOpeningRangeSidePassed_min1,Long,ObservationConfirm,RichAlignedOpeningRangeSidePassed,min,1.0,20290.87,-2983.45,23170.87,1.6495,800,22,-720.7,2110.3,1,5,,,,,-46.8,-373.0,-419.1,-545.35,-1930.7,331.5
Long_ObservationConfirm_RichAlignedVwapDistanceAtr_min0.5,Long,ObservationConfirm,RichAlignedVwapDistanceAtr,min,0.5,20263.19,-3011.13,22905.59,1.6896,734,23,-645.0,1597.9,1,5,,,,,428.52,-159.7,-621.6,-840.95,-1543.8,-273.6
Long_ObservationConfirm_RichAlignedScore_min80,Long,ObservationConfirm,RichAlignedScore,min,80.0,20190.09,-3084.23,22836.09,1.686,735,23,-645.0,1662.2,1,5,,,,,364.42,-159.7,-691.2,-780.35,-1543.8,-273.6
Long_ObservationConfirm_RichScoreDelta_min0,Long,ObservationConfirm,RichScoreDelta,min,0.0,20043.62,-3230.7,22995.62,1.6406,820,22,-634.4,2089.8,1,5,,,,,549.7,-168.4,-1427.9,-328.8,-1294.1,-561.2
Short_BreakawayFvg_RichRegimeBars_min2,Short,BreakawayFvg,RichRegimeBars,min,2.0,20008.72,-3265.6,23101.12,1.6343,859,22,-665.1,2022.2,0,6,,,,,-883.2,-209.5,-238.3,-700.8,-71.2,-1162.6
Long_ObservationConfirm_RichScoreDelta_min40,Long,ObservationConfirm,RichScoreDelta,min,40.0,19994.89,-3279.43,22792.09,1.6563,777,22,-690.1,2021.6,1,5,,,,,193.42,-356.0,-753.9,-554.05,-1606.9,-202.0
Long_ObservationConfirm_WideStop1_5R_RichAlignedOpeningRangeSidePassed_min1,Long,ObservationConfirm_WideStop1_5R,RichAlignedOpeningRangeSidePassed,min,1.0,19913.06,-3361.26,22915.46,1.6424,834,22,-665.1,1916.4,0,6,,,,,-514.23,-365.5,-27.7,-1010.43,-1198.0,-245.4
Short_BreakawayFvg_RichAlignedDirectionalDisplacementPassed_min1,Short,BreakawayFvg,RichAlignedDirectionalDisplacementPassed,min,1.0,19874.72,-3399.6,22949.12,1.6306,854,21,-665.1,2015.7,2,4,,,,,-1323.5,-419.7,523.3,-700.8,107.3,-1586.2
Long_ObservationConfirm_WideStop1_5R_RichAlignedVwapDistanceAtr_min0.5,Long,ObservationConfirm_WideStop1_5R,RichAlignedVwapDistanceAtr,min,0.5,19856.69,-3417.63,22697.09,1.71,789,21,-545.03,1845.2,2,4,,,,,36.87,194.8,-36.7,-2263.53,-1245.1,-103.97
Long_ObservationConfirm_WideStop1_5R_RichRelativeVolume20_min1,Long,ObservationConfirm_WideStop1_5R,RichRelativeVolume20,min,1.0,19837.32,-3437.0,22746.12,1.6844,808,21,-646.4,1930.1,2,4,,,,,546.87,179.2,-139.8,-2225.55,-1203.0,-594.72
Long_ObservationConfirm_WideStop1_5R_RichAlignedAtrExpansionPassed_min1,Long,ObservationConfirm_WideStop1_5R,RichAlignedAtrExpansionPassed,min,1.0,19734.84,-3539.48,22557.24,1.6943,784,22,-565.5,1828.1,2,4,,,,,-1837.98,68.3,-36.7,-1485.43,-542.7,295.03
Short_ObservationConfirm_RichAlignedVwapDistanceAtr_min0,Short,ObservationConfirm,RichAlignedVwapDistanceAtr,min,0.0,19734.32,-3540.0,22499.12,1.6724,768,22,-668.6,1889.4,1,5,,,,,-57.85,-1499.9,-93.2,422.75,-942.4,-1369.4
Short_BreakawayFvg_RichRegimeBars_min4,Short,BreakawayFvg,RichRegimeBars,min,4.0,19238.72,-4035.6,22259.12,1.6227,839,21,-665.1,1876.8,1,5,,,,,-1622.4,-144.8,-590.3,-691.8,46.5,-1032.8
Long_ObservationConfirm_WideStop1_5R_RichRelativeVolume20_min1.5,Long,ObservationConfirm_WideStop1_5R,RichRelativeVolume20,min,1.5,19172.51,-4101.81,21987.71,1.6922,782,21,-545.03,1829.3,2,4,,,,,-634.81,210.7,-36.7,-2307.83,-1388.7,55.53
Long_ObservationConfirm_WideStop1_5R_RichRelativeVolume20_min1.25,Long,ObservationConfirm_WideStop1_5R,RichRelativeVolume20,min,1.25,19135.95,-4138.37,21983.55,1.6803,791,21,-598.13,1829.3,2,4,,,,,-889.71,176.6,-36.7,-2154.03,-1509.3,274.77
Long_ObservationConfirm_WideStop1_5R_RichAlignedDirectionalDisplacementPassed_min1,Long,ObservationConfirm_WideStop1_5R,RichAlignedDirectionalDisplacementPassed,min,1.0,19093.38,-4180.94,21984.18,1.6533,803,21,-544.7,1845.2,1,5,,,,,-1229.51,-130.0,-36.7,-1633.33,-1426.8,275.4
Short_BreakawayFvg_RichRegimeBars_min8,Short,BreakawayFvg,RichRegimeBars,min,8.0,19064.32,-4210.0,22063.12,1.623,833,21,-665.1,1876.8,1,5,,,,,-2234.7,-174.8,-362.6,-691.8,155.1,-901.2
Short_BreakawayFvg_RichRegimeBars_min12,Short,BreakawayFvg,RichRegimeBars,min,12.0,19011.52,-4262.8,21985.12,1.6278,826,21,-665.1,1876.8,0,6,,,,,-2101.0,-174.8,-298.0,-691.8,-186.6,-810.6
Long_ObservationConfirm_WideStop1_5R_RichAlignedVwapDistanceAtr_min1,Long,ObservationConfirm_WideStop1_5R,RichAlignedVwapDistanceAtr,min,1.0,18913.49,-4360.83,21703.49,1.6859,775,21,-545.03,1845.2,2,4,,,,,-1051.53,194.8,-36.7,-2263.53,-1245.1,41.23
Short_ObservationConfirm_RichRelativeVolume20_min0.75,Short,ObservationConfirm,RichRelativeVolume20,min,0.75,18896.48,-4377.84,21733.28,1.6244,788,22,-648.6,1817.6,1,5,,,,,-578.85,143.21,-617.6,-206.4,-1699.7,-1418.5
Short_ObservationConfirm_RichScoreDelta_min20,Short,ObservationConfirm,RichScoreDelta,min,20.0,18836.97,-4437.35,21500.97,1.68,740,20,-629.71,1575.3,1,5,,,,,-1873.1,-204.09,-285.5,164.94,-1258.1,-981.5
Short_ObservationConfirm_RichAlignedOpeningRangeSidePassed_min1,Short,ObservationConfirm,RichAlignedOpeningRangeSidePassed,min,1.0,18794.87,-4479.45,21480.47,1.67,746,21,-829.61,1501.5,1,5,,,,,-1953.05,474.01,-798.6,-256.41,-923.6,-1021.8
Short_BreakawayFvg_RichAlignedVwapCrossCountPassed_min1,Short,BreakawayFvg,RichAlignedVwapCrossCountPassed,min,1.0,18734.32,-4540.0,21715.12,1.6184,828,21,-665.1,1876.8,1,5,,,,,-2101.0,-174.8,-174.9,-691.8,266.7,-1664.2
Short_BreakawayFvg_RichAlignedVwapDistanceAtr_min1,Short,BreakawayFvg,RichAlignedVwapDistanceAtr,min,1.0,18573.82,-4700.5,21536.62,1.6183,823,21,-665.1,1876.8,0,6,,,,,-2101.0,-174.8,-174.9,-691.8,-186.6,-1371.4
Long_ObservationConfirm_WideStop1_5R_RichAlignedVwapCrossCountPassed_min1,Long,ObservationConfirm_WideStop1_5R,RichAlignedVwapCrossCountPassed,min,1.0,18494.54,-4779.78,21273.74,1.6652,772,21,-545.03,1845.2,2,4,,,,,-1906.78,194.8,-36.7,-2263.53,-1148.1,380.53
Short_ObservationConfirm_RichAlignedSwingProgressionPassed_min1,Short,ObservationConfirm,RichAlignedSwingProgressionPassed,min,1.0,18411.86,-4862.46,20989.46,1.6777,716,20,-606.3,1237.1,1,5,,,,,-2393.31,-104.89,607.4,-65.56,-1517.0,-1389.1
Short_ObservationConfirm_RichAlignedVwapDistanceAtr_min0.5,Short,ObservationConfirm,RichAlignedVwapDistanceAtr,min,0.5,18157.57,-5116.75,20630.77,1.6951,687,21,-606.3,1040.7,2,4,,,,,-2312.26,37.46,521.0,-214.25,-1440.1,-1708.6
Long_ObservationConfirm_WideStop1_5R_RichAlignedScore_min60,Long,ObservationConfirm_WideStop1_5R,RichAlignedScore,min,60.0,18101.19,-5173.13,20973.99,1.6093,798,20,-651.4,1951.9,0,6,,,,,-1869.18,-351.6,-36.7,-1184.73,-1465.3,-265.62
Short_ObservationConfirm_RichAlignedScore_min40,Short,ObservationConfirm,RichAlignedScore,min,40.0,18094.92,-5179.4,20697.72,1.6686,723,20,-629.71,1575.3,1,5,,,,,-1723.15,-106.09,-604.8,78.64,-1438.9,-1385.1
Short_ObservationConfirm_RichAlignedScore_min80,Short,ObservationConfirm,RichAlignedScore,min,80.0,17993.01,-5281.31,20466.21,1.6872,687,21,-643.41,1131.81,2,4,,,,,-2434.16,37.46,459.5,-261.41,-1555.0,-1527.7
Short_ObservationConfirm_RichAlignedVwapDistanceAtr_min1,Short,ObservationConfirm,RichAlignedVwapDistanceAtr,min,1.0,17873.61,-5400.71,20343.21,1.6844,686,21,-643.41,1131.81,2,4,,,,,-2434.16,37.46,521.0,-261.41,-1555.0,-1708.6
Short_ObservationConfirm_RichAlignedScore_min60,Short,ObservationConfirm,RichAlignedScore,min,60.0,17856.71,-5417.61,20394.71,1.6635,705,20,-629.71,1118.11,1,5,,,,,-2496.46,-136.84,257.6,-313.21,-1290.3,-1438.4
Short_ObservationConfirm_RichAlignedVwapCrossCountPassed_min1,Short,ObservationConfirm,RichAlignedVwapCrossCountPassed,min,1.0,17804.81,-5469.51,20285.21,1.6797,689,21,-643.41,1131.81,1,5,,,,,-2374.76,-21.14,451.4,-261.41,-1555.0,-1708.6
Short_ObservationConfirm_RichRelativeVolume20_min1,Short,ObservationConfirm,RichRelativeVolume20,min,1.0,17514.67,-5759.65,20146.27,1.6199,731,20,-606.3,1587.9,1,5,,,,,-1813.36,-452.19,268.3,-377.8,-1729.5,-1655.1
Long_ObservationConfirm_WideStop1_5R_RichAlignedScore_min80,Long,ObservationConfirm_WideStop1_5R,RichAlignedScore,min,80.0,17436.91,-5837.41,20237.71,1.6236,778,20,-545.03,1845.2,1,5,,,,,-1507.66,60.7,-36.7,-2263.53,-1513.3,-576.92
Short_ObservationConfirm_RichAlignedVWAPSidePassed_min1,Short,ObservationConfirm,RichAlignedVWAPSidePassed,min,1.0,17370.77,-5903.55,20059.97,1.6157,747,21,-624.41,1768.5,0,6,,,,,-1139.2,-813.24,-1046.5,-133.71,-1370.3,-1400.6
Short_ObservationConfirm_RichScoreDelta_min40,Short,ObservationConfirm,RichScoreDelta,min,40.0,17338.62,-5935.7,19880.22,1.6518,706,20,-629.71,1575.3,0,6,,,,,-1838.35,-162.49,-892.3,-83.46,-1520.7,-1438.4
Short_ObservationConfirm_RichRelativeVolume20_min1.5,Short,ObservationConfirm,RichRelativeVolume20,min,1.5,16797.6,-6476.72,19252.8,1.6453,682,19,-606.3,1587.9,1,5,,,,,-2069.56,114.81,-680.2,-271.65,-2154.8,-1415.32
Short_ObservationConfirm_RichRelativeVolume20_min1.25,Short,ObservationConfirm,RichRelativeVolume20,min,1.25,16636.72,-6637.6,19131.52,1.6269,693,19,-606.3,1587.9,0,6,,,,,-2087.56,-12.39,-680.2,-165.75,-2017.1,-1674.6
