SnapshotID,TradingDate,SignalID,ResearchPath,Side,Lane,EntryTime,ExactRisk,MaxAllowedRisk,SubmissionStatus,SubmissionReason,ExitTime,ExitRolePredicted,Gross,Net,RiskDollars,Realized,IdentityKey,ExitRoleActual,Dollars,TradeID,GrossDelta,RoleMatch
OPF-20260725-161545,2026-01-02,20260102-0110-BULL-OBS-000854-Z000854-OC,ObservationConfirm_WideStop1_5R,Long,Primary,2026-01-02 01:15:00,7.75,22.0,Accepted,,2026-01-02 01:20:00,SL,-46.5,-50.1,46.5,True,20260102-0110-BULL-OBS-000854-Z000854-OC|ObservationConfirm_WideStop1_5R|Primary,SL,-46.5,20260102-0115-Long-855,0.0,True
OPF-20260725-161545,2026-01-02,20260102-0200-BULL-OBS-000864-Z000864-OC,ObservationConfirm_WideStop1_5R,Long,Primary,2026-01-02 02:05:00,18.25,22.0,Accepted,,2026-01-02 03:00:00,TIME_STOP,232.5,228.9,109.5,True,20260102-0200-BULL-OBS-000864-Z000864-OC|ObservationConfirm_WideStop1_5R|Primary,TIME_STOP,230.0,20260102-0205-Long-865,2.5,True
OPF-20260725-161545,2026-01-02,20260102-0205-BULL-OBS-000865-Z000865-OC,ObservationConfirm_WideStop1_5R,Long,Secondary,2026-01-02 02:10:00,25.0,25.0,Accepted,,2026-01-02 03:05:00,TIME_STOP,151.5,147.9,150.0,True,20260102-0205-BULL-OBS-000865-Z000865-OC|ObservationConfirm_WideStop1_5R|Secondary,TIME_STOP,151.5,20260102-0210-Long-866-S2,0.0,True
OPF-20260725-161545,2026-01-02,20260102-0300-BULL-OBS-000876-Z000875-OC,ObservationConfirm,Long,Primary,2026-01-02 03:10:00,7.25,12.0,Accepted,,2026-01-02 03:30:00,SL,-43.5,-47.1,43.5,True,20260102-0300-BULL-OBS-000876-Z000875-OC|ObservationConfirm|Primary,SL,-40.5,20260102-0310-Long-878,-3.0,True
OPF-20260725-161545,2026-01-02,20260102-0300-BULL-OBS-000876-Z000875-OC,ObservationConfirm_WideStop1_5R,Long,Secondary,2026-01-02 03:10:00,10.833333333333332,22.0,Accepted,,2026-01-02 04:05:00,TIME_STOP,134.5,130.9,65.0,True,20260102-0300-BULL-OBS-000876-Z000875-OC|ObservationConfirm_WideStop1_5R|Secondary,TIME_STOP,131.0,20260102-0310-Long-878-S2,3.5,True
OPF-20260725-161545,2026-01-02,20260102-0505-BEAR-OBS-000901-Z000900-OC,ObservationConfirm,Short,Primary,2026-01-02 05:10:00,6.75,11.0,Accepted,,2026-01-02 05:15:00,SL,-40.5,-44.1,40.5,True,20260102-0505-BEAR-OBS-000901-Z000900-OC|ObservationConfirm|Primary,SL,-34.5,20260102-0510-Short-902,-6.0,True
OPF-20260725-161545,2026-01-02,20260102-0520-BULL-OBS-000904-Z000904-OC,ObservationConfirm,Long,Primary,2026-01-02 05:25:00,6.25,12.0,Accepted,,2026-01-02 05:40:00,SL,-37.5,-41.1,37.5,True,20260102-0520-BULL-OBS-000904-Z000904-OC|ObservationConfirm|Primary,SL,-36.5,20260102-0525-Long-905,-1.0,True
OPF-20260725-161545,2026-01-02,20260102-0555-BULL-OBS-000911-Z000911-OC,ObservationConfirm,Long,Primary,2026-01-02 06:00:00,9.08333333333333,12.0,Accepted,,2026-01-02 06:55:00,TIME_STOP,-18.5,-22.1,54.499999999999986,True,20260102-0555-BULL-OBS-000911-Z000911-OC|ObservationConfirm|Primary,TIME_STOP,-23.5,20260102-0600-Long-912,5.0,True
OPF-20260725-161545,2026-01-02,20260102-0600-BULL-OBS-000912-Z000911-OC,ObservationConfirm,Long,Secondary,2026-01-02 06:05:00,10.083333333333332,12.0,Accepted,,2026-01-02 07:15:00,SL,-60.5,-64.1,60.49999999999999,True,20260102-0600-BULL-OBS-000912-Z000911-OC|ObservationConfirm|Secondary,SL,-62.0,20260102-0605-Long-913-S2,1.5,True
OPF-20260725-161545,2026-01-02,20260102-0850-BULL-OBS-000946-Z000946-OC,ObservationConfirm_WideStop1_5R,Long,Primary,2026-01-02 08:55:00,21.333333333333332,22.0,Accepted,,2026-01-02 09:50:00,TIME_STOP,127.0,123.4,128.0,True,20260102-0850-BULL-OBS-000946-Z000946-OC|ObservationConfirm_WideStop1_5R|Primary,TIME_STOP,125.5,20260102-0855-Long-947,1.5,True
OPF-20260725-161545,2026-01-02,20260102-0855-BULL-BRK-000947-Z000947-Q,BreakawayFvg_Qualified,Long,Secondary,2026-01-02 08:55:00,5.833333333333333,11.0,Accepted,,2026-01-02 09:00:00,TP,52.5,48.9,35.0,True,20260102-0855-BULL-BRK-000947-Z000947-Q|BreakawayFvg_Qualified|Secondary,TP,39.5,20260102-0855-Long-947-S2,13.0,True
OPF-20260725-161545,2026-01-02,20260102-1025-BEAR-OBS-000965-Z000965-OC,ObservationConfirm,Short,Primary,2026-01-02 10:30:00,17.75,18.0,Accepted,,2026-01-02 10:45:00,SL,-106.5,-110.1,106.5,True,20260102-1025-BEAR-OBS-000965-Z000965-OC|ObservationConfirm|Primary,SL,-106.5,20260102-1030-Short-966,0.0,True
OPF-20260725-161545,2026-01-02,20260102-1415-BEAR-OBS-001011-Z001011-OC,ObservationConfirm,Short,Primary,2026-01-02 14:20:00,9.5,22.0,Accepted,,2026-01-02 14:20:00,TP,85.5,81.9,57.0,True,20260102-1415-BEAR-OBS-001011-Z001011-OC|ObservationConfirm|Primary,SL,-57.0,20260102-1420-Short-1012,142.5,False
OPF-20260725-161545,2026-01-02,20260102-1655-BEAR-BRK-001043-Z001043,BreakawayFvg,Short,Primary,2026-01-02 16:55:00,11.75,30.0,Accepted,,2026-01-02 17:00:00,BE,0.0,-3.6,70.5,False,20260102-1655-BEAR-BRK-001043-Z001043|BreakawayFvg|Primary,SL,0.0,20260102-1655-Short-1043,0.0,False
OPF-20260725-161801,2026-04-24,20260424-0010-BULL-OBS-001130-Z001130-OC,ObservationConfirm_WideStop1_5R,Long,Primary,2026-04-24 00:15:00,20.0,22.0,Accepted,,2026-04-24 01:10:00,TIME_STOP,64.5,60.9,120.0,True,20260424-0010-BULL-OBS-001130-Z001130-OC|ObservationConfirm_WideStop1_5R|Primary,TIME_STOP,64.5,20260424-0015-Long-1131,0.0,True
OPF-20260725-161801,2026-04-24,20260424-0250-BEAR-OBS-001162-Z001162-OC,ObservationConfirm,Short,Primary,2026-04-24 02:55:00,7.5,11.0,Accepted,,2026-04-24 03:00:00,SL,-45.0,-48.6,45.0,True,20260424-0250-BEAR-OBS-001162-Z001162-OC|ObservationConfirm|Primary,SL,-45.0,20260424-0255-Short-1163,0.0,True
OPF-20260725-161801,2026-04-24,20260424-0250-BEAR-OBS-001162-Z001162-OC,ObservationConfirm_WideStop1_5R,Short,Secondary,2026-04-24 02:55:00,11.25,18.0,Accepted,,2026-04-24 03:20:00,TP,101.25,97.65,67.5,True,20260424-0250-BEAR-OBS-001162-Z001162-OC|ObservationConfirm_WideStop1_5R|Secondary,TP,100.5,20260424-0255-Short-1163-S2,0.75,True
OPF-20260725-161801,2026-04-24,20260424-0325-BEAR-BRK-001169-Z001169,BreakawayFvg,Short,Primary,2026-04-24 03:25:00,18.833333333333332,30.0,Accepted,,2026-04-24 04:45:00,SL,-113.0,-116.6,113.0,True,20260424-0325-BEAR-BRK-001169-Z001169|BreakawayFvg|Primary,SL,-113.0,20260424-0325-Short-1169,0.0,True
OPF-20260725-161801,2026-04-24,20260424-0455-BULL-OBS-001187-Z001186-OC,ObservationConfirm,Long,Primary,2026-04-24 05:00:00,9.75,12.0,Accepted,,2026-04-24 05:05:00,SL,-58.5,-62.1,58.5,True,20260424-0455-BULL-OBS-001187-Z001186-OC|ObservationConfirm|Primary,SL,-51.0,20260424-0500-Long-1188,-7.5,True
OPF-20260725-161801,2026-04-24,20260424-0550-BULL-OBS-001198-Z001198-OC,ObservationConfirm,Long,Primary,2026-04-24 05:55:00,8.0,12.0,Accepted,,2026-04-24 06:00:00,TP,72.0,68.4,48.0,True,20260424-0550-BULL-OBS-001198-Z001198-OC|ObservationConfirm|Primary,TP,68.5,20260424-0555-Long-1199,3.5,True
OPF-20260725-161801,2026-04-24,20260424-0550-BULL-OBS-001198-Z001198-OC,ObservationConfirm_WideStop1_5R,Long,Secondary,2026-04-24 05:55:00,12.75,18.0,Accepted,,2026-04-24 06:25:00,SL,-76.5,-80.1,76.5,True,20260424-0550-BULL-OBS-001198-Z001198-OC|ObservationConfirm_WideStop1_5R|Secondary,SL,-76.5,20260424-0555-Long-1199-S2,0.0,True
OPF-20260725-161801,2026-04-24,20260424-1030-BULL-OBS-001254-Z001254-OC,ObservationConfirm_WideStop1_5R,Long,Primary,2026-04-24 10:35:00,19.0,22.0,Accepted,,2026-04-24 11:05:00,TP,342.0,338.4,114.0,True,20260424-1030-BULL-OBS-001254-Z001254-OC|ObservationConfirm_WideStop1_5R|Primary,TP,353.0,20260424-1035-Long-1255,-11.0,True
OPF-20260725-161801,2026-04-24,20260424-1045-BULL-PB-001257-Z001254,AlmostConfirmed,Long,Secondary,2026-04-24 10:45:00,9.25,25.0,Accepted,,2026-04-24 11:00:00,TP,222.0,218.4,55.5,True,20260424-1045-BULL-PB-001257-Z001254|AlmostConfirmed|Secondary,TP,222.0,20260424-1045-Long-1257-S2,0.0,True
OPF-20260725-161801,2026-04-24,20260424-1500-BULL-OBS-001308-Z001308-OC,ObservationConfirm_WideStop1_5R,Long,Primary,2026-04-24 15:05:00,23.5,25.0,Accepted,,2026-04-24 15:40:00,TP,423.0,419.4,141.0,True,20260424-1500-BULL-OBS-001308-Z001308-OC|ObservationConfirm_WideStop1_5R|Primary,TP,439.0,20260424-1505-Long-1309,-16.0,True
OPF-20260725-161801,2026-04-24,20260424-1700-BULL-OBS-001332-Z001332-OC,ObservationConfirm_WideStop1_5R,Long,Primary,2026-04-24 17:05:00,6.75,22.0,Accepted,,2026-04-24 17:10:00,SL,-40.5,-44.1,40.5,True,20260424-1700-BULL-OBS-001332-Z001332-OC|ObservationConfirm_WideStop1_5R|Primary,SL,-33.0,20260424-1705-Long-1333,-7.5,True
OPF-20260725-161801,2026-04-24,20260424-1720-BEAR-OBS-001336-Z001336-OC,ObservationConfirm,Short,Primary,2026-04-24 17:25:00,19.0,18.0,Accepted,,2026-04-24 17:35:00,SL,-114.0,-117.6,114.0,True,20260424-1720-BEAR-OBS-001336-Z001336-OC|ObservationConfirm|Primary,SL,-114.0,20260424-1725-Short-1337,0.0,True
OPF-20260725-161801,2026-04-24,20260424-1800-BULL-OBS-001344-Z001343-FR,FailureReverse_ObservationInvalidated_WideStop1_5R,Short,Primary,2026-04-24 18:05:00,10.5,25.0,Accepted,,2026-04-24 19:05:00,SL,-63.0,-66.6,63.0,True,20260424-1800-BULL-OBS-001344-Z001343-FR|FailureReverse_ObservationInvalidated_WideStop1_5R|Primary,SL,-63.0,20260424-1805-Short-1345,0.0,True
OPF-20260725-161801,2026-04-24,20260424-1755-BULL-OBS-001343-Z001343-FR,FailureReverse_ObservationInvalidated_WideStop1_5R,Short,Secondary,2026-04-24 18:05:00,10.5,25.0,Accepted,,2026-04-24 19:05:00,SL,-63.0,-66.6,63.0,True,20260424-1755-BULL-OBS-001343-Z001343-FR|FailureReverse_ObservationInvalidated_WideStop1_5R|Secondary,SL,-63.0,20260424-1805-Short-1345-S2,0.0,True
OPF-20260725-161801,2026-04-24,20260424-2000-BULL-OBS-001368-Z001367-FR-RT,FailureReverse_RetestFailed,Short,Primary,2026-04-24 20:25:00,10.5,11.0,Accepted,,2026-04-24 20:30:00,SL,-63.0,-66.6,63.0,False,20260424-2000-BULL-OBS-001368-Z001367-FR-RT|FailureReverse_RetestFailed|Primary,SL,-63.0,20260424-2025-Short-1373,0.0,True
OPF-20260725-162011,2026-05-05,20260504-2235-BEAR-OBS-001111-Z001111-OC,ObservationConfirm,Short,Primary,2026-05-04 22:40:00,13.25,20.0,Accepted,,2026-05-04 22:50:00,TP,119.25,115.65,79.5,True,20260504-2235-BEAR-OBS-001111-Z001111-OC|ObservationConfirm|Primary,TP,119.5,20260504-2240-Short-1112,-0.25,True
OPF-20260725-162011,2026-05-05,20260504-2255-BEAR-OBS-001115-Z001115-OC,ObservationConfirm,Short,Primary,2026-05-04 23:00:00,9.25,18.0,Accepted,,2026-05-04 23:10:00,SL,-55.5,-59.1,55.5,True,20260504-2255-BEAR-OBS-001115-Z001115-OC|ObservationConfirm|Primary,SL,-64.5,20260504-2300-Short-1116,9.0,True
OPF-20260725-162011,2026-05-05,20260505-0020-BEAR-OBS-001132-Z001132-OC,ObservationConfirm,Short,Primary,2026-05-05 00:25:00,19.25,20.0,Accepted,,2026-05-05 00:35:00,SL,-115.5,-119.1,115.5,True,20260505-0020-BEAR-OBS-001132-Z001132-OC|ObservationConfirm|Primary,SL,-126.0,20260505-0025-Short-1133,10.5,True
OPF-20260725-162011,2026-05-05,20260505-0100-BULL-OBS-001140-Z001139-OC,ObservationConfirm,Long,Primary,2026-05-05 01:05:00,11.083333333333332,12.0,Accepted,,2026-05-05 01:35:00,TP,266.0,262.4,66.5,True,20260505-0100-BULL-OBS-001140-Z001139-OC|ObservationConfirm|Primary,TP,269.5,20260505-0105-Long-1141,-3.5,True
OPF-20260725-162011,2026-05-05,20260505-0055-BULL-OBS-001139-Z001139-OC,ObservationConfirm,Long,Secondary,2026-05-05 01:05:00,11.5,12.0,Accepted,,2026-05-05 01:35:00,TP,276.0,272.4,69.0,True,20260505-0055-BULL-OBS-001139-Z001139-OC|ObservationConfirm|Secondary,TP,276.0,20260505-0105-Long-1141-S2,0.0,True
OPF-20260725-162011,2026-05-05,20260505-0310-BULL-OBS-001166-Z001166-OC,ObservationConfirm_WideStop1_5R,Long,Primary,2026-05-05 03:15:00,18.333333333333332,22.0,Accepted,,2026-05-05 04:10:00,TIME_STOP,83.5,79.9,110.0,True,20260505-0310-BULL-OBS-001166-Z001166-OC|ObservationConfirm_WideStop1_5R|Primary,TIME_STOP,82.0,20260505-0315-Long-1167,1.5,True
OPF-20260725-162011,2026-05-05,20260505-0330-BULL-OBS-001170-Z001170-OC,ObservationConfirm_WideStop1_5R,Long,Secondary,2026-05-05 03:35:00,11.25,18.0,Accepted,,2026-05-05 04:30:00,TIME_STOP,-30.0,-33.6,67.5,True,20260505-0330-BULL-OBS-001170-Z001170-OC|ObservationConfirm_WideStop1_5R|Secondary,TIME_STOP,-30.0,20260505-0335-Long-1171-S2,0.0,True
OPF-20260725-162011,2026-05-05,20260505-0500-BEAR-OBS-001188-Z001188-OC,ObservationConfirm,Short,Primary,2026-05-05 05:05:00,10.5,18.0,Accepted,,2026-05-05 05:15:00,SL,-63.0,-66.6,63.0,True,20260505-0500-BEAR-OBS-001188-Z001188-OC|ObservationConfirm|Primary,SL,-63.0,20260505-0505-Short-1189,0.0,True
OPF-20260725-162011,2026-05-05,20260505-0620-BULL-OBS-001204-Z001165-OC,ObservationConfirm_WideStop1_5R,Long,Primary,2026-05-05 06:25:00,18.75,22.0,Accepted,,2026-05-05 06:55:00,TP,337.5,333.9,112.5,True,20260505-0620-BULL-OBS-001204-Z001165-OC|ObservationConfirm_WideStop1_5R|Primary,TP,333.0,20260505-0625-Long-1205,4.5,True
OPF-20260725-162011,2026-05-05,20260505-0640-BULL-OBS-001208-Z001208-OC,ObservationConfirm,Long,Secondary,2026-05-05 06:45:00,11.916666666666666,12.0,Accepted,,2026-05-05 07:35:00,TP,286.0,282.4,71.5,True,20260505-0640-BULL-OBS-001208-Z001208-OC|ObservationConfirm|Secondary,TP,281.5,20260505-0645-Long-1209-S2,4.5,True
OPF-20260725-162011,2026-05-05,20260505-0700-BULL-OBS-001212-Z001211-OC-STR,ObservationStrict_Other,Long,Secondary,2026-05-05 07:05:00,23.75,25.0,Accepted,,2026-05-05 08:00:00,TIME_STOP,55.5,51.9,142.5,True,20260505-0700-BULL-OBS-001212-Z001211-OC-STR|ObservationStrict_Other|Secondary,TIME_STOP,54.0,20260505-0705-Long-1213-S2,1.5,True
OPF-20260725-162011,2026-05-05,20260505-0815-BULL-OBS-001227-Z001227-OC,ObservationConfirm_WideStop1_5R,Long,Primary,2026-05-05 08:20:00,19.75,22.0,Accepted,,2026-05-05 09:15:00,TIME_STOP,-15.0,-18.6,118.5,True,20260505-0815-BULL-OBS-001227-Z001227-OC|ObservationConfirm_WideStop1_5R|Primary,TIME_STOP,-14.0,20260505-0820-Long-1228,-1.0,True
OPF-20260725-162011,2026-05-05,20260505-1305-BULL-OBS-001285-Z001285-OC,ObservationConfirm,Long,Primary,2026-05-05 13:10:00,8.75,12.0,Accepted,,2026-05-05 13:15:00,SL,-52.5,-56.1,52.5,True,20260505-1305-BULL-OBS-001285-Z001285-OC|ObservationConfirm|Primary,SL,-52.5,20260505-1310-Long-1286,0.0,True
OPF-20260725-162011,2026-05-05,20260505-1650-BULL-OBS-001330-Z001330-OC,ObservationConfirm_WideStop1_5R,Long,Primary,2026-05-05 16:55:00,23.833333333333332,25.0,Accepted,,2026-05-05 17:50:00,TIME_STOP,217.0,213.4,143.0,True,20260505-1650-BULL-OBS-001330-Z001330-OC|ObservationConfirm_WideStop1_5R|Primary,TIME_STOP,216.0,20260505-1655-Long-1331,1.0,True
OPF-20260725-162011,2026-05-05,20260505-1705-BULL-PB-001333-Z001330,AlmostConfirmed,Long,Secondary,2026-05-05 17:05:00,6.75,25.0,Accepted,,2026-05-05 17:10:00,SL,-40.5,-44.1,40.5,True,20260505-1705-BULL-PB-001333-Z001330|AlmostConfirmed|Secondary,SL,-41.0,20260505-1705-Long-1333-S2,0.5,True
OPF-20260725-162011,2026-05-05,20260505-1800-BULL-OBS-001344-Z001343-OC-STR,ObservationStrict_Other,Long,Primary,2026-05-05 18:05:00,16.75,25.0,Accepted,,2026-05-05 18:50:00,SL,-100.5,-104.1,100.5,True,20260505-1800-BULL-OBS-001344-Z001343-OC-STR|ObservationStrict_Other|Primary,SL,-100.5,20260505-1805-Long-1345,0.0,True
